timestamp,rule,action,gate_kw,ess1_kw,ess2_kw,pv_current_kw,pv_target_kw,temp_c,cloud,soc,applied
2026-08-16 09:09:52,rule3-charge,"ESS below 30 kW, raise PV to charge until 95%",-202.8,8.7,18.8,100.0,105.0,33.6,28,69.8,yes
2026-08-16 09:10:13,rule3-charge,"ESS below 30 kW, raise PV to charge until 95%",-212.6,-11.0,-11.1,105.0,110.0,33.6,28,69.8,yes
2026-08-16 09:10:44,rule3-charge,"ESS below 30 kW, raise PV to charge until 95%",-204.0,-36.4,-37.7,110.0,115.0,33.6,28,69.8,yes
2026-08-16 09:11:14,rule3-charge,"ESS below 30 kW, raise PV to charge until 95%",-233.8,-46.6,-42.3,115.0,120.0,33.6,28,69.8,yes
2026-08-16 09:11:44,rule3-charge,"ESS below 30 kW, raise PV to charge until 95%",-224.0,-40.3,-39.9,120.0,125.0,33.6,28,69.8,yes
2026-08-16 09:12:14,rule3-charge,"ESS below 30 kW, raise PV to charge until 95%",-209.0,-32.7,-30.6,125.0,130.0,33.6,28,69.8,yes
2026-08-16 09:12:24,rule3-charge,"ESS below 30 kW, raise PV to charge until 95%",-211.8,-33.9,-30.2,130.0,135.0,33.6,28,69.8,yes
2026-08-16 09:12:34,rule3-charge,"ESS below 30 kW, raise PV to charge until 95%",-208.0,-30.8,-27.3,135.0,140.0,33.6,28,69.8,yes
2026-08-16 09:12:44,rule3-charge,"ESS below 30 kW, raise PV to charge until 95%",-210.0,-30.1,-23.9,140.0,145.0,33.6,28,69.4,yes
2026-08-16 09:12:54,rule3-charge,"ESS below 30 kW, raise PV to charge until 95%",-211.6,-23.4,-20.0,145.0,150.0,33.6,28,69.4,yes
2026-08-16 09:13:05,rule3-charge,"ESS below 30 kW, raise PV to charge until 95%",-211.0,-17.7,-17.0,150.0,155.0,33.6,28,69.4,yes
2026-08-16 09:13:15,rule3-charge,"ESS below 30 kW, raise PV to charge until 95%",-205.6,-15.8,-13.8,155.0,165.0,33.6,28,69.4,yes
2026-08-16 09:13:16,rule3-charge,"ESS below 30 kW, raise PV to charge until 95%",-205.6,-15.8,-13.8,165.0,175.0,33.6,28,69.4,yes
2026-08-16 09:13:17,rule3-charge,"ESS below 30 kW, raise PV to charge until 95%",-207.0,-17.2,-12.2,175.0,185.0,33.6,28,69.4,yes
2026-08-16 09:13:18,rule3-charge,"ESS below 30 kW, raise PV to charge until 95%",-207.0,-17.2,-12.2,185.0,195.0,33.6,28,69.4,yes
2026-08-16 09:13:20,rule3-charge,"gate stable, stop raising",-206.6,-17.2,-12.2,195.0,195.0,33.6,28,69.4,no
2026-08-16 09:13:21,rule3-charge,"gate stable, stop raising",-206.2,-13.0,-9.4,195.0,195.0,33.6,28,69.4,no
2026-08-16 09:13:22,rule3-charge,"gate stable, stop raising",-206.2,-13.0,-9.4,195.0,195.0,33.6,28,69.4,no
2026-08-16 09:13:23,rule3-charge,"gate stable, stop raising",-206.4,-13.0,-5.4,195.0,195.0,33.6,28,69.4,no
2026-08-16 09:13:24,rule3-charge,"gate stable, stop raising",-206.4,-13.0,-5.4,195.0,195.0,33.6,28,69.4,no
2026-08-16 09:13:25,rule3-charge,"ESS below 30 kW, raise PV to charge until 95%",-208.2,-3.3,-5.4,195.0,205.0,33.6,28,69.4,yes
2026-08-16 09:13:26,rule3-charge,"ESS below 30 kW, raise PV to charge until 95%",-208.2,-3.3,-5.4,205.0,215.0,33.6,28,69.4,yes
2026-08-16 09:13:27,rule3-charge,"ESS below 30 kW, raise PV to charge until 95%",-211.6,-4.9,2.8,215.0,225.0,33.6,28,69.4,yes
2026-08-16 09:13:29,rule3-charge,"ESS below 30 kW, raise PV to charge until 95%",-211.6,-4.9,2.8,225.0,235.0,33.6,28,69.4,yes
2026-08-16 09:13:30,rule3-charge,"ESS below 30 kW, raise PV to charge until 95%",-206.2,-3.1,-2.1,235.0,245.0,33.6,28,69.4,yes
2026-08-16 09:13:31,rule3-charge,"ESS below 30 kW, raise PV to charge until 95%",-206.2,-3.1,-2.1,245.0,250.0,33.6,28,69.4,yes
2026-08-16 09:13:32,rule3-charge,"ESS below 30 kW, raise PV to charge until 95%",-210.2,-3.1,-2.1,250.0,250.0,33.6,28,69.4,no
2026-08-16 09:13:33,rule3-charge,"ESS below 30 kW, raise PV to charge until 95%",-210.2,-3.1,-2.1,250.0,250.0,33.6,28,69.4,no
2026-08-16 09:13:34,rule3-charge,"gate stable, stop raising",-209.4,-0.1,13.0,250.0,250.0,33.6,28,69.4,no
2026-08-16 09:13:35,rule3-charge,"gate stable, stop raising",-210.4,10.9,15.4,250.0,250.0,33.6,28,69.4,no
2026-08-16 09:13:36,rule3-charge,"gate stable, stop raising",-210.4,10.9,15.4,250.0,250.0,33.6,28,69.4,no
2026-08-16 09:13:37,rule3-charge,"gate stable, stop raising",-210.4,10.9,15.4,250.0,250.0,33.6,28,69.4,no
2026-08-16 09:13:38,rule3-charge,"ESS below 30 kW, raise PV to charge until 95%",-215.2,10.9,15.4,250.0,250.0,33.6,28,69.4,no
2026-08-16 09:13:39,rule3-charge,"ESS below 30 kW, raise PV to charge until 95%",-222.6,19.4,23.6,250.0,250.0,33.6,28,69.4,no
2026-08-16 09:13:40,rule3-charge,"ESS below 30 kW, raise PV to charge until 95%",-222.6,19.4,23.6,250.0,250.0,33.6,28,69.4,no
2026-08-16 09:13:41,rule3-charge,"gate stable, stop raising",-223.6,10.4,18.6,250.0,250.0,33.6,28,69.4,no
2026-08-16 09:13:42,rule3-charge,"gate stable, stop raising",-223.6,10.4,18.6,250.0,250.0,33.6,28,69.4,no
2026-08-16 09:13:43,rule3-charge,"gate stable, stop raising",-222.8,10.4,18.6,250.0,250.0,33.6,28,69.4,no
2026-08-16 09:13:44,rule3-charge,"gate stable, stop raising",-222.8,10.4,18.6,250.0,250.0,33.6,28,69.4,no
2026-08-16 09:13:45,rule3-charge,"ESS below 30 kW, raise PV to charge until 95%",-225.2,17.5,22.2,250.0,250.0,33.6,28,69.4,no
2026-08-16 09:13:46,rule3-charge,"ESS below 30 kW, raise PV to charge until 95%",-225.2,17.5,22.2,250.0,250.0,33.6,28,69.4,no
2026-08-16 09:13:47,rule3-charge,"ESS below 30 kW, raise PV to charge until 95%",-220.8,9.9,24.7,250.0,250.0,33.6,28,69.4,no
2026-08-16 09:13:48,rule3-charge,"ESS below 30 kW, raise PV to charge until 95%",-220.8,9.9,24.7,250.0,250.0,33.6,28,69.4,no
2026-08-16 09:13:50,rule3-charge,"ESS below 30 kW, raise PV to charge until 95%",-224.0,9.9,24.7,250.0,250.0,33.6,28,69.4,no
2026-08-16 09:13:51,rule3-charge,"ESS below 30 kW, raise PV to charge until 95%",-224.0,9.9,24.7,250.0,250.0,33.6,28,69.4,no
2026-08-16 09:13:52,rule3-charge,"gate stable, stop raising",-223.4,18.7,24.6,250.0,250.0,33.6,28,69.4,no
2026-08-16 09:13:53,rule3-charge,"gate stable, stop raising",-223.4,18.7,24.6,250.0,250.0,33.6,28,69.4,no
2026-08-16 09:13:54,rule3-charge,"ESS below 30 kW, raise PV to charge until 95%",-217.6,21.0,24.9,250.0,250.0,33.6,28,69.4,no
2026-08-16 09:13:55,rule3-charge,"ESS below 30 kW, raise PV to charge until 95%",-217.6,21.0,24.9,250.0,250.0,33.6,28,69.4,no
2026-08-16 09:13:56,rule3-charge,"ESS below 30 kW, raise PV to charge until 95%",-219.6,21.0,24.9,250.0,250.0,33.6,28,69.4,no
2026-08-16 09:13:57,rule3-charge,"ESS below 30 kW, raise PV to charge until 95%",-219.6,21.0,24.9,250.0,250.0,33.6,28,69.4,no
2026-08-16 09:13:58,rule3-charge,"ESS below 30 kW, raise PV to charge until 95%",-213.2,23.2,17.5,250.0,250.0,33.6,28,69.4,no
2026-08-16 09:13:59,rule3-charge,"ESS below 30 kW, raise PV to charge until 95%",-213.2,23.2,17.5,250.0,250.0,33.6,28,69.4,no
2026-08-16 09:14:00,rule3-charge,"ESS below 30 kW, raise PV to charge until 95%",-217.4,25.8,25.2,250.0,250.0,33.6,28,69.4,no
2026-08-16 09:14:01,rule3-charge,"ESS below 30 kW, raise PV to charge until 95%",-217.4,25.8,25.2,250.0,250.0,33.6,28,69.4,no
2026-08-16 09:14:03,rule3-charge,"ESS below 30 kW, raise PV to charge until 95%",-215.6,25.8,25.2,250.0,250.0,33.6,28,69.4,no
2026-08-16 09:14:04,rule3-charge,"ESS below 30 kW, raise PV to charge until 95%",-215.6,25.8,25.2,250.0,250.0,33.6,28,69.4,no
2026-08-16 09:14:05,rule3-charge,"ESS below 30 kW, raise PV to charge until 95%",-214.0,21.8,22.8,250.0,250.0,33.6,28,69.4,no
2026-08-16 09:14:06,rule3-charge,"ESS below 30 kW, raise PV to charge until 95%",-214.0,21.8,22.8,250.0,250.0,33.6,28,69.4,no
2026-08-16 09:14:07,rule3-charge,"ESS below 30 kW, raise PV to charge until 95%",-217.0,21.8,24.4,250.0,250.0,33.6,28,69.4,no
2026-08-16 09:14:08,rule3-charge,"ESS below 30 kW, raise PV to charge until 95%",-217.0,21.8,24.4,250.0,250.0,33.6,28,69.4,no
2026-08-16 09:14:09,rule3-charge,"ESS below 30 kW, raise PV to charge until 95%",-220.8,24.0,24.4,250.0,250.0,33.6,28,69.4,no
2026-08-16 09:14:10,rule3-charge,"ESS below 30 kW, raise PV to charge until 95%",-220.8,24.0,24.4,250.0,250.0,33.6,28,69.4,no
2026-08-16 09:14:11,rule3-charge,"gate stable, stop raising",-221.6,21.3,26.3,250.0,250.0,33.6,28,69.4,no
2026-08-16 09:14:21,rule3-charge,"ESS below 30 kW, raise PV to charge until 95%",-223.0,21.2,21.4,250.0,260.0,33.6,28,69.4,yes
2026-08-16 09:14:31,rule3-charge,"ESS below 30 kW, raise PV to charge until 95%",-224.0,25.0,20.2,260.0,270.0,33.6,28,69.4,yes
2026-08-16 09:14:41,rule3-charge,"ESS below 30 kW, raise PV to charge until 95%",-230.2,28.6,24.0,270.0,280.0,33.6,28,69.4,yes
2026-08-16 09:14:51,rule3-charge,"ESS below 30 kW, raise PV to charge until 95%",-216.8,23.6,23.8,280.0,290.0,33.6,28,69.4,yes
2026-08-16 09:15:02,rule3-charge,"ESS reached 30 kW, stop increasing",-218.6,30.7,29.1,290.0,290.0,33.6,28,69.4,no
2026-08-16 09:15:12,rule3-charge,"ESS reached 30 kW, holding until SOC 95",-207.2,28.3,32.9,290.0,290.0,33.6,28,69.4,no
2026-08-16 09:15:22,rule3-charge,"ESS reached 30 kW, holding until SOC 95",-213.4,31.2,31.4,290.0,290.0,33.6,28,69.4,no
2026-08-16 09:15:32,rule3-charge,"ESS reached 30 kW, holding until SOC 95",-212.6,26.8,27.0,290.0,290.0,33.6,28,69.4,no
2026-08-16 09:15:42,rule3-charge,"ESS reached 30 kW, holding until SOC 95",-213.6,27.6,26.7,290.0,290.0,33.6,28,69.4,no
2026-08-16 09:15:52,rule3-charge,"ESS reached 30 kW, holding until SOC 95",-213.0,22.4,21.5,290.0,290.0,33.6,28,69.4,no
2026-08-16 09:16:02,rule3-charge,"ESS reached 30 kW, holding until SOC 95",-209.2,22.2,26.2,290.0,290.0,33.6,28,69.4,no
2026-08-16 09:16:12,rule3-charge,"ESS reached 30 kW, holding until SOC 95",-218.0,21.9,27.0,290.0,290.0,33.6,28,69.4,no
2026-08-16 09:16:22,rule3-charge,"ESS reached 30 kW, holding until SOC 95",-225.8,28.0,26.9,290.0,290.0,33.6,28,69.4,no
2026-08-16 09:16:33,rule3-charge,"ESS reached 30 kW, holding until SOC 95",-218.6,24.7,13.1,290.0,290.0,33.6,28,69.4,no
2026-08-16 09:16:43,rule3-charge,"ESS reached 30 kW, holding until SOC 95",-217.8,24.7,23.0,290.0,290.0,33.6,28,69.4,no
2026-08-16 09:16:53,rule3-charge,"ESS reached 30 kW, holding until SOC 95",-219.0,27.1,21.3,290.0,290.0,33.6,28,69.4,no
2026-08-16 09:17:04,rule3-charge,"ESS reached 30 kW, holding until SOC 95",-223.8,24.8,26.1,290.0,290.0,33.6,28,69.8,no
2026-08-16 09:17:14,rule3-charge,"ESS reached 30 kW, holding until SOC 95",-227.4,25.4,29.8,290.0,290.0,33.6,28,69.8,no
2026-08-16 09:17:24,rule3-charge,"ESS reached 30 kW, holding until SOC 95",-217.2,23.2,31.2,290.0,290.0,33.6,28,69.8,no
2026-08-16 09:17:34,rule3-charge,"ESS reached 30 kW, holding until SOC 95",-223.6,18.6,23.3,290.0,290.0,33.6,28,69.8,no
2026-08-16 09:17:44,rule3-charge,"ESS reached 30 kW, holding until SOC 95",-227.2,23.4,25.4,290.0,290.0,33.6,28,69.8,no
2026-08-16 09:17:54,rule3-charge,"ESS reached 30 kW, holding until SOC 95",-223.0,24.9,20.3,290.0,290.0,33.6,28,69.8,no
2026-08-16 09:18:04,rule3-charge,"ESS reached 30 kW, holding until SOC 95",-212.6,17.2,15.3,290.0,290.0,33.6,28,69.8,no
2026-08-16 09:18:14,rule3-charge,"ESS reached 30 kW, holding until SOC 95",-209.2,18.4,22.4,290.0,290.0,33.6,28,69.8,no
2026-08-16 09:18:24,rule3-charge,"ESS reached 30 kW, holding until SOC 95",-210.6,25.3,18.4,290.0,290.0,33.6,28,69.8,no
2026-08-16 09:18:35,rule3-charge,"ESS reached 30 kW, holding until SOC 95",-221.4,14.4,18.6,290.0,290.0,33.6,28,69.8,no
2026-08-16 09:18:45,rule3-charge,"ESS reached 30 kW, holding until SOC 95",-212.2,24.1,18.4,290.0,290.0,33.6,28,69.8,no
2026-08-16 09:18:55,rule3-charge,"ESS reached 30 kW, holding until SOC 95",-217.4,18.7,12.3,290.0,290.0,33.6,28,69.8,no
2026-08-16 09:19:06,rule3-charge,"ESS reached 30 kW, holding until SOC 95",-219.2,21.1,19.7,290.0,290.0,33.6,28,69.8,no
2026-08-16 09:19:16,rule3-charge,"ESS reached 30 kW, holding until SOC 95",-215.6,28.4,23.8,290.0,290.0,33.6,28,69.8,no
2026-08-16 09:19:26,rule3-charge,"ESS reached 30 kW, holding until SOC 95",-209.2,29.4,32.6,290.0,290.0,33.6,28,69.8,no
2026-08-16 09:19:36,rule3-charge,"ESS reached 30 kW, holding until SOC 95",-200.2,31.5,32.2,290.0,290.0,33.6,28,70.2,no
2026-08-16 09:19:46,rule3-charge,"ESS reached 30 kW, holding until SOC 95",-207.8,33.7,32.3,290.0,290.0,33.6,28,70.2,no
2026-08-16 09:19:56,rule3-charge,"ESS reached 30 kW, holding until SOC 95",-205.2,32.1,25.1,290.0,290.0,34.1,49,70.2,no
2026-08-16 09:20:07,rule3-charge,"ESS reached 30 kW, holding until SOC 95",-207.0,26.5,31.3,290.0,290.0,34.1,49,70.2,no
2026-08-16 09:20:17,rule3-charge,"ESS reached 30 kW, holding until SOC 95",-203.0,28.3,28.4,290.0,290.0,34.1,49,70.2,no
2026-08-16 09:20:27,rule3-charge,"ESS reached 30 kW, holding until SOC 95",-209.2,32.8,28.2,290.0,290.0,34.1,49,70.2,no
2026-08-16 09:20:37,rule3-charge,"ESS reached 30 kW, holding until SOC 95",-199.8,31.2,38.6,290.0,290.0,34.1,49,70.2,no
2026-08-16 09:20:47,rule3-charge,"ESS reached 30 kW, holding until SOC 95",-209.6,45.1,45.4,290.0,290.0,34.1,49,70.2,no
2026-08-16 09:20:57,rule3-charge,"ESS reached 30 kW, holding until SOC 95",-209.2,43.9,43.4,290.0,290.0,34.1,49,70.2,no
2026-08-16 09:21:07,rule3-charge,"ESS reached 30 kW, holding until SOC 95",-208.0,44.5,45.4,290.0,290.0,34.1,49,70.6,no
2026-08-16 09:21:17,rule3-charge,"ESS reached 30 kW, holding until SOC 95",-208.8,44.7,44.6,290.0,290.0,34.1,49,70.6,no
2026-08-16 09:21:27,rule3-charge,"ESS reached 30 kW, holding until SOC 95",-208.6,45.5,45.5,290.0,290.0,34.1,49,70.6,no
2026-08-16 09:21:38,rule3-charge,"ESS reached 30 kW, holding until SOC 95",-211.4,32.9,26.5,290.0,290.0,34.1,49,70.6,no
2026-08-16 09:21:48,rule3-charge,"ESS reached 30 kW, holding until SOC 95",-208.4,16.9,26.1,290.0,290.0,34.1,49,70.6,no
2026-08-16 09:21:58,rule3-charge,"ESS reached 30 kW, holding until SOC 95",-227.2,35.2,29.0,290.0,290.0,34.1,49,70.6,no
2026-08-16 09:22:08,rule3-charge,"ESS reached 30 kW, holding until SOC 95",-219.0,18.4,26.3,290.0,290.0,34.1,49,70.6,no
2026-08-16 09:22:19,rule3-charge,"ESS reached 30 kW, holding until SOC 95",-224.4,28.8,29.9,290.0,290.0,34.1,49,70.6,no
2026-08-16 09:22:29,rule3-charge,"ESS reached 30 kW, holding until SOC 95",-221.2,15.2,16.0,290.0,290.0,34.1,49,70.6,no
2026-08-16 09:22:39,rule3-charge,"ESS reached 30 kW, holding until SOC 95",-225.4,26.2,24.7,290.0,290.0,34.1,49,70.6,no
2026-08-16 09:22:49,rule3-charge,"ESS reached 30 kW, holding until SOC 95",-206.0,34.8,29.7,290.0,290.0,34.1,49,70.6,no
2026-08-16 09:22:59,rule3-charge,"ESS reached 30 kW, holding until SOC 95",-215.4,38.6,38.0,290.0,290.0,34.1,49,70.6,no
2026-08-16 09:23:09,rule3-charge,"ESS reached 30 kW, holding until SOC 95",-214.6,42.4,42.0,290.0,290.0,34.1,49,71.0,no
2026-08-16 09:23:19,rule3-charge,"ESS reached 30 kW, holding until SOC 95",-210.4,45.4,44.9,290.0,290.0,34.1,49,71.0,no
2026-08-16 09:23:29,rule3-charge,"ESS reached 30 kW, holding until SOC 95",-212.4,44.6,44.2,290.0,290.0,34.1,49,71.0,no
2026-08-16 09:23:40,rule3-charge,"ESS reached 30 kW, holding until SOC 95",-215.4,44.2,45.4,290.0,290.0,34.1,49,71.0,no
2026-08-16 09:23:50,rule3-charge,"ESS reached 30 kW, holding until SOC 95",-215.8,43.4,43.7,290.0,290.0,34.1,49,71.0,no
2026-08-16 09:24:00,rule3-charge,"ESS reached 30 kW, holding until SOC 95",-209.6,44.0,44.9,290.0,290.0,34.1,49,71.0,no
2026-08-16 09:24:10,rule3-charge,"ESS reached 30 kW, holding until SOC 95",-214.4,43.8,44.6,290.0,290.0,34.1,49,71.3,no
2026-08-16 09:24:20,rule3-charge,"ESS reached 30 kW, holding until SOC 95",-212.8,44.7,45.9,290.0,290.0,34.1,49,71.3,no
2026-08-16 09:24:30,rule3-charge,"ESS reached 30 kW, holding until SOC 95",-213.4,45.7,46.9,290.0,290.0,34.1,49,71.3,no
2026-08-16 09:24:41,rule3-charge,"ESS reached 30 kW, holding until SOC 95",-215.8,45.6,45.2,290.0,290.0,34.1,49,71.3,no
2026-08-16 09:24:51,rule3-charge,"charging until 95%, waiting for ESS data",-214.8,47.1,,290.0,290.0,34.1,49,71.3,no
2026-08-16 09:25:01,rule3-charge,"charging until 95%, waiting for ESS data",-210.8,44.6,,290.0,290.0,34.1,49,71.3,no
2026-08-16 09:25:11,rule3-charge,"ESS reached 30 kW, holding until SOC 95",-215.8,48.0,47.7,290.0,290.0,34.1,49,71.3,no
2026-08-16 09:25:21,rule3-charge,"ESS reached 30 kW, holding until SOC 95",-216.2,45.7,45.0,290.0,290.0,34.1,49,71.3,no
2026-08-16 09:25:31,rule3-charge,"ESS reached 30 kW, holding until SOC 95",-212.2,46.7,46.7,290.0,290.0,34.1,49,71.3,no
2026-08-16 09:25:42,rule3-charge,"ESS reached 30 kW, holding until SOC 95",-209.6,47.8,47.8,290.0,290.0,34.1,49,71.7,no
2026-08-16 09:25:52,rule3-charge,"ESS reached 30 kW, holding until SOC 95",-211.0,48.3,49.1,290.0,290.0,34.1,49,71.7,no
2026-08-16 09:26:02,rule3-charge,"ESS reached 30 kW, holding until SOC 95",-211.8,46.8,46.9,290.0,290.0,34.1,49,71.7,no
2026-08-16 09:26:12,rule3-charge,"ESS reached 30 kW, holding until SOC 95",-206.4,47.8,47.9,290.0,290.0,34.1,49,71.7,no
2026-08-16 09:26:22,rule3-charge,"ESS reached 30 kW, holding until SOC 95",-210.6,47.4,47.4,290.0,290.0,34.1,49,71.7,no
2026-08-16 09:26:32,rule3-charge,"ESS reached 30 kW, holding until SOC 95",-211.6,46.4,47.3,290.0,290.0,34.1,49,71.7,no
2026-08-16 09:26:43,rule3-charge,"ESS reached 30 kW, holding until SOC 95",-213.8,47.1,47.2,290.0,290.0,34.1,49,72.1,no
2026-08-16 09:26:53,rule3-charge,"ESS reached 30 kW, holding until SOC 95",-215.4,45.5,45.4,290.0,290.0,34.1,49,72.1,no
2026-08-16 09:27:03,rule3-charge,"ESS reached 30 kW, holding until SOC 95",-217.8,45.8,46.0,290.0,290.0,34.1,49,72.1,no
2026-08-16 09:27:13,rule3-charge,"ESS reached 30 kW, holding until SOC 95",-215.2,45.3,45.2,290.0,290.0,34.1,49,72.1,no
2026-08-16 09:27:23,rule3-charge,"ESS reached 30 kW, holding until SOC 95",-212.8,49.2,49.2,290.0,290.0,34.1,49,72.1,no
2026-08-16 09:27:33,rule3-charge,"ESS reached 30 kW, holding until SOC 95",-235.8,38.8,38.7,290.0,290.0,34.1,49,72.1,no
2026-08-16 09:27:44,rule3-charge,"ESS reached 30 kW, holding until SOC 95",-234.6,30.2,30.2,290.0,290.0,34.1,49,72.5,no
2026-08-16 09:27:54,rule3-charge,"ESS reached 30 kW, holding until SOC 95",-233.0,29.4,29.1,290.0,290.0,34.1,49,72.5,no
2026-08-16 09:28:04,rule3-charge,"ESS reached 30 kW, holding until SOC 95",-236.8,21.5,24.4,290.0,290.0,34.1,49,72.5,no
2026-08-16 09:28:14,rule3-charge,"ESS reached 30 kW, holding until SOC 95",-231.4,27.6,31.1,290.0,290.0,34.1,49,72.5,no
2026-08-16 09:28:24,rule3-charge,"ESS reached 30 kW, holding until SOC 95",-229.6,19.0,19.4,290.0,290.0,34.1,49,72.5,no
2026-08-16 09:28:34,rule3-charge,"ESS reached 30 kW, holding until SOC 95",-231.6,25.2,27.5,290.0,290.0,34.1,49,72.5,no
2026-08-16 09:28:45,rule3-charge,"ESS reached 30 kW, holding until SOC 95",-214.8,27.1,29.7,290.0,290.0,34.1,49,72.5,no
2026-08-16 09:28:55,rule3-charge,"ESS reached 30 kW, holding until SOC 95",-214.8,20.8,20.4,290.0,290.0,34.1,49,72.5,no
2026-08-16 09:29:05,rule3-charge,"ESS reached 30 kW, holding until SOC 95",-216.4,33.1,34.2,290.0,290.0,34.1,49,72.5,no
2026-08-16 09:29:15,rule3-charge,"ESS reached 30 kW, holding until SOC 95",-220.0,27.3,29.6,290.0,290.0,34.1,49,72.5,no
2026-08-16 09:29:25,rule3-charge,"ESS reached 30 kW, holding until SOC 95",-216.8,30.5,29.5,290.0,290.0,34.1,49,72.5,no
2026-08-16 09:29:35,rule3-charge,"ESS reached 30 kW, holding until SOC 95",-211.4,40.3,40.8,290.0,290.0,34.1,49,72.9,no
2026-08-16 09:29:45,rule3-charge,"ESS reached 30 kW, holding until SOC 95",-213.2,43.8,44.5,290.0,290.0,34.1,49,72.9,no
2026-08-16 09:29:56,rule3-charge,"ESS reached 30 kW, holding until SOC 95",-216.2,31.7,32.2,290.0,290.0,34.1,49,72.9,no
2026-08-16 09:30:06,rule3-charge,"ESS reached 30 kW, holding until SOC 95",-224.8,41.6,42.5,290.0,290.0,34.6,43,72.9,no
2026-08-16 09:30:17,rule3-charge,"ESS reached 30 kW, holding until SOC 95",-217.8,45.1,44.7,290.0,290.0,34.6,43,72.9,no
2026-08-16 09:30:27,rule3-charge,"ESS reached 30 kW, holding until SOC 95",-218.0,45.5,45.1,290.0,290.0,34.6,43,72.9,no
2026-08-16 09:30:37,rule3-charge,"ESS reached 30 kW, holding until SOC 95",-216.2,45.6,46.1,290.0,290.0,34.6,43,72.9,no
2026-08-16 09:30:47,rule3-charge,"ESS reached 30 kW, holding until SOC 95",-215.6,48.1,47.6,290.0,290.0,34.6,43,72.9,no
2026-08-16 09:30:57,rule3-charge,"ESS reached 30 kW, holding until SOC 95",-213.6,48.2,48.6,290.0,290.0,34.6,43,72.9,no
2026-08-16 09:31:07,rule3-charge,"ESS reached 30 kW, holding until SOC 95",-211.8,48.4,49.1,290.0,290.0,34.6,43,73.3,no
2026-08-16 09:31:17,rule3-charge,"ESS reached 30 kW, holding until SOC 95",-213.2,48.7,48.9,290.0,290.0,34.6,43,73.3,no
2026-08-16 09:31:27,rule3-charge,"ESS reached 30 kW, holding until SOC 95",-218.4,46.9,46.4,290.0,290.0,34.6,43,73.3,no
2026-08-16 09:31:37,rule3-charge,"ESS reached 30 kW, holding until SOC 95",-214.8,48.4,48.2,290.0,290.0,34.6,43,73.3,no
2026-08-16 09:31:48,rule3-charge,"ESS reached 30 kW, holding until SOC 95",-209.0,51.3,51.0,290.0,290.0,34.6,43,73.3,no
2026-08-16 09:31:58,rule3-charge,"ESS reached 30 kW, holding until SOC 95",-215.0,47.3,46.8,290.0,290.0,34.6,43,73.3,no
2026-08-16 09:32:08,rule3-charge,"ESS reached 30 kW, holding until SOC 95",-214.0,47.9,48.0,290.0,290.0,34.6,43,73.7,no
2026-08-16 09:32:18,rule3-charge,"ESS reached 30 kW, holding until SOC 95",-211.8,49.7,49.5,290.0,290.0,34.6,43,73.7,no
2026-08-16 09:32:28,rule3-charge,"ESS reached 30 kW, holding until SOC 95",-213.4,49.0,49.4,290.0,290.0,34.6,43,73.7,no
2026-08-16 09:32:38,rule3-charge,"ESS reached 30 kW, holding until SOC 95",-213.2,48.9,49.4,290.0,290.0,34.6,43,73.7,no
2026-08-16 09:32:48,rule3-charge,"ESS reached 30 kW, holding until SOC 95",-215.2,49.1,48.1,290.0,290.0,34.6,43,73.7,no
2026-08-16 09:32:58,rule3-charge,"ESS reached 30 kW, holding until SOC 95",-214.6,48.6,49.3,290.0,290.0,34.6,43,73.7,no
2026-08-16 09:33:08,rule3-charge,"ESS reached 30 kW, holding until SOC 95",-214.4,49.7,49.6,290.0,290.0,34.6,43,74.0,no
2026-08-16 09:33:19,rule3-charge,"ESS reached 30 kW, holding until SOC 95",-214.6,47.6,47.9,290.0,290.0,34.6,43,74.0,no
2026-08-16 09:33:29,rule3-charge,"ESS reached 30 kW, holding until SOC 95",-214.4,47.6,49.0,290.0,290.0,34.6,43,74.0,no
2026-08-16 09:33:39,rule3-charge,"ESS reached 30 kW, holding until SOC 95",-219.8,47.3,47.8,290.0,290.0,34.6,43,74.0,no
2026-08-16 09:33:49,rule3-charge,"ESS reached 30 kW, holding until SOC 95",-217.2,46.9,46.8,290.0,290.0,34.6,43,74.0,no
2026-08-16 09:33:59,rule3-charge,"ESS reached 30 kW, holding until SOC 95",-208.8,50.4,50.3,290.0,290.0,34.6,43,74.0,no
2026-08-16 09:34:09,rule3-charge,"ESS reached 30 kW, holding until SOC 95",-216.2,48.7,48.1,290.0,290.0,34.6,43,74.4,no
2026-08-16 09:34:20,rule3-charge,"ESS reached 30 kW, holding until SOC 95",-214.6,48.5,48.3,290.0,290.0,34.6,43,74.4,no
2026-08-16 09:34:30,rule3-charge,"ESS reached 30 kW, holding until SOC 95",-214.0,47.9,47.8,290.0,290.0,34.6,43,74.4,no
2026-08-16 09:34:40,rule3-charge,"ESS reached 30 kW, holding until SOC 95",-228.4,42.9,42.9,290.0,290.0,34.6,43,74.4,no
2026-08-16 09:34:51,rule3-charge,"ESS reached 30 kW, holding until SOC 95",-230.6,40.9,40.7,290.0,290.0,34.6,43,74.4,no
2026-08-16 09:35:01,rule3-charge,"ESS reached 30 kW, holding until SOC 95",-227.0,42.1,42.1,290.0,290.0,34.6,43,74.4,no
2026-08-16 09:35:11,rule3-charge,"ESS reached 30 kW, holding until SOC 95",-227.0,44.3,45.0,290.0,290.0,34.6,43,74.4,no
2026-08-16 09:35:21,rule3-charge,"ESS reached 30 kW, holding until SOC 95",-227.2,43.9,43.2,290.0,290.0,34.6,43,74.4,no
2026-08-16 09:35:31,rule3-charge,"ESS reached 30 kW, holding until SOC 95",-212.4,50.7,50.9,290.0,290.0,34.6,43,74.4,no
2026-08-16 09:35:41,rule3-charge,"ESS reached 30 kW, holding until SOC 95",-210.8,52.2,51.9,290.0,290.0,34.6,43,74.8,no
2026-08-16 09:35:51,rule3-charge,"ESS reached 30 kW, holding until SOC 95",-214.0,50.5,49.7,290.0,290.0,34.6,43,74.8,no
2026-08-16 09:36:01,rule3-charge,"ESS reached 30 kW, holding until SOC 95",-216.6,48.9,48.8,290.0,290.0,34.6,43,74.8,no
2026-08-16 09:36:11,rule3-charge,"ESS reached 30 kW, holding until SOC 95",-208.4,52.9,53.0,290.0,290.0,34.6,43,74.8,no
2026-08-16 09:36:22,rule3-charge,"ESS reached 30 kW, holding until SOC 95",-211.8,51.3,51.3,290.0,290.0,34.6,43,74.8,no
2026-08-16 09:36:32,rule3-charge,"ESS reached 30 kW, holding until SOC 95",-210.6,51.2,51.2,290.0,290.0,34.6,43,74.8,no
2026-08-16 09:36:42,rule3-charge,"ESS reached 30 kW, holding until SOC 95",-214.4,51.4,51.4,290.0,290.0,34.6,43,75.2,no
2026-08-16 09:36:53,rule3-charge,"ESS reached 30 kW, holding until SOC 95",-212.2,49.9,49.5,290.0,290.0,34.6,43,75.2,no
2026-08-16 09:37:03,rule3-charge,"ESS reached 30 kW, holding until SOC 95",-212.6,49.9,49.8,290.0,290.0,34.6,43,75.2,no
2026-08-16 09:37:13,rule3-charge,"ESS reached 30 kW, holding until SOC 95",-215.8,47.2,46.6,290.0,290.0,34.6,43,75.2,no
2026-08-16 09:37:24,rule3-charge,"ESS reached 30 kW, holding until SOC 95",-214.6,49.7,49.9,290.0,290.0,34.6,43,75.2,no
2026-08-16 09:37:34,rule3-charge,"ESS reached 30 kW, holding until SOC 95",-225.0,46.5,46.6,290.0,290.0,34.6,43,75.2,no
2026-08-16 09:37:44,rule3-charge,"ESS reached 30 kW, holding until SOC 95",-218.0,47.5,47.7,290.0,290.0,34.6,43,75.6,no
2026-08-16 09:37:54,rule3-charge,"charging until 95%, waiting for ESS data",-218.6,47.4,,290.0,290.0,34.6,43,75.6,no
2026-08-16 09:38:04,rule3-charge,"charging until 95%, waiting for ESS data",-219.4,49.1,,290.0,290.0,34.6,43,75.6,no
2026-08-16 09:38:14,rule3-charge,"ESS reached 30 kW, holding until SOC 95",-217.8,48.4,49.7,290.0,290.0,34.6,43,75.6,no
2026-08-16 09:38:24,rule3-charge,"ESS reached 30 kW, holding until SOC 95",-207.8,52.4,53.1,290.0,290.0,34.6,43,75.6,no
2026-08-16 09:38:34,rule3-charge,"ESS reached 30 kW, holding until SOC 95",-216.6,49.3,49.1,290.0,290.0,34.6,43,75.6,no
2026-08-16 09:38:44,rule3-charge,"ESS reached 30 kW, holding until SOC 95",-214.6,48.9,48.8,290.0,290.0,34.6,43,76.0,no
2026-08-16 09:38:55,rule3-charge,"ESS reached 30 kW, holding until SOC 95",-213.0,48.3,48.7,290.0,290.0,34.6,43,76.0,no
2026-08-16 09:39:05,rule3-charge,"ESS reached 30 kW, holding until SOC 95",-214.2,47.7,47.5,290.0,290.0,34.6,43,76.0,no
2026-08-16 09:39:15,rule3-charge,"ESS reached 30 kW, holding until SOC 95",-215.0,47.3,48.0,290.0,290.0,34.6,43,76.0,no
2026-08-16 09:39:26,rule3-charge,"ESS reached 30 kW, holding until SOC 95",-216.0,45.9,46.3,290.0,290.0,34.6,43,76.0,no
2026-08-16 09:39:36,rule3-charge,"ESS reached 30 kW, holding until SOC 95",-215.2,49.8,50.2,290.0,290.0,34.6,43,76.3,no
2026-08-16 09:39:46,rule3-charge,"ESS reached 30 kW, holding until SOC 95",-215.0,48.4,48.8,290.0,290.0,34.6,43,76.3,no
2026-08-16 09:39:56,rule3-charge,"ESS reached 30 kW, holding until SOC 95",-213.8,49.9,50.4,290.0,290.0,34.6,43,76.3,no
2026-08-16 09:40:06,rule3-charge,"ESS reached 30 kW, holding until SOC 95",-213.2,50.1,49.3,290.0,290.0,32.6,43,76.3,no
2026-08-16 09:40:28,rule3-charge,"ESS reached 30 kW, holding until SOC 95",-216.4,47.9,48.4,290.0,290.0,32.6,43,76.3,no
2026-08-16 09:40:38,rule3-charge,"ESS reached 30 kW, holding until SOC 95",-209.4,51.2,51.2,290.0,290.0,32.6,43,76.3,no
2026-08-16 09:40:48,rule3-charge,"ESS reached 30 kW, holding until SOC 95",-215.6,48.4,48.1,290.0,290.0,32.6,43,76.3,no
2026-08-16 09:40:58,rule3-charge,"ESS reached 30 kW, holding until SOC 95",-213.0,48.5,49.2,290.0,290.0,32.6,43,76.3,no
2026-08-16 09:41:08,rule3-charge,"ESS reached 30 kW, holding until SOC 95",-211.4,50.0,50.2,290.0,290.0,32.6,43,76.7,no
2026-08-16 09:41:18,rule3-charge,"ESS reached 30 kW, holding until SOC 95",-213.4,51.2,50.8,290.0,290.0,32.6,43,76.7,no
2026-08-16 09:41:28,rule3-charge,"ESS reached 30 kW, holding until SOC 95",-214.8,50.4,50.6,290.0,290.0,32.6,43,76.7,no
2026-08-16 09:41:38,rule3-charge,"ESS reached 30 kW, holding until SOC 95",-216.0,49.6,49.6,290.0,290.0,32.6,43,76.7,no
2026-08-16 09:41:48,rule3-charge,"ESS reached 30 kW, holding until SOC 95",-214.6,49.7,49.9,290.0,290.0,32.6,43,76.7,no
2026-08-16 09:41:58,rule3-charge,"ESS reached 30 kW, holding until SOC 95",-214.4,49.1,49.1,290.0,290.0,32.6,43,76.7,no
2026-08-16 09:42:08,rule3-charge,"ESS reached 30 kW, holding until SOC 95",-216.8,50.4,49.9,290.0,290.0,32.6,43,77.1,no
2026-08-16 09:42:18,rule3-charge,"ESS reached 30 kW, holding until SOC 95",-212.8,52.1,53.0,290.0,290.0,32.6,43,77.1,no
2026-08-16 09:42:28,rule3-charge,"ESS reached 30 kW, holding until SOC 95",-213.2,51.1,52.8,290.0,290.0,32.6,43,77.1,no
2026-08-16 09:42:38,rule3-charge,"ESS reached 30 kW, holding until SOC 95",-213.4,51.4,51.5,290.0,290.0,32.6,43,77.1,no
2026-08-16 09:42:48,rule3-charge,"ESS reached 30 kW, holding until SOC 95",-200.8,58.0,58.8,290.0,290.0,32.6,43,77.1,no
2026-08-16 09:42:59,rule3-charge,"ESS reached 30 kW, holding until SOC 95",-209.4,54.9,54.1,290.0,290.0,32.6,43,77.1,no
2026-08-16 09:43:09,rule3-charge,"ESS reached 30 kW, holding until SOC 95",-208.2,53.6,53.6,290.0,290.0,32.6,43,77.5,no
2026-08-16 09:43:19,rule3-charge,"ESS reached 30 kW, holding until SOC 95",-207.2,54.0,54.2,290.0,290.0,32.6,43,77.5,no
2026-08-16 09:43:29,rule3-charge,"ESS reached 30 kW, holding until SOC 95",-208.2,55.4,54.8,290.0,290.0,32.6,43,77.5,no
2026-08-16 09:43:39,rule3-charge,"ESS reached 30 kW, holding until SOC 95",-209.4,54.6,54.2,290.0,290.0,32.6,43,77.5,no
2026-08-16 09:43:49,rule3-charge,"ESS reached 30 kW, holding until SOC 95",-210.6,54.2,54.0,290.0,290.0,32.6,43,77.5,no
2026-08-16 09:44:00,rule3-charge,"ESS reached 30 kW, holding until SOC 95",-209.0,55.9,55.8,290.0,290.0,32.6,43,77.5,no
2026-08-16 09:44:10,rule3-charge,"ESS reached 30 kW, holding until SOC 95",-213.8,51.7,52.0,290.0,290.0,32.6,43,77.9,no
2026-08-16 09:44:20,rule3-charge,"ESS reached 30 kW, holding until SOC 95",-211.0,52.1,51.0,290.0,290.0,32.6,43,77.9,no
2026-08-16 09:44:30,rule3-charge,"ESS reached 30 kW, holding until SOC 95",-211.2,53.8,53.3,290.0,290.0,32.6,43,77.9,no
2026-08-16 09:44:40,rule3-charge,"ESS reached 30 kW, holding until SOC 95",-212.8,52.3,52.4,290.0,290.0,32.6,43,77.9,no
2026-08-16 09:44:51,rule3-charge,"ESS reached 30 kW, holding until SOC 95",-214.0,51.9,51.5,290.0,290.0,32.6,43,77.9,no
2026-08-16 09:45:01,rule3-charge,"ESS reached 30 kW, holding until SOC 95",-204.8,55.3,53.9,290.0,290.0,32.6,43,77.9,no
2026-08-16 09:45:11,rule3-charge,"ESS reached 30 kW, holding until SOC 95",-219.2,48.3,47.6,290.0,290.0,32.6,43,78.3,no
2026-08-16 09:45:21,rule3-charge,"ESS reached 30 kW, holding until SOC 95",-219.2,48.5,48.1,290.0,290.0,32.6,43,78.3,no
2026-08-16 09:45:31,rule3-charge,"ESS reached 30 kW, holding until SOC 95",-215.0,51.5,49.0,290.0,290.0,32.6,43,78.3,no
2026-08-16 09:45:41,rule3-charge,"ESS reached 30 kW, holding until SOC 95",-206.8,55.1,53.0,290.0,290.0,32.6,43,78.3,no
2026-08-16 09:45:51,rule3-charge,"ESS reached 30 kW, holding until SOC 95",-209.8,53.8,53.8,290.0,290.0,32.6,43,78.3,no
2026-08-16 09:46:02,rule3-charge,"ESS reached 30 kW, holding until SOC 95",-211.0,53.7,52.8,290.0,290.0,32.6,43,78.3,no
2026-08-16 09:46:12,rule3-charge,"ESS reached 30 kW, holding until SOC 95",-207.6,52.0,53.4,290.0,290.0,32.6,43,78.7,no
2026-08-16 09:46:22,rule3-charge,"ESS reached 30 kW, holding until SOC 95",-212.0,53.1,53.3,290.0,290.0,32.6,43,78.7,no
2026-08-16 09:46:32,rule3-charge,"ESS reached 30 kW, holding until SOC 95",-209.8,53.7,54.2,290.0,290.0,32.6,43,78.7,no
2026-08-16 09:46:42,rule3-charge,"ESS reached 30 kW, holding until SOC 95",-209.0,55.0,55.0,290.0,290.0,32.6,43,78.7,no
2026-08-16 09:46:52,rule3-charge,"ESS reached 30 kW, holding until SOC 95",-210.4,53.7,53.0,290.0,290.0,32.6,43,78.7,no
2026-08-16 09:47:03,rule3-charge,"ESS reached 30 kW, holding until SOC 95",-209.6,54.9,54.6,290.0,290.0,32.6,43,78.7,no
2026-08-16 09:47:13,rule3-charge,"ESS reached 30 kW, holding until SOC 95",-202.2,57.0,56.0,290.0,290.0,32.6,43,79.0,no
2026-08-16 09:47:23,rule3-charge,"ESS reached 30 kW, holding until SOC 95",-205.4,56.6,56.3,290.0,290.0,32.6,43,79.0,no
2026-08-16 09:47:33,rule3-charge,"ESS reached 30 kW, holding until SOC 95",-210.0,53.4,53.7,290.0,290.0,32.6,43,79.0,no
2026-08-16 09:47:43,rule3-charge,"ESS reached 30 kW, holding until SOC 95",-209.2,54.8,53.8,290.0,290.0,32.6,43,79.0,no
2026-08-16 09:47:53,rule3-charge,"ESS reached 30 kW, holding until SOC 95",-210.8,53.9,53.4,290.0,290.0,32.6,43,79.0,no
2026-08-16 09:48:04,rule3-charge,"ESS reached 30 kW, holding until SOC 95",-205.4,54.7,56.0,290.0,290.0,32.6,43,79.4,no
2026-08-16 09:48:14,rule3-charge,"ESS reached 30 kW, holding until SOC 95",-206.0,56.5,56.3,290.0,290.0,32.6,43,79.4,no
2026-08-16 09:48:24,rule3-charge,"ESS reached 30 kW, holding until SOC 95",-201.2,56.7,55.8,290.0,290.0,32.6,43,79.4,no
2026-08-16 09:48:34,rule3-charge,"ESS reached 30 kW, holding until SOC 95",-204.8,55.9,55.4,290.0,290.0,32.6,43,79.4,no
2026-08-16 09:48:44,rule3-charge,"ESS reached 30 kW, holding until SOC 95",-203.2,55.7,56.1,290.0,290.0,32.6,43,79.4,no
2026-08-16 09:48:54,rule3-charge,"ESS reached 30 kW, holding until SOC 95",-203.2,56.9,56.4,290.0,290.0,32.6,43,79.4,no
2026-08-16 09:49:05,rule3-charge,"ESS reached 30 kW, holding until SOC 95",-205.2,55.9,56.0,290.0,290.0,32.6,43,79.8,no
2026-08-16 09:49:15,rule3-charge,"ESS reached 30 kW, holding until SOC 95",-206.2,54.7,54.8,290.0,290.0,32.6,43,79.8,no
2026-08-16 09:49:25,rule3-charge,"ESS reached 30 kW, holding until SOC 95",-201.8,55.4,55.2,290.0,290.0,32.6,43,79.8,no
2026-08-16 09:49:35,rule3-charge,"ESS reached 30 kW, holding until SOC 95",-207.8,56.0,55.4,290.0,290.0,32.6,43,79.8,no
2026-08-16 09:49:45,rule3-charge,"ESS reached 30 kW, holding until SOC 95",-206.4,52.9,54.2,290.0,290.0,32.6,43,79.8,no
2026-08-16 09:49:55,rule3-charge,"ESS reached 30 kW, holding until SOC 95",-206.4,54.1,54.0,290.0,290.0,32.6,43,79.8,no
2026-08-16 09:50:06,rule3-charge,"ESS reached 30 kW, holding until SOC 95",-202.8,56.5,57.5,290.0,290.0,33.0,37,80.2,no
2026-08-16 09:50:17,rule3-charge,"ESS reached 30 kW, holding until SOC 95",-207.0,56.2,55.8,290.0,290.0,33.0,37,80.2,no
2026-08-16 09:50:27,rule3-charge,"ESS reached 30 kW, holding until SOC 95",-208.4,53.8,53.6,290.0,290.0,33.0,37,80.2,no
2026-08-16 09:50:37,rule3-charge,"ESS reached 30 kW, holding until SOC 95",-209.4,53.9,53.3,290.0,290.0,33.0,37,80.2,no
2026-08-16 09:50:47,rule3-charge,"ESS reached 30 kW, holding until SOC 95",-208.4,53.9,54.2,290.0,290.0,33.0,37,80.2,no
2026-08-16 09:50:57,rule3-charge,"charging until 95%, waiting for ESS data",-210.0,48.9,,290.0,290.0,33.0,37,80.2,no
2026-08-16 09:51:07,rule3-charge,"charging until 95%, waiting for ESS data",-207.2,55.1,,290.0,290.0,33.0,37,80.2,no
2026-08-16 09:51:17,rule3-charge,"ESS reached 30 kW, holding until SOC 95",-209.4,54.4,54.0,290.0,290.0,33.0,37,80.2,no
2026-08-16 09:51:27,rule3-charge,"ESS reached 30 kW, holding until SOC 95",-210.4,53.7,52.6,290.0,290.0,33.0,37,80.2,no
2026-08-16 09:51:37,rule3-charge,"ESS reached 30 kW, holding until SOC 95",-202.4,54.9,53.5,290.0,290.0,33.0,37,80.6,no
2026-08-16 09:51:47,rule3-charge,"ESS reached 30 kW, holding until SOC 95",-209.2,55.9,56.2,290.0,290.0,33.0,37,80.6,no
2026-08-16 09:51:57,rule3-charge,"ESS reached 30 kW, holding until SOC 95",-211.6,52.7,52.6,290.0,290.0,33.0,37,80.6,no
2026-08-16 09:52:08,rule3-charge,"ESS reached 30 kW, holding until SOC 95",-213.2,50.9,51.5,290.0,290.0,33.0,37,81.0,no
2026-08-16 09:52:18,rule3-charge,"ESS reached 30 kW, holding until SOC 95",-212.6,51.7,51.5,290.0,290.0,33.0,37,81.0,no
2026-08-16 09:52:28,rule3-charge,"ESS reached 30 kW, holding until SOC 95",-213.6,52.0,52.5,290.0,290.0,33.0,37,81.0,no
2026-08-16 09:52:38,rule3-charge,"ESS reached 30 kW, holding until SOC 95",-208.2,50.3,49.9,290.0,290.0,33.0,37,81.0,no
2026-08-16 09:52:48,rule3-charge,"ESS reached 30 kW, holding until SOC 95",-209.4,47.9,46.6,290.0,290.0,33.0,37,81.0,no
2026-08-16 09:52:58,rule3-charge,"ESS reached 30 kW, holding until SOC 95",-216.4,35.8,31.0,290.0,290.0,33.0,37,81.0,no
2026-08-16 09:53:09,rule3-charge,"ESS reached 30 kW, holding until SOC 95",-226.8,33.9,31.7,290.0,290.0,33.0,37,81.4,no
2026-08-16 09:53:19,rule3-charge,"ESS reached 30 kW, holding until SOC 95",-219.0,34.2,33.9,290.0,290.0,33.0,37,81.4,no
2026-08-16 09:53:29,rule3-charge,"ESS reached 30 kW, holding until SOC 95",-209.4,28.2,31.3,290.0,290.0,33.0,37,81.4,no
2026-08-16 09:53:39,rule3-charge,"ESS reached 30 kW, holding until SOC 95",-211.8,44.0,39.6,290.0,290.0,33.0,37,81.4,no
2026-08-16 09:53:49,rule3-charge,"ESS reached 30 kW, holding until SOC 95",-209.0,41.1,44.7,290.0,290.0,33.0,37,81.4,no
2026-08-16 09:53:59,rule3-charge,"ESS reached 30 kW, holding until SOC 95",-209.8,50.4,45.6,290.0,290.0,33.0,37,81.4,no
2026-08-16 09:54:10,rule3-charge,"ESS reached 30 kW, holding until SOC 95",-209.0,48.1,48.2,290.0,290.0,33.0,37,81.7,no
2026-08-16 09:54:20,rule3-charge,"ESS reached 30 kW, holding until SOC 95",-207.8,48.4,48.4,290.0,290.0,33.0,37,81.7,no
2026-08-16 09:54:30,rule3-charge,"ESS reached 30 kW, holding until SOC 95",-207.2,50.3,51.0,290.0,290.0,33.0,37,81.7,no
2026-08-16 09:54:40,rule3-charge,"ESS reached 30 kW, holding until SOC 95",-209.4,49.5,50.5,290.0,290.0,33.0,37,81.7,no
2026-08-16 09:54:50,rule3-charge,"ESS reached 30 kW, holding until SOC 95",-206.0,52.5,51.9,290.0,290.0,33.0,37,81.7,no
2026-08-16 09:55:00,rule3-charge,"ESS reached 30 kW, holding until SOC 95",-209.8,53.4,51.2,290.0,290.0,33.0,37,81.7,no
2026-08-16 09:55:10,rule3-charge,"ESS reached 30 kW, holding until SOC 95",-208.6,48.5,46.1,290.0,290.0,33.0,37,81.7,no
2026-08-16 09:55:20,rule3-charge,"ESS reached 30 kW, holding until SOC 95",-210.6,50.1,48.5,290.0,290.0,33.0,37,81.7,no
2026-08-16 09:55:30,rule3-charge,"ESS reached 30 kW, holding until SOC 95",-212.2,44.4,45.3,290.0,290.0,33.0,37,81.7,no
2026-08-16 09:55:41,rule3-charge,"ESS reached 30 kW, holding until SOC 95",-214.2,44.6,43.0,290.0,290.0,33.0,37,82.1,no
2026-08-16 09:55:51,rule3-charge,"ESS reached 30 kW, holding until SOC 95",-221.2,40.7,45.2,290.0,290.0,33.0,37,82.1,no
2026-08-16 09:56:01,rule3-charge,"ESS reached 30 kW, holding until SOC 95",-213.8,33.4,38.1,290.0,290.0,33.0,37,82.1,no
2026-08-16 09:56:11,rule3-charge,"ESS reached 30 kW, holding until SOC 95",-214.6,41.2,40.1,290.0,290.0,33.0,37,82.1,no
2026-08-16 09:56:21,rule3-charge,"ESS reached 30 kW, holding until SOC 95",-215.0,34.5,38.1,290.0,290.0,33.0,37,82.1,no
2026-08-16 09:56:31,rule3-charge,"ESS reached 30 kW, holding until SOC 95",-225.8,37.4,39.2,290.0,290.0,33.0,37,82.1,no
2026-08-16 09:56:42,rule3-charge,"ESS reached 30 kW, holding until SOC 95",-211.0,45.0,44.0,290.0,290.0,33.0,37,82.5,no
2026-08-16 09:56:52,rule3-charge,"ESS reached 30 kW, holding until SOC 95",-214.4,44.7,45.7,290.0,290.0,33.0,37,82.5,no
2026-08-16 09:57:02,rule3-charge,"ESS reached 30 kW, holding until SOC 95",-213.4,48.8,44.8,290.0,290.0,33.0,37,82.5,no
2026-08-16 09:57:13,rule3-charge,"ESS reached 30 kW, holding until SOC 95",-223.2,43.4,42.8,290.0,290.0,33.0,37,82.5,no
2026-08-16 09:57:23,rule3-charge,"ESS reached 30 kW, holding until SOC 95",-219.6,43.5,41.9,290.0,290.0,33.0,37,82.5,no
2026-08-16 09:57:33,rule3-charge,"ESS reached 30 kW, holding until SOC 95",-219.4,41.0,42.9,290.0,290.0,33.0,37,82.5,no
2026-08-16 09:57:43,rule3-charge,"ESS reached 30 kW, holding until SOC 95",-217.4,44.2,43.0,290.0,290.0,33.0,37,82.5,no
2026-08-16 09:57:53,rule3-charge,"ESS reached 30 kW, holding until SOC 95",-224.4,37.3,40.2,290.0,290.0,33.0,37,82.5,no
2026-08-16 09:58:03,rule3-charge,"ESS reached 30 kW, holding until SOC 95",-221.0,36.3,38.6,290.0,290.0,33.0,37,82.9,no
2026-08-16 09:58:14,rule3-charge,"ESS reached 30 kW, holding until SOC 95",-218.6,42.4,40.9,290.0,290.0,33.0,37,82.9,no
2026-08-16 09:58:24,rule3-charge,"ESS reached 30 kW, holding until SOC 95",-212.8,39.4,41.8,290.0,290.0,33.0,37,82.9,no
2026-08-16 09:58:34,rule3-charge,"ESS reached 30 kW, holding until SOC 95",-239.0,31.2,29.8,290.0,290.0,33.0,37,82.9,no
2026-08-16 09:58:44,rule3-charge,"ESS reached 30 kW, holding until SOC 95",-233.6,31.3,29.5,290.0,290.0,33.0,37,82.9,no
2026-08-16 09:58:54,rule3-charge,"ESS reached 30 kW, holding until SOC 95",-238.2,23.1,30.0,290.0,290.0,33.0,37,82.9,no
2026-08-16 09:59:04,rule3-charge,"ESS reached 30 kW, holding until SOC 95",-232.6,29.8,28.0,290.0,290.0,33.0,37,82.9,no
2026-08-16 09:59:15,rule3-charge,"ESS reached 30 kW, holding until SOC 95",-231.6,26.4,24.2,290.0,290.0,33.0,37,82.9,no
2026-08-16 09:59:25,rule3-charge,"ESS reached 30 kW, holding until SOC 95",-251.2,22.0,15.7,290.0,290.0,33.0,37,82.9,no
2026-08-16 09:59:35,rule3-charge,"ESS reached 30 kW, holding until SOC 95",-245.0,17.3,16.6,290.0,290.0,33.0,37,83.3,no
2026-08-16 09:59:45,rule3-charge,"ESS reached 30 kW, holding until SOC 95",-234.6,29.6,23.8,290.0,290.0,33.0,37,83.3,no
2026-08-16 09:59:55,rule3-charge,"ESS reached 30 kW, holding until SOC 95",-238.2,33.8,29.8,290.0,290.0,33.0,37,83.3,no
2026-08-16 10:00:05,rule3-charge,"ESS reached 30 kW, holding until SOC 95",-232.0,27.7,24.1,290.0,290.0,33.0,37,83.3,no
2026-08-16 10:00:16,rule3-charge,"ESS reached 30 kW, holding until SOC 95",-240.4,30.3,23.0,290.0,290.0,33.5,34,83.3,no
2026-08-16 10:00:42,rule3-charge,"ESS reached 30 kW, holding until SOC 95",-240.6,31.0,31.2,290.0,290.0,33.5,34,83.3,no
2026-08-16 10:00:52,rule3-charge,"ESS reached 30 kW, holding until SOC 95",-240.2,32.7,33.3,290.0,290.0,33.5,34,83.3,no
2026-08-16 10:01:02,rule3-charge,"ESS reached 30 kW, holding until SOC 95",-236.6,33.3,32.7,290.0,290.0,33.5,34,83.3,no
2026-08-16 10:01:12,rule3-charge,"ESS reached 30 kW, holding until SOC 95",-236.4,31.1,31.5,290.0,290.0,33.5,34,83.3,no
2026-08-16 10:01:22,rule3-charge,"ESS reached 30 kW, holding until SOC 95",-232.4,36.0,34.5,290.0,290.0,33.5,34,83.3,no
2026-08-16 10:01:32,rule3-charge,"ESS reached 30 kW, holding until SOC 95",-238.0,36.3,38.3,290.0,290.0,33.5,34,83.3,no
2026-08-16 10:01:42,rule3-charge,"ESS reached 30 kW, holding until SOC 95",-233.4,34.2,31.3,290.0,290.0,33.5,34,83.7,no
2026-08-16 10:01:52,rule3-charge,"ESS reached 30 kW, holding until SOC 95",-235.2,38.5,35.1,290.0,290.0,33.5,34,83.7,no
2026-08-16 10:02:02,rule3-charge,"ESS reached 30 kW, holding until SOC 95",-238.4,37.8,37.1,290.0,290.0,33.5,34,83.7,no
2026-08-16 10:02:12,rule3-charge,"ESS reached 30 kW, holding until SOC 95",-239.0,36.9,34.8,290.0,290.0,33.5,34,83.7,no
2026-08-16 10:02:22,rule3-charge,"ESS reached 30 kW, holding until SOC 95",-240.8,37.1,37.4,290.0,290.0,33.5,34,83.7,no
2026-08-16 10:02:32,rule3-charge,"ESS reached 30 kW, holding until SOC 95",-244.6,36.3,30.2,290.0,290.0,33.5,34,83.7,no
2026-08-16 10:02:42,rule3-charge,"ESS reached 30 kW, holding until SOC 95",-263.0,19.0,15.3,290.0,290.0,33.5,34,83.7,no
2026-08-16 10:02:52,rule3-charge,"ESS reached 30 kW, holding until SOC 95",-257.8,26.0,27.4,290.0,290.0,33.5,34,83.7,no
2026-08-16 10:03:02,rule3-charge,"ESS reached 30 kW, holding until SOC 95",-238.6,26.5,27.8,290.0,290.0,33.5,34,83.7,no
2026-08-16 10:03:12,rule3-charge,"ESS reached 30 kW, holding until SOC 95",-241.0,35.7,38.1,290.0,290.0,33.5,34,84.0,no
2026-08-16 10:03:22,rule3-charge,"ESS reached 30 kW, holding until SOC 95",-241.4,36.9,28.2,290.0,290.0,33.5,34,84.0,no
2026-08-16 10:03:32,rule3-charge,"ESS reached 30 kW, holding until SOC 95",-243.4,28.9,34.6,290.0,290.0,33.5,34,84.0,no
2026-08-16 10:03:42,rule3-charge,"ESS reached 30 kW, holding until SOC 95",-245.2,30.4,28.1,290.0,290.0,33.5,34,84.0,no
2026-08-16 10:03:52,rule3-charge,"ESS reached 30 kW, holding until SOC 95",-242.8,36.4,33.1,290.0,290.0,33.5,34,84.0,no
2026-08-16 10:04:02,rule3-charge,"charging until 95%, waiting for ESS data",-245.0,20.5,,290.0,290.0,33.5,34,84.0,no
2026-08-16 10:04:12,rule3-charge,"charging until 95%, waiting for ESS data",-246.6,29.2,,290.0,290.0,33.5,34,84.0,no
2026-08-16 10:04:22,rule3-charge,"ESS reached 30 kW, holding until SOC 95",-243.4,34.4,37.3,290.0,290.0,33.5,34,84.0,no
2026-08-16 10:04:32,rule3-charge,"ESS reached 30 kW, holding until SOC 95",-247.8,29.4,23.9,290.0,290.0,33.5,34,84.0,no
2026-08-16 10:04:43,rule3-charge,"ESS reached 30 kW, holding until SOC 95",-247.6,25.8,24.5,290.0,290.0,33.5,34,84.4,no
2026-08-16 10:04:53,rule3-charge,"ESS reached 30 kW, holding until SOC 95",-246.6,21.5,24.0,290.0,290.0,33.5,34,84.4,no
2026-08-16 10:05:03,rule3-charge,"ESS reached 30 kW, holding until SOC 95",-244.2,24.8,28.2,290.0,290.0,33.5,34,84.4,no
2026-08-16 10:05:13,rule3-charge,"ESS reached 30 kW, holding until SOC 95",-251.6,22.5,23.7,290.0,290.0,33.5,34,84.4,no
2026-08-16 10:05:23,rule3-charge,"ESS reached 30 kW, holding until SOC 95",-245.2,10.0,18.2,290.0,290.0,33.5,34,84.4,no
2026-08-16 10:05:33,rule3-charge,"ESS reached 30 kW, holding until SOC 95",-248.8,23.2,21.6,290.0,290.0,33.5,34,84.4,no
2026-08-16 10:05:43,rule3-charge,"ESS reached 30 kW, holding until SOC 95",-254.2,20.5,23.8,290.0,290.0,33.5,34,84.4,no
2026-08-16 10:05:53,rule3-charge,"ESS reached 30 kW, holding until SOC 95",-251.4,23.8,25.5,290.0,290.0,33.5,34,84.4,no
2026-08-16 10:06:03,rule3-charge,"ESS reached 30 kW, holding until SOC 95",-252.0,19.0,9.9,290.0,290.0,33.5,34,84.4,no
2026-08-16 10:06:13,rule3-charge,"ESS reached 30 kW, holding until SOC 95",-247.8,19.2,21.3,290.0,290.0,33.5,34,84.4,no
2026-08-16 10:06:23,rule3-charge,"ESS reached 30 kW, holding until SOC 95",-250.2,19.6,21.5,290.0,290.0,33.5,34,84.4,no
2026-08-16 10:06:33,rule3-charge,"ESS reached 30 kW, holding until SOC 95",-246.0,5.3,17.9,290.0,290.0,33.5,34,84.4,no
2026-08-16 10:06:43,rule3-charge,"ESS reached 30 kW, holding until SOC 95",-249.2,20.1,5.5,290.0,290.0,33.5,34,84.4,no
2026-08-16 10:06:53,rule3-charge,"ESS reached 30 kW, holding until SOC 95",-248.0,26.6,25.2,290.0,290.0,33.5,34,84.4,no
2026-08-16 10:07:03,rule3-charge,"ESS reached 30 kW, holding until SOC 95",-246.6,26.6,27.6,290.0,290.0,33.5,34,84.4,no
2026-08-16 10:07:13,rule3-charge,"ESS reached 30 kW, holding until SOC 95",-245.8,27.2,31.0,290.0,290.0,33.5,34,84.4,no
2026-08-16 10:07:23,rule3-charge,"ESS reached 30 kW, holding until SOC 95",-257.4,23.4,20.0,290.0,290.0,33.5,34,84.4,no
2026-08-16 10:07:33,rule3-charge,"ESS reached 30 kW, holding until SOC 95",-248.8,33.9,28.1,290.0,290.0,33.5,34,84.8,no
2026-08-16 10:07:43,rule3-charge,"ESS reached 30 kW, holding until SOC 95",-250.4,26.0,26.8,290.0,290.0,33.5,34,84.8,no
2026-08-16 10:07:53,rule3-charge,"ESS reached 30 kW, holding until SOC 95",-250.0,23.7,23.8,290.0,290.0,33.5,34,84.8,no
2026-08-16 10:08:03,rule3-charge,"ESS reached 30 kW, holding until SOC 95",-249.0,25.5,28.6,290.0,290.0,33.5,34,84.8,no
2026-08-16 10:08:13,rule3-charge,"ESS reached 30 kW, holding until SOC 95",-251.4,26.5,23.0,290.0,290.0,33.5,34,84.8,no
2026-08-16 10:08:23,rule3-charge,"ESS reached 30 kW, holding until SOC 95",-255.0,15.6,21.6,290.0,290.0,33.5,34,84.8,no
2026-08-16 10:08:33,rule3-charge,"ESS reached 30 kW, holding until SOC 95",-250.6,18.0,27.2,290.0,290.0,33.5,34,84.8,no
2026-08-16 10:08:43,rule3-charge,"ESS reached 30 kW, holding until SOC 95",-251.2,25.4,30.2,290.0,290.0,33.5,34,84.8,no
2026-08-16 10:08:54,rule3-charge,"ESS reached 30 kW, holding until SOC 95",-242.6,31.4,34.7,290.0,290.0,33.5,34,84.8,no
2026-08-16 10:09:04,rule3-charge,"ESS reached 30 kW, holding until SOC 95",-242.2,38.9,39.7,290.0,290.0,33.5,34,84.8,no
2026-08-16 10:09:14,rule3-charge,"ESS reached 30 kW, holding until SOC 95",-256.8,35.0,37.1,290.0,290.0,33.5,34,84.8,no
2026-08-16 10:09:24,rule3-charge,"ESS reached 30 kW, holding until SOC 95",-245.4,11.0,20.4,290.0,290.0,33.5,34,84.8,no
2026-08-16 10:09:34,rule3-charge,"ESS reached 30 kW, holding until SOC 95",-251.8,17.5,18.8,290.0,290.0,33.5,34,85.2,no
2026-08-16 10:09:44,rule3-charge,"ESS reached 30 kW, holding until SOC 95",-254.8,25.6,27.6,290.0,290.0,33.5,34,85.2,no
2026-08-16 10:09:55,rule3-charge,"ESS reached 30 kW, holding until SOC 95",-252.2,29.7,34.7,290.0,290.0,33.5,34,85.2,no
2026-08-16 10:10:05,rule3-charge,"ESS reached 30 kW, holding until SOC 95",-250.4,30.4,18.4,290.0,290.0,33.5,34,85.2,no
2026-08-16 10:10:15,rule3-charge,"ESS reached 30 kW, holding until SOC 95",-254.8,27.9,26.7,290.0,290.0,33.5,34,85.2,no
2026-08-16 10:10:25,rule3-charge,"ESS reached 30 kW, holding until SOC 95",-253.6,29.9,31.0,290.0,290.0,33.5,34,85.2,no
2026-08-16 10:10:47,rule3-charge,"ESS reached 30 kW, holding until SOC 95",-252.4,39.2,38.5,290.0,290.0,33.5,34,85.2,no
2026-08-16 10:10:57,rule3-charge,"ESS reached 30 kW, holding until SOC 95",-247.6,40.8,37.1,290.0,290.0,33.5,34,85.2,no
2026-08-16 10:11:07,rule3-charge,"ESS reached 30 kW, holding until SOC 95",-245.4,36.4,37.5,290.0,290.0,33.5,34,85.6,no
2026-08-16 10:11:17,rule3-charge,"ESS reached 30 kW, holding until SOC 95",-250.2,36.8,31.0,290.0,290.0,33.5,34,85.6,no
2026-08-16 10:11:27,rule3-charge,"ESS reached 30 kW, holding until SOC 95",-247.0,33.6,32.6,290.0,290.0,33.5,34,85.6,no
2026-08-16 10:11:37,rule3-charge,"ESS reached 30 kW, holding until SOC 95",-242.6,35.6,37.8,290.0,290.0,33.5,34,85.6,no
2026-08-16 10:11:47,rule3-charge,"ESS reached 30 kW, holding until SOC 95",-246.6,35.1,35.1,290.0,290.0,33.5,34,85.6,no
2026-08-16 10:11:57,rule3-charge,"ESS reached 30 kW, holding until SOC 95",-246.2,33.1,35.2,290.0,290.0,33.5,34,85.6,no
2026-08-16 10:12:07,rule3-charge,"ESS reached 30 kW, holding until SOC 95",-247.0,32.0,35.8,290.0,290.0,33.5,34,85.6,no
2026-08-16 10:12:17,rule3-charge,"ESS reached 30 kW, holding until SOC 95",-246.0,32.7,38.1,290.0,290.0,33.5,34,85.6,no
2026-08-16 10:12:27,rule3-charge,"ESS reached 30 kW, holding until SOC 95",-252.6,35.4,30.8,290.0,290.0,33.5,34,85.6,no
2026-08-16 10:12:37,rule3-charge,"ESS reached 30 kW, holding until SOC 95",-253.4,31.3,33.5,290.0,290.0,33.5,34,86.0,no
2026-08-16 10:12:47,rule3-charge,"ESS reached 30 kW, holding until SOC 95",-252.4,33.1,33.8,290.0,290.0,33.5,34,86.0,no
2026-08-16 10:12:58,rule3-charge,"ESS reached 30 kW, holding until SOC 95",-257.4,34.7,33.4,290.0,290.0,33.5,34,86.0,no
2026-08-16 10:13:08,rule3-charge,"ESS reached 30 kW, holding until SOC 95",-257.4,35.8,30.6,290.0,290.0,33.5,34,86.0,no
2026-08-16 10:13:18,rule3-charge,"ESS reached 30 kW, holding until SOC 95",-258.4,34.3,33.4,290.0,290.0,33.5,34,86.0,no
2026-08-16 10:13:28,rule3-charge,"ESS reached 30 kW, holding until SOC 95",-256.6,33.0,32.1,290.0,290.0,33.5,34,86.0,no
2026-08-16 10:13:38,rule3-charge,"ESS reached 30 kW, holding until SOC 95",-248.2,27.2,24.5,290.0,290.0,33.5,34,86.0,no
2026-08-16 10:13:48,rule3-charge,"ESS reached 30 kW, holding until SOC 95",-242.8,25.0,31.5,290.0,290.0,33.5,34,86.0,no
2026-08-16 10:13:58,rule3-charge,"ESS reached 30 kW, holding until SOC 95",-248.2,32.8,33.9,290.0,290.0,33.5,34,86.0,no
2026-08-16 10:14:09,rule3-charge,"ESS reached 30 kW, holding until SOC 95",-255.4,31.3,31.6,290.0,290.0,33.5,34,86.0,no
2026-08-16 10:14:19,rule3-charge,"ESS reached 30 kW, holding until SOC 95",-255.0,17.0,23.3,290.0,290.0,33.5,34,86.0,no
2026-08-16 10:14:29,rule3-charge,"ESS reached 30 kW, holding until SOC 95",-249.6,23.2,22.9,290.0,290.0,33.5,34,86.0,no
2026-08-16 10:14:39,rule3-charge,"ESS reached 30 kW, holding until SOC 95",-254.6,21.2,20.5,290.0,290.0,33.5,34,86.4,no
2026-08-16 10:14:49,rule3-charge,"ESS reached 30 kW, holding until SOC 95",-254.0,17.3,16.7,290.0,290.0,33.5,34,86.4,no
2026-08-16 10:14:59,rule3-charge,"ESS reached 30 kW, holding until SOC 95",-253.6,24.1,27.6,290.0,290.0,33.5,34,86.4,no
2026-08-16 10:15:09,rule3-charge,"ESS reached 30 kW, holding until SOC 95",-271.2,20.0,17.5,290.0,290.0,33.5,34,86.4,no
2026-08-16 10:15:19,rule3-charge,"ESS reached 30 kW, holding until SOC 95",-274.6,21.4,23.2,290.0,290.0,33.5,34,86.4,no
2026-08-16 10:15:30,rule3-charge,"ESS reached 30 kW, holding until SOC 95",-272.6,20.0,17.0,290.0,290.0,33.5,34,86.4,no
2026-08-16 10:15:40,rule3-charge,"ESS reached 30 kW, holding until SOC 95",-269.8,17.0,24.0,290.0,290.0,33.5,34,86.4,no
2026-08-16 10:15:50,rule3-charge,"ESS reached 30 kW, holding until SOC 95",-264.0,21.0,23.5,290.0,290.0,33.5,34,86.4,no
2026-08-16 10:16:01,rule3-charge,"ESS reached 30 kW, holding until SOC 95",-251.6,23.1,25.4,290.0,290.0,33.5,34,86.4,no
2026-08-16 10:16:11,rule3-charge,"ESS reached 30 kW, holding until SOC 95",-251.0,25.5,33.3,290.0,290.0,33.5,34,86.4,no
2026-08-16 10:16:21,rule3-charge,"ESS reached 30 kW, holding until SOC 95",-259.6,16.1,4.1,290.0,290.0,33.5,34,86.4,no
2026-08-16 10:16:31,rule3-charge,"ESS reached 30 kW, holding until SOC 95",-260.2,11.7,6.0,290.0,290.0,33.5,34,86.4,no
2026-08-16 10:16:41,rule3-charge,"ESS reached 30 kW, holding until SOC 95",-266.8,6.7,5.4,290.0,290.0,33.5,34,86.4,no
2026-08-16 10:16:51,rule3-charge,"ESS reached 30 kW, holding until SOC 95",-263.4,7.4,11.9,290.0,290.0,33.5,34,86.4,no
2026-08-16 10:17:01,rule3-charge,"charging until 95%, waiting for ESS data",-265.6,16.9,,290.0,290.0,33.5,34,86.4,no
2026-08-16 10:17:11,rule3-charge,"charging until 95%, waiting for ESS data",-261.4,22.4,,290.0,290.0,33.5,34,86.4,no
2026-08-16 10:17:21,rule3-charge,"ESS reached 30 kW, holding until SOC 95",-260.8,19.3,21.1,290.0,290.0,33.5,34,86.4,no
2026-08-16 10:17:32,rule3-charge,"ESS reached 30 kW, holding until SOC 95",-265.6,10.1,8.9,290.0,290.0,33.5,34,86.7,no
2026-08-16 10:17:42,rule3-charge,"ESS reached 30 kW, holding until SOC 95",-261.8,17.5,8.1,290.0,290.0,33.5,34,86.7,no
2026-08-16 10:17:52,rule3-charge,"ESS reached 30 kW, holding until SOC 95",-265.4,10.2,15.3,290.0,290.0,33.5,34,86.7,no
2026-08-16 10:18:02,rule3-charge,"ESS reached 30 kW, holding until SOC 95",-271.8,13.8,21.4,290.0,290.0,33.5,34,86.7,no
2026-08-16 10:18:12,rule3-charge,"ESS reached 30 kW, holding until SOC 95",-275.0,17.7,13.9,290.0,290.0,33.5,34,86.7,no
2026-08-16 10:18:22,rule3-charge,"ESS reached 30 kW, holding until SOC 95",-269.6,29.1,23.2,290.0,290.0,33.5,34,86.7,no
2026-08-16 10:18:33,rule3-charge,"ESS reached 30 kW, holding until SOC 95",-265.8,9.7,18.5,290.0,290.0,33.5,34,86.7,no
2026-08-16 10:18:43,rule3-charge,"ESS reached 30 kW, holding until SOC 95",-258.4,24.5,24.6,290.0,290.0,33.5,34,86.7,no
2026-08-16 10:18:53,rule3-charge,"ESS reached 30 kW, holding until SOC 95",-257.0,18.1,24.8,290.0,290.0,33.5,34,86.7,no
2026-08-16 10:19:03,rule3-charge,"ESS reached 30 kW, holding until SOC 95",-261.8,25.7,20.9,290.0,290.0,33.5,34,86.7,no
2026-08-16 10:19:13,rule3-charge,"ESS reached 30 kW, holding until SOC 95",-261.6,15.3,16.4,290.0,290.0,33.5,34,86.7,no
2026-08-16 10:19:23,rule3-charge,"ESS reached 30 kW, holding until SOC 95",-266.6,15.7,13.9,290.0,290.0,33.5,34,86.7,no
2026-08-16 10:19:34,rule3-charge,"ESS reached 30 kW, holding until SOC 95",-262.6,13.5,9.9,290.0,290.0,33.5,34,86.7,no
2026-08-16 10:19:44,rule3-charge,"ESS reached 30 kW, holding until SOC 95",-262.6,9.0,5.3,290.0,290.0,33.5,34,86.7,no
2026-08-16 10:19:54,rule3-charge,"ESS reached 30 kW, holding until SOC 95",-259.2,19.5,19.7,290.0,290.0,33.5,34,86.7,no
2026-08-16 10:20:04,rule3-charge,"ESS reached 30 kW, holding until SOC 95",-263.6,18.0,20.4,290.0,290.0,33.5,34,86.7,no
2026-08-16 10:20:14,rule3-charge,"ESS reached 30 kW, holding until SOC 95",-260.6,23.6,25.4,290.0,290.0,33.5,34,86.7,no
2026-08-16 10:20:24,rule3-charge,"ESS reached 30 kW, holding until SOC 95",-257.6,11.0,19.6,290.0,290.0,33.5,34,86.7,no
2026-08-16 10:20:35,rule3-charge,"ESS reached 30 kW, holding until SOC 95",-258.2,25.9,21.2,290.0,290.0,34.0,35,87.1,no
2026-08-16 10:20:46,rule3-charge,"ESS reached 30 kW, holding until SOC 95",-264.2,17.1,20.8,290.0,290.0,34.0,35,87.1,no
2026-08-16 10:20:56,rule3-charge,"ESS reached 30 kW, holding until SOC 95",-254.2,22.7,24.7,290.0,290.0,34.0,35,87.1,no
2026-08-16 10:21:06,rule3-charge,"ESS reached 30 kW, holding until SOC 95",-255.2,18.9,22.3,290.0,290.0,34.0,35,87.1,no
2026-08-16 10:21:16,rule3-charge,"ESS reached 30 kW, holding until SOC 95",-254.2,8.4,14.8,290.0,290.0,34.0,35,87.1,no
2026-08-16 10:21:26,rule3-charge,"ESS reached 30 kW, holding until SOC 95",-262.4,19.1,22.3,290.0,290.0,34.0,35,87.1,no
2026-08-16 10:21:36,rule3-charge,"ESS reached 30 kW, holding until SOC 95",-257.8,26.5,25.0,290.0,290.0,34.0,35,87.1,no
2026-08-16 10:21:46,rule3-charge,"ESS reached 30 kW, holding until SOC 95",-259.6,28.6,27.2,290.0,290.0,34.0,35,87.1,no
2026-08-16 10:21:56,rule3-charge,"ESS reached 30 kW, holding until SOC 95",-257.6,27.5,27.1,290.0,290.0,34.0,35,87.1,no
2026-08-16 10:22:06,rule3-charge,"ESS reached 30 kW, holding until SOC 95",-257.6,25.7,22.0,290.0,290.0,34.0,35,87.1,no
2026-08-16 10:22:16,rule3-charge,"ESS reached 30 kW, holding until SOC 95",-261.6,-7.2,-3.8,290.0,290.0,34.0,35,87.1,no
2026-08-16 10:22:26,rule3-charge,"ESS reached 30 kW, holding until SOC 95",-262.6,-5.6,-9.1,290.0,290.0,34.0,35,87.1,no
2026-08-16 10:22:37,rule3-charge,"ESS reached 30 kW, holding until SOC 95",-258.4,-5.7,-5.1,290.0,290.0,34.0,35,87.1,no
2026-08-16 10:22:47,rule3-charge,"ESS reached 30 kW, holding until SOC 95",-255.6,-1.5,-0.1,290.0,290.0,34.0,35,87.1,no
2026-08-16 10:22:57,rule3-charge,"ESS reached 30 kW, holding until SOC 95",-256.4,-9.2,-8.6,290.0,290.0,34.0,35,87.1,no
2026-08-16 10:23:07,rule3-charge,"ESS reached 30 kW, holding until SOC 95",-255.4,-12.3,-13.3,290.0,290.0,34.0,35,87.1,no
2026-08-16 10:23:17,rule3-charge,"ESS reached 30 kW, holding until SOC 95",-255.8,-12.8,-12.9,290.0,290.0,34.0,35,87.1,no
2026-08-16 10:23:27,rule3-charge,"ESS reached 30 kW, holding until SOC 95",-257.2,-12.8,-12.0,290.0,290.0,34.0,35,87.1,no
2026-08-16 10:23:38,rule3-charge,"ESS reached 30 kW, holding until SOC 95",-260.8,-11.0,-11.5,290.0,290.0,34.0,35,87.1,no
2026-08-16 10:23:48,rule3-charge,"ESS reached 30 kW, holding until SOC 95",-265.2,-10.8,-10.9,290.0,290.0,34.0,35,87.1,no
2026-08-16 10:23:58,rule3-charge,"ESS reached 30 kW, holding until SOC 95",-258.6,-1.9,-0.5,290.0,290.0,34.0,35,87.1,no
2026-08-16 10:24:08,rule3-charge,"ESS reached 30 kW, holding until SOC 95",-256.4,9.2,8.8,290.0,290.0,34.0,35,87.1,no
2026-08-16 10:24:18,rule3-charge,"ESS reached 30 kW, holding until SOC 95",-258.0,7.5,5.7,290.0,290.0,34.0,35,87.1,no
2026-08-16 10:24:28,rule3-charge,"ESS reached 30 kW, holding until SOC 95",-257.6,5.5,4.8,290.0,290.0,34.0,35,87.1,no
2026-08-16 10:24:39,rule3-charge,"ESS reached 30 kW, holding until SOC 95",-258.4,3.2,3.2,290.0,290.0,34.0,35,87.1,no
2026-08-16 10:24:49,rule3-charge,"ESS reached 30 kW, holding until SOC 95",-261.0,-1.8,-1.6,290.0,290.0,34.0,35,87.1,no
2026-08-16 10:24:59,rule3-charge,"ESS reached 30 kW, holding until SOC 95",-250.2,-1.7,-2.3,290.0,290.0,34.0,35,87.1,no
2026-08-16 10:25:09,rule3-charge,"ESS reached 30 kW, holding until SOC 95",-256.4,-4.2,-4.6,290.0,290.0,34.0,35,87.1,no
2026-08-16 10:25:19,rule3-charge,"ESS reached 30 kW, holding until SOC 95",-254.4,-4.1,-4.6,290.0,290.0,34.0,35,87.1,no
2026-08-16 10:25:29,rule3-charge,"ESS reached 30 kW, holding until SOC 95",-252.2,-4.6,-4.6,290.0,290.0,34.0,35,87.1,no
2026-08-16 10:25:40,rule3-charge,"ESS reached 30 kW, holding until SOC 95",-253.6,1.7,0.6,290.0,290.0,34.0,35,87.1,no
2026-08-16 10:25:50,rule3-charge,"ESS reached 30 kW, holding until SOC 95",-257.6,2.3,-2.8,290.0,290.0,34.0,35,87.1,no
2026-08-16 10:26:00,rule3-charge,"ESS reached 30 kW, holding until SOC 95",-262.2,-1.1,-0.5,290.0,290.0,34.0,35,87.1,no
2026-08-16 10:26:10,rule3-charge,"ESS reached 30 kW, holding until SOC 95",-263.0,1.9,0.3,290.0,290.0,34.0,35,87.1,no
2026-08-16 10:26:20,rule3-charge,"ESS reached 30 kW, holding until SOC 95",-260.2,0.7,0.5,290.0,290.0,34.0,35,87.1,no
2026-08-16 10:26:30,rule3-charge,"ESS reached 30 kW, holding until SOC 95",-253.6,1.0,1.0,290.0,290.0,34.0,35,87.1,no
2026-08-16 10:26:41,rule3-charge,"ESS reached 30 kW, holding until SOC 95",-254.4,3.9,3.9,290.0,290.0,34.0,35,87.1,no
2026-08-16 10:26:51,rule3-charge,"ESS reached 30 kW, holding until SOC 95",-254.6,4.8,4.7,290.0,290.0,34.0,35,87.1,no
2026-08-16 10:27:01,rule3-charge,"ESS reached 30 kW, holding until SOC 95",-256.2,3.6,1.2,290.0,290.0,34.0,35,87.1,no
2026-08-16 10:27:11,rule3-charge,"ESS reached 30 kW, holding until SOC 95",-250.4,4.5,4.2,290.0,290.0,34.0,35,87.1,no
2026-08-16 10:27:21,rule3-charge,"ESS reached 30 kW, holding until SOC 95",-259.0,4.1,4.5,290.0,290.0,34.0,35,87.1,no
2026-08-16 10:27:31,rule3-charge,"ESS reached 30 kW, holding until SOC 95",-256.6,7.9,7.8,290.0,290.0,34.0,35,87.1,no
2026-08-16 10:27:42,rule3-charge,"ESS reached 30 kW, holding until SOC 95",-256.0,10.0,9.9,290.0,290.0,34.0,35,87.1,no
2026-08-16 10:27:52,rule3-charge,"ESS reached 30 kW, holding until SOC 95",-256.4,11.6,11.2,290.0,290.0,34.0,35,87.1,no
2026-08-16 10:28:02,rule3-charge,"ESS reached 30 kW, holding until SOC 95",-262.0,5.6,3.9,290.0,290.0,34.0,35,87.1,no
2026-08-16 10:28:13,rule3-charge,"ESS reached 30 kW, holding until SOC 95",-261.8,-4.7,-4.3,290.0,290.0,34.0,35,87.1,no
2026-08-16 10:28:23,rule3-charge,"ESS reached 30 kW, holding until SOC 95",-260.4,-3.9,-3.4,290.0,290.0,34.0,35,87.1,no
2026-08-16 10:28:33,rule3-charge,"ESS reached 30 kW, holding until SOC 95",-261.2,-4.5,-4.8,290.0,290.0,34.0,35,87.1,no
2026-08-16 10:28:43,rule3-charge,"ESS reached 30 kW, holding until SOC 95",-266.2,-6.0,-6.6,290.0,290.0,34.0,35,87.1,no
2026-08-16 10:28:53,rule3-charge,"ESS reached 30 kW, holding until SOC 95",-265.0,-4.4,-4.0,290.0,290.0,34.0,35,87.1,no
2026-08-16 10:29:03,rule3-charge,"ESS reached 30 kW, holding until SOC 95",-265.4,-3.6,-3.0,290.0,290.0,34.0,35,87.1,no
2026-08-16 10:29:13,rule3-charge,"ESS reached 30 kW, holding until SOC 95",-266.0,-6.4,-6.3,290.0,290.0,34.0,35,87.1,no
2026-08-16 10:29:23,rule3-charge,"ESS reached 30 kW, holding until SOC 95",-255.6,-1.9,-2.3,290.0,290.0,34.0,35,87.1,no
2026-08-16 10:29:33,rule3-charge,"ESS reached 30 kW, holding until SOC 95",-262.0,-7.3,-8.6,290.0,290.0,34.0,35,87.1,no
2026-08-16 10:29:44,rule3-charge,"ESS reached 30 kW, holding until SOC 95",-260.8,-8.4,-8.7,290.0,290.0,34.0,35,87.1,no
2026-08-16 10:29:54,rule3-charge,"ESS reached 30 kW, holding until SOC 95",-260.8,-7.0,-7.7,290.0,290.0,34.0,35,87.1,no
2026-08-16 10:30:04,rule3-charge,"charging until 95%, waiting for ESS data",-262.4,-6.4,,290.0,290.0,34.0,35,87.1,no
2026-08-16 10:30:15,rule3-charge,"charging until 95%, waiting for ESS data",-269.4,-3.4,,290.0,290.0,34.0,35,87.1,no
2026-08-16 10:30:25,rule3-charge,"ESS reached 30 kW, holding until SOC 95",-264.2,2.0,2.0,290.0,290.0,34.0,35,87.1,no
2026-08-16 10:30:35,rule3-charge,"ESS reached 30 kW, holding until SOC 95",-262.8,5.5,5.6,290.0,290.0,34.0,35,87.3,no
2026-08-16 10:30:45,rule3-charge,"ESS reached 30 kW, holding until SOC 95",-263.6,4.8,4.9,290.0,290.0,34.5,39,87.3,no
2026-08-16 10:30:56,rule3-charge,"ESS reached 30 kW, holding until SOC 95",-261.4,7.5,7.1,290.0,290.0,34.5,39,87.3,no
2026-08-16 10:31:06,rule3-charge,"ESS reached 30 kW, holding until SOC 95",-261.6,8.6,8.6,290.0,290.0,34.5,39,87.3,no
2026-08-16 10:31:16,rule3-charge,"ESS reached 30 kW, holding until SOC 95",-262.2,12.1,10.9,290.0,290.0,34.5,39,87.3,no
2026-08-16 10:31:26,rule3-charge,"ESS reached 30 kW, holding until SOC 95",-276.2,4.8,3.5,290.0,290.0,34.5,39,87.3,no
2026-08-16 10:31:36,rule3-charge,"ESS reached 30 kW, holding until SOC 95",-270.2,6.4,-2.6,290.0,290.0,34.5,39,87.4,no
2026-08-16 10:31:46,rule3-charge,"ESS reached 30 kW, holding until SOC 95",-263.2,13.7,3.3,290.0,290.0,34.5,39,87.4,no
2026-08-16 10:31:56,rule3-charge,"ESS reached 30 kW, holding until SOC 95",-268.6,9.2,5.4,290.0,290.0,34.5,39,87.4,no
2026-08-16 10:32:06,rule3-charge,"ESS reached 30 kW, holding until SOC 95",-262.4,13.8,10.5,290.0,290.0,34.5,39,87.4,no
2026-08-16 10:32:17,rule3-charge,"ESS reached 30 kW, holding until SOC 95",-263.8,11.1,11.6,290.0,290.0,34.5,39,87.4,no
2026-08-16 10:32:27,rule3-charge,"ESS reached 30 kW, holding until SOC 95",-265.2,11.1,12.8,290.0,290.0,34.5,39,87.4,no
2026-08-16 10:32:37,rule3-charge,"ESS reached 30 kW, holding until SOC 95",-260.6,11.9,12.6,290.0,290.0,34.5,39,87.4,no
2026-08-16 10:32:47,rule3-charge,"ESS reached 30 kW, holding until SOC 95",-260.6,12.4,11.3,290.0,290.0,34.5,39,87.4,no
2026-08-16 10:32:57,rule3-charge,"ESS reached 30 kW, holding until SOC 95",-265.2,6.8,10.6,290.0,290.0,34.5,39,87.4,no
2026-08-16 10:33:07,rule3-charge,"ESS reached 30 kW, holding until SOC 95",-262.4,7.0,5.3,290.0,290.0,34.5,39,87.4,no
2026-08-16 10:33:17,rule3-charge,"ESS reached 30 kW, holding until SOC 95",-264.8,8.2,7.7,290.0,290.0,34.5,39,87.4,no
2026-08-16 10:33:27,rule3-charge,"ESS reached 30 kW, holding until SOC 95",-262.4,5.6,4.6,290.0,290.0,34.5,39,87.4,no
2026-08-16 10:33:37,rule3-charge,"ESS reached 30 kW, holding until SOC 95",-260.2,2.1,7.6,290.0,290.0,34.5,39,87.5,no
2026-08-16 10:33:48,rule3-charge,"ESS reached 30 kW, holding until SOC 95",-255.4,4.7,11.7,290.0,290.0,34.5,39,87.5,no
2026-08-16 10:33:58,rule3-charge,"ESS reached 30 kW, holding until SOC 95",-262.8,2.3,0.4,290.0,290.0,34.5,39,87.5,no
2026-08-16 10:34:08,rule3-charge,"ESS reached 30 kW, holding until SOC 95",-266.0,5.5,6.8,290.0,290.0,34.5,39,87.5,no
2026-08-16 10:34:18,rule3-charge,"ESS reached 30 kW, holding until SOC 95",-262.8,7.0,-7.0,290.0,290.0,34.5,39,87.5,no
2026-08-16 10:34:28,rule3-charge,"ESS reached 30 kW, holding until SOC 95",-265.2,4.0,2.5,290.0,290.0,34.5,39,87.5,no
2026-08-16 10:34:38,rule3-charge,"ESS reached 30 kW, holding until SOC 95",-266.0,13.9,11.3,290.0,290.0,34.5,39,87.5,no
2026-08-16 10:34:49,rule3-charge,"ESS reached 30 kW, holding until SOC 95",-268.2,10.9,3.2,290.0,290.0,34.5,39,87.5,no
2026-08-16 10:34:59,rule3-charge,"ESS reached 30 kW, holding until SOC 95",-263.6,2.6,5.5,290.0,290.0,34.5,39,87.5,no
2026-08-16 10:35:09,rule3-charge,"ESS reached 30 kW, holding until SOC 95",-266.4,11.8,14.1,290.0,290.0,34.5,39,87.5,no
2026-08-16 10:35:19,rule3-charge,"ESS reached 30 kW, holding until SOC 95",-264.4,16.0,19.9,290.0,290.0,34.5,39,87.5,no
2026-08-16 10:35:29,rule3-charge,"ESS reached 30 kW, holding until SOC 95",-263.2,22.6,19.0,290.0,290.0,34.5,39,87.5,no
2026-08-16 10:35:39,rule3-charge,"ESS reached 30 kW, holding until SOC 95",-263.4,21.5,18.5,290.0,290.0,34.5,39,87.6,no
2026-08-16 10:35:50,rule3-charge,"ESS reached 30 kW, holding until SOC 95",-262.4,17.8,16.5,290.0,290.0,34.5,39,87.6,no
2026-08-16 10:36:00,rule3-charge,"ESS reached 30 kW, holding until SOC 95",-265.2,19.3,18.2,290.0,290.0,34.5,39,87.6,no
2026-08-16 10:36:10,rule3-charge,"ESS reached 30 kW, holding until SOC 95",-269.6,16.4,13.1,290.0,290.0,34.5,39,87.7,no
2026-08-16 10:36:21,rule3-charge,"ESS reached 30 kW, holding until SOC 95",-269.2,18.1,17.5,290.0,290.0,34.5,39,87.7,no
2026-08-16 10:36:31,rule3-charge,"ESS reached 30 kW, holding until SOC 95",-256.8,16.6,14.8,290.0,290.0,34.5,39,87.7,no
2026-08-16 10:36:41,rule3-charge,"ESS reached 30 kW, holding until SOC 95",-263.0,15.6,13.2,290.0,290.0,34.5,39,87.7,no
2026-08-16 10:36:51,rule3-charge,"ESS reached 30 kW, holding until SOC 95",-264.6,18.9,12.6,290.0,290.0,34.5,39,87.7,no
2026-08-16 10:37:01,rule3-charge,"ESS reached 30 kW, holding until SOC 95",-263.4,21.9,22.6,290.0,290.0,34.5,39,87.7,no
2026-08-16 10:37:11,rule3-charge,"ESS reached 30 kW, holding until SOC 95",-261.6,12.4,17.6,290.0,290.0,34.5,39,87.8,no
2026-08-16 10:37:21,rule3-charge,"ESS reached 30 kW, holding until SOC 95",-259.8,15.9,12.5,290.0,290.0,34.5,39,87.8,no
2026-08-16 10:37:31,rule3-charge,"ESS reached 30 kW, holding until SOC 95",-259.0,14.4,18.1,290.0,290.0,34.5,39,87.8,no
2026-08-16 10:37:41,rule3-charge,"ESS reached 30 kW, holding until SOC 95",-268.0,19.5,19.9,290.0,290.0,34.5,39,87.8,no
2026-08-16 10:37:52,rule3-charge,"ESS reached 30 kW, holding until SOC 95",-272.2,18.4,17.0,290.0,290.0,34.5,39,87.8,no
2026-08-16 10:38:02,rule3-charge,"ESS reached 30 kW, holding until SOC 95",-270.4,16.0,21.1,290.0,290.0,34.5,39,87.8,no
2026-08-16 10:38:12,rule3-charge,"ESS reached 30 kW, holding until SOC 95",-262.2,22.5,20.9,290.0,290.0,34.5,39,87.9,no
2026-08-16 10:38:22,rule3-charge,"ESS reached 30 kW, holding until SOC 95",-267.2,19.6,22.7,290.0,290.0,34.5,39,87.9,no
2026-08-16 10:38:32,rule3-charge,"ESS reached 30 kW, holding until SOC 95",-265.6,26.5,23.0,290.0,290.0,34.5,39,87.9,no
2026-08-16 10:38:42,rule3-charge,"ESS reached 30 kW, holding until SOC 95",-267.0,28.2,16.6,290.0,290.0,34.5,39,87.9,no
2026-08-16 10:38:53,rule3-charge,"ESS reached 30 kW, holding until SOC 95",-260.0,28.2,13.8,290.0,290.0,34.5,39,87.9,no
2026-08-16 10:39:03,rule3-charge,"ESS reached 30 kW, holding until SOC 95",-261.2,24.9,17.4,290.0,290.0,34.5,39,87.9,no
2026-08-16 10:39:13,rule3-charge,"ESS reached 30 kW, holding until SOC 95",-263.4,25.7,26.3,290.0,290.0,34.5,39,87.9,no
2026-08-16 10:39:23,rule3-charge,"ESS reached 30 kW, holding until SOC 95",-257.6,31.1,31.7,290.0,290.0,34.5,39,87.9,no
2026-08-16 10:39:33,rule3-charge,"ESS reached 30 kW, holding until SOC 95",-264.4,28.0,29.0,290.0,290.0,34.5,39,87.9,no
2026-08-16 10:39:43,rule3-charge,"ESS reached 30 kW, holding until SOC 95",-261.8,29.8,27.0,290.0,290.0,34.5,39,87.9,no
2026-08-16 10:39:54,rule3-charge,"ESS reached 30 kW, holding until SOC 95",-258.6,28.1,31.3,290.0,290.0,34.5,39,87.9,no
2026-08-16 10:40:04,rule3-charge,"ESS reached 30 kW, holding until SOC 95",-256.2,37.0,34.3,290.0,290.0,34.5,39,87.9,no
2026-08-16 10:40:14,rule3-charge,"ESS reached 30 kW, holding until SOC 95",-259.6,40.0,36.9,290.0,290.0,34.5,39,87.9,no
2026-08-16 10:40:24,rule3-charge,"ESS reached 30 kW, holding until SOC 95",-251.6,39.1,45.1,290.0,290.0,34.5,39,87.9,no
2026-08-16 10:40:34,rule3-charge,"ESS reached 30 kW, holding until SOC 95",-253.8,45.9,46.0,290.0,290.0,34.5,39,87.9,no
2026-08-16 10:40:44,rule3-charge,"ESS reached 30 kW, holding until SOC 95",-251.6,43.4,39.0,290.0,290.0,34.5,39,88.3,no
2026-08-16 10:40:54,rule3-charge,"ESS reached 30 kW, holding until SOC 95",-253.2,40.1,43.7,290.0,290.0,34.5,39,88.3,no
2026-08-16 10:41:17,rule3-charge,"ESS reached 30 kW, holding until SOC 95",-265.2,42.1,40.9,290.0,290.0,34.5,39,88.3,no
2026-08-16 10:41:27,rule3-charge,"ESS reached 30 kW, holding until SOC 95",-262.2,39.5,36.4,290.0,290.0,34.5,39,88.3,no
2026-08-16 10:41:37,rule3-charge,"ESS reached 30 kW, holding until SOC 95",-252.0,33.5,39.1,290.0,290.0,34.5,39,88.7,no
2026-08-16 10:41:47,rule3-charge,"ESS reached 30 kW, holding until SOC 95",-257.8,34.7,40.7,290.0,290.0,34.5,39,88.7,no
2026-08-16 10:41:57,rule3-charge,"ESS reached 30 kW, holding until SOC 95",-254.6,43.8,35.4,290.0,290.0,34.5,39,88.7,no
2026-08-16 10:42:07,rule3-charge,"ESS reached 30 kW, holding until SOC 95",-252.2,47.1,43.4,290.0,290.0,34.5,39,88.7,no
2026-08-16 10:42:17,rule3-charge,"ESS reached 30 kW, holding until SOC 95",-250.4,28.0,38.1,290.0,290.0,34.5,39,88.7,no
2026-08-16 10:42:27,rule3-charge,"ESS reached 30 kW, holding until SOC 95",-250.0,43.6,45.5,290.0,290.0,34.5,39,88.7,no
2026-08-16 10:42:37,rule3-charge,"ESS reached 30 kW, holding until SOC 95",-248.2,38.8,48.3,290.0,290.0,34.5,39,88.7,no
2026-08-16 10:42:47,rule3-charge,"ESS reached 30 kW, holding until SOC 95",-257.4,46.9,48.7,290.0,290.0,34.5,39,88.7,no
2026-08-16 10:42:57,rule3-charge,"ESS reached 30 kW, holding until SOC 95",-259.2,39.3,39.7,290.0,290.0,34.5,39,88.7,no
2026-08-16 10:43:07,rule3-charge,"ESS reached 30 kW, holding until SOC 95",-260.8,43.4,44.7,290.0,290.0,34.5,39,89.1,no
2026-08-16 10:43:17,rule3-charge,"charging until 95%, waiting for ESS data",-252.4,45.8,,290.0,290.0,34.5,39,89.1,no
2026-08-16 10:43:27,rule3-charge,"ESS reached 30 kW, holding until SOC 95",-254.8,37.2,40.2,290.0,290.0,34.5,39,89.1,no
2026-08-16 10:43:37,rule3-charge,"ESS reached 30 kW, holding until SOC 95",-263.6,40.8,40.4,290.0,290.0,34.5,39,89.1,no
2026-08-16 10:43:47,rule3-charge,"ESS reached 30 kW, holding until SOC 95",-261.6,34.5,34.6,290.0,290.0,34.5,39,89.1,no
2026-08-16 10:43:58,rule3-charge,"ESS reached 30 kW, holding until SOC 95",-260.0,37.6,32.0,290.0,290.0,34.5,39,89.1,no
2026-08-16 10:44:08,rule3-charge,"ESS reached 30 kW, holding until SOC 95",-255.4,43.1,36.5,290.0,290.0,34.5,39,89.1,no
2026-08-16 10:44:18,rule3-charge,"ESS reached 30 kW, holding until SOC 95",-259.0,34.5,40.2,290.0,290.0,34.5,39,89.1,no
2026-08-16 10:44:28,rule3-charge,"ESS reached 30 kW, holding until SOC 95",-258.8,38.5,39.7,290.0,290.0,34.5,39,89.1,no
2026-08-16 10:44:38,rule3-charge,"ESS reached 30 kW, holding until SOC 95",-254.0,30.5,35.0,290.0,290.0,34.5,39,89.4,no
2026-08-16 10:44:48,rule3-charge,"ESS reached 30 kW, holding until SOC 95",-260.4,15.2,23.3,290.0,290.0,34.5,39,89.4,no
2026-08-16 10:44:59,rule3-charge,"ESS reached 30 kW, holding until SOC 95",-265.8,31.9,35.0,290.0,290.0,34.5,39,89.4,no
2026-08-16 10:45:09,rule3-charge,"ESS reached 30 kW, holding until SOC 95",-266.8,35.3,34.3,290.0,290.0,34.5,39,89.4,no
2026-08-16 10:45:19,rule3-charge,"ESS reached 30 kW, holding until SOC 95",-265.2,35.5,34.3,290.0,290.0,34.5,39,89.4,no
2026-08-16 10:45:30,rule3-charge,"ESS reached 30 kW, holding until SOC 95",-266.8,25.0,29.5,290.0,290.0,34.5,39,89.4,no
2026-08-16 10:45:40,rule3-charge,"ESS reached 30 kW, holding until SOC 95",-270.2,19.6,19.0,290.0,290.0,34.5,39,89.4,no
2026-08-16 10:45:50,rule3-charge,"ESS reached 30 kW, holding until SOC 95",-267.8,0.5,10.0,290.0,290.0,34.5,39,89.4,no
2026-08-16 10:46:00,rule3-charge,"ESS reached 30 kW, holding until SOC 95",-268.0,17.2,17.6,290.0,290.0,34.5,39,89.4,no
2026-08-16 10:46:10,rule3-charge,"ESS reached 30 kW, holding until SOC 95",-272.8,15.0,18.2,290.0,290.0,34.5,39,89.4,no
2026-08-16 10:46:20,rule3-charge,"ESS reached 30 kW, holding until SOC 95",-272.4,13.5,21.1,290.0,290.0,34.5,39,89.4,no
2026-08-16 10:46:31,rule3-charge,"ESS reached 30 kW, holding until SOC 95",-268.4,13.6,19.6,290.0,290.0,34.5,39,89.4,no
2026-08-16 10:46:41,rule3-charge,"ESS reached 30 kW, holding until SOC 95",-269.2,19.2,16.7,290.0,290.0,34.5,39,89.8,no
2026-08-16 10:46:51,rule3-charge,"ESS reached 30 kW, holding until SOC 95",-267.4,18.4,20.1,290.0,290.0,34.5,39,89.8,no
2026-08-16 10:47:01,rule3-charge,"ESS reached 30 kW, holding until SOC 95",-264.8,20.4,23.2,290.0,290.0,34.5,39,89.8,no
2026-08-16 10:47:11,rule3-charge,"ESS reached 30 kW, holding until SOC 95",-270.8,22.7,31.2,290.0,290.0,34.5,39,89.8,no
2026-08-16 10:47:21,rule3-charge,"ESS reached 30 kW, holding until SOC 95",-264.2,18.7,23.4,290.0,290.0,34.5,39,89.8,no
2026-08-16 10:47:32,rule3-charge,"ESS reached 30 kW, holding until SOC 95",-269.0,23.8,15.6,290.0,290.0,34.5,39,89.8,no
2026-08-16 10:47:42,rule3-charge,"ESS reached 30 kW, holding until SOC 95",-292.2,11.1,14.0,290.0,290.0,34.5,39,89.8,no
2026-08-16 10:47:52,rule3-charge,"ESS reached 30 kW, holding until SOC 95",-293.2,15.3,16.7,290.0,290.0,34.5,39,89.8,no
2026-08-16 10:48:02,rule3-charge,"ESS reached 30 kW, holding until SOC 95",-295.0,12.3,12.5,290.0,290.0,34.5,39,89.8,no
2026-08-16 10:48:12,rule3-charge,"ESS reached 30 kW, holding until SOC 95",-280.4,15.9,19.8,290.0,290.0,34.5,39,89.8,no
2026-08-16 10:48:22,rule3-charge,"ESS reached 30 kW, holding until SOC 95",-278.0,21.5,17.1,290.0,290.0,34.5,39,89.8,no
2026-08-16 10:48:33,rule3-charge,"ESS reached 30 kW, holding until SOC 95",-258.6,32.4,27.2,290.0,290.0,34.5,39,89.8,no
2026-08-16 10:48:43,rule3-charge,"ESS reached 30 kW, holding until SOC 95",-257.0,13.0,20.5,290.0,290.0,34.5,39,89.8,no
2026-08-16 10:48:53,rule3-charge,"ESS reached 30 kW, holding until SOC 95",-263.8,25.6,23.1,290.0,290.0,34.5,39,89.8,no
2026-08-16 10:49:03,rule3-charge,"ESS reached 30 kW, holding until SOC 95",-257.8,27.9,21.6,290.0,290.0,34.5,39,89.8,no
2026-08-16 10:49:13,rule3-charge,"ESS reached 30 kW, holding until SOC 95",-261.2,30.1,26.1,290.0,290.0,34.5,39,90.2,no
2026-08-16 10:49:23,rule3-charge,"ESS reached 30 kW, holding until SOC 95",-259.2,30.4,28.9,290.0,290.0,34.5,39,90.2,no
2026-08-16 10:49:34,rule3-charge,"ESS reached 30 kW, holding until SOC 95",-254.0,22.4,20.2,290.0,290.0,34.5,39,90.2,no
2026-08-16 10:49:44,rule3-charge,"ESS reached 30 kW, holding until SOC 95",-253.4,28.7,21.1,290.0,290.0,34.5,39,90.2,no
2026-08-16 10:49:54,rule3-charge,"ESS reached 30 kW, holding until SOC 95",-252.8,30.2,15.9,290.0,290.0,34.5,39,90.2,no
2026-08-16 10:50:04,rule3-charge,"ESS reached 30 kW, holding until SOC 95",-256.8,32.8,33.5,290.0,290.0,34.5,39,90.2,no
2026-08-16 10:50:14,rule3-charge,"ESS reached 30 kW, holding until SOC 95",-256.6,26.9,26.1,290.0,290.0,34.5,39,90.2,no
2026-08-16 10:50:24,rule3-charge,"ESS reached 30 kW, holding until SOC 95",-250.0,26.6,31.6,290.0,290.0,34.5,39,90.2,no
2026-08-16 10:50:35,rule3-charge,"ESS reached 30 kW, holding until SOC 95",-247.0,23.7,30.5,290.0,290.0,34.5,39,90.2,no
2026-08-16 10:50:45,rule3-charge,"ESS reached 30 kW, holding until SOC 95",-249.0,34.9,33.5,290.0,290.0,34.5,39,90.2,no
2026-08-16 10:50:55,rule3-charge,"ESS reached 30 kW, holding until SOC 95",-248.8,30.6,30.9,290.0,290.0,35.0,42,90.2,no
2026-08-16 10:51:05,rule3-charge,"ESS reached 30 kW, holding until SOC 95",-252.0,28.0,33.0,290.0,290.0,35.0,42,90.6,no
2026-08-16 10:51:15,rule3-charge,"ESS reached 30 kW, holding until SOC 95",-246.0,29.6,31.4,290.0,290.0,35.0,42,90.6,no
2026-08-16 10:51:25,rule3-charge,"ESS reached 30 kW, holding until SOC 95",-256.8,20.2,26.3,290.0,290.0,35.0,42,90.6,no
2026-08-16 10:51:36,rule3-charge,"ESS reached 30 kW, holding until SOC 95",-255.2,28.8,29.3,290.0,290.0,35.0,42,90.6,no
2026-08-16 10:51:46,rule3-charge,"ESS reached 30 kW, holding until SOC 95",-258.6,23.0,26.3,290.0,290.0,35.0,42,90.6,no
2026-08-16 10:51:56,rule3-charge,"ESS reached 30 kW, holding until SOC 95",-252.0,22.5,13.9,290.0,290.0,35.0,42,90.6,no
2026-08-16 10:52:06,rule3-charge,"ESS reached 30 kW, holding until SOC 95",-251.2,28.2,29.5,290.0,290.0,35.0,42,90.6,no
2026-08-16 10:52:16,rule3-charge,"ESS reached 30 kW, holding until SOC 95",-254.0,27.0,31.5,290.0,290.0,35.0,42,90.6,no
2026-08-16 10:52:26,rule3-charge,"ESS reached 30 kW, holding until SOC 95",-261.4,32.9,34.0,290.0,290.0,35.0,42,90.6,no
2026-08-16 10:52:37,rule3-charge,"ESS reached 30 kW, holding until SOC 95",-257.4,20.3,22.9,290.0,290.0,35.0,42,90.6,no
2026-08-16 10:52:47,rule3-charge,"ESS reached 30 kW, holding until SOC 95",-268.0,22.6,27.2,290.0,290.0,35.0,42,90.6,no
2026-08-16 10:52:57,rule3-charge,"ESS reached 30 kW, holding until SOC 95",-263.4,20.3,23.5,290.0,290.0,35.0,42,90.6,no
2026-08-16 10:53:07,rule3-charge,"ESS reached 30 kW, holding until SOC 95",-263.0,27.5,28.3,290.0,290.0,35.0,42,91.0,no
2026-08-16 10:53:17,rule3-charge,"ESS reached 30 kW, holding until SOC 95",-270.2,28.7,27.0,290.0,290.0,35.0,42,91.0,no
2026-08-16 10:53:28,rule3-charge,"ESS reached 30 kW, holding until SOC 95",-277.4,16.3,17.0,290.0,290.0,35.0,42,91.0,no
2026-08-16 10:53:38,rule3-charge,"ESS reached 30 kW, holding until SOC 95",-276.8,14.8,17.2,290.0,290.0,35.0,42,91.0,no
2026-08-16 10:53:48,rule3-charge,"ESS reached 30 kW, holding until SOC 95",-261.4,31.4,25.7,290.0,290.0,35.0,42,91.0,no
2026-08-16 10:53:58,rule3-charge,"ESS reached 30 kW, holding until SOC 95",-271.2,30.0,21.0,290.0,290.0,35.0,42,91.0,no
2026-08-16 10:54:08,rule3-charge,"ESS reached 30 kW, holding until SOC 95",-270.0,22.4,25.9,290.0,290.0,35.0,42,91.0,no
2026-08-16 10:54:18,rule3-charge,"ESS reached 30 kW, holding until SOC 95",-276.6,27.3,17.6,290.0,290.0,35.0,42,91.0,no
2026-08-16 10:54:28,rule3-charge,"ESS reached 30 kW, holding until SOC 95",-268.6,16.5,24.0,290.0,290.0,35.0,42,91.0,no
2026-08-16 10:54:39,rule3-charge,"ESS reached 30 kW, holding until SOC 95",-269.8,13.6,4.8,290.0,290.0,35.0,42,91.0,no
2026-08-16 10:54:49,rule3-charge,"ESS reached 30 kW, holding until SOC 95",-265.6,31.6,30.3,290.0,290.0,35.0,42,91.0,no
2026-08-16 10:54:59,rule3-charge,"ESS reached 30 kW, holding until SOC 95",-272.4,33.4,29.9,290.0,290.0,35.0,42,91.0,no
2026-08-16 10:55:09,rule3-charge,"ESS reached 30 kW, holding until SOC 95",-264.4,22.9,21.0,290.0,290.0,35.0,42,91.0,no
2026-08-16 10:55:19,rule3-charge,"ESS reached 30 kW, holding until SOC 95",-261.2,30.8,36.0,290.0,290.0,35.0,42,91.0,no
2026-08-16 10:55:29,rule3-charge,"ESS reached 30 kW, holding until SOC 95",-263.4,24.4,27.5,290.0,290.0,35.0,42,91.0,no
2026-08-16 10:55:39,rule3-charge,"ESS reached 30 kW, holding until SOC 95",-276.6,23.7,24.4,290.0,290.0,35.0,42,91.4,no
2026-08-16 10:55:49,rule3-charge,"ESS reached 30 kW, holding until SOC 95",-275.4,26.6,26.9,290.0,290.0,35.0,42,91.4,no
2026-08-16 10:55:59,rule3-charge,"ESS reached 30 kW, holding until SOC 95",-268.2,26.9,28.4,290.0,290.0,35.0,42,91.4,no
2026-08-16 10:56:10,rule3-charge,"charging until 95%, waiting for ESS data",-260.4,33.3,,290.0,290.0,35.0,42,91.4,no
2026-08-16 10:56:20,rule3-charge,"charging until 95%, waiting for ESS data",-262.0,27.1,,290.0,290.0,35.0,42,91.4,no
2026-08-16 10:56:30,rule3-charge,"ESS reached 30 kW, holding until SOC 95",-262.0,26.2,25.6,290.0,290.0,35.0,42,91.4,no
2026-08-16 10:56:40,rule3-charge,"ESS reached 30 kW, holding until SOC 95",-262.6,24.9,34.3,290.0,290.0,35.0,42,91.4,no
2026-08-16 10:56:50,rule3-charge,"ESS reached 30 kW, holding until SOC 95",-263.4,34.8,35.2,290.0,290.0,35.0,42,91.4,no
2026-08-16 10:57:00,rule3-charge,"ESS reached 30 kW, holding until SOC 95",-272.8,20.9,26.1,290.0,290.0,35.0,42,91.4,no
2026-08-16 10:57:11,rule3-charge,"ESS reached 30 kW, holding until SOC 95",-255.4,33.1,31.5,290.0,290.0,35.0,42,91.4,no
2026-08-16 10:57:21,rule3-charge,"ESS reached 30 kW, holding until SOC 95",-256.6,25.5,27.4,290.0,290.0,35.0,42,91.4,no
2026-08-16 10:57:31,rule3-charge,"ESS reached 30 kW, holding until SOC 95",-262.8,18.9,33.8,290.0,290.0,35.0,42,91.4,no
2026-08-16 10:57:41,rule3-charge,"ESS reached 30 kW, holding until SOC 95",-262.6,22.0,26.7,290.0,290.0,35.0,42,91.7,no
2026-08-16 10:57:51,rule3-charge,"ESS reached 30 kW, holding until SOC 95",-264.8,25.1,34.8,290.0,290.0,35.0,42,91.7,no
2026-08-16 10:58:01,rule3-charge,"ESS reached 30 kW, holding until SOC 95",-260.6,28.8,31.1,290.0,290.0,35.0,42,91.7,no
2026-08-16 10:58:12,rule3-charge,"ESS reached 30 kW, holding until SOC 95",-254.6,33.1,35.8,290.0,290.0,35.0,42,91.7,no
2026-08-16 10:58:22,rule3-charge,"ESS reached 30 kW, holding until SOC 95",-266.0,28.9,33.4,290.0,290.0,35.0,42,91.7,no
2026-08-16 10:58:32,rule3-charge,"ESS reached 30 kW, holding until SOC 95",-264.8,30.1,29.4,290.0,290.0,35.0,42,91.7,no
2026-08-16 10:58:42,rule3-charge,"ESS reached 30 kW, holding until SOC 95",-263.6,34.4,28.9,290.0,290.0,35.0,42,91.7,no
2026-08-16 10:58:52,rule3-charge,"ESS reached 30 kW, holding until SOC 95",-267.6,27.3,18.0,290.0,290.0,35.0,42,91.7,no
2026-08-16 10:59:02,rule3-charge,"ESS reached 30 kW, holding until SOC 95",-261.8,28.2,22.9,290.0,290.0,35.0,42,92.1,no
2026-08-16 10:59:13,rule3-charge,"ESS reached 30 kW, holding until SOC 95",-274.2,26.1,24.5,290.0,290.0,35.0,42,92.1,no
2026-08-16 10:59:23,rule3-charge,"ESS reached 30 kW, holding until SOC 95",-272.8,33.1,29.4,290.0,290.0,35.0,42,92.1,no
2026-08-16 10:59:33,rule3-charge,"ESS reached 30 kW, holding until SOC 95",-269.4,33.2,28.6,290.0,290.0,35.0,42,92.1,no
2026-08-16 10:59:43,rule3-charge,"ESS reached 30 kW, holding until SOC 95",-264.4,23.0,19.8,290.0,290.0,35.0,42,92.1,no
2026-08-16 10:59:53,rule3-charge,"ESS reached 30 kW, holding until SOC 95",-265.6,27.6,27.2,290.0,290.0,35.0,42,92.1,no
2026-08-16 11:00:03,rule3-charge,"ESS reached 30 kW, holding until SOC 95",-261.2,23.6,18.6,290.0,290.0,35.0,42,92.1,no
2026-08-16 11:00:14,rule3-charge,"ESS reached 30 kW, holding until SOC 95",-268.6,15.7,21.5,290.0,290.0,35.0,42,92.1,no
2026-08-16 11:00:24,rule3-charge,"ESS reached 30 kW, holding until SOC 95",-258.0,27.2,21.1,290.0,290.0,35.0,42,92.1,no
2026-08-16 11:00:34,rule3-charge,"ESS reached 30 kW, holding until SOC 95",-266.4,16.7,27.3,290.0,290.0,35.0,42,92.1,no
2026-08-16 11:00:44,rule3-charge,"ESS reached 30 kW, holding until SOC 95",-270.2,24.4,19.8,290.0,290.0,35.0,42,92.1,no
2026-08-16 11:00:54,rule3-charge,"ESS reached 30 kW, holding until SOC 95",-265.8,17.7,27.0,290.0,290.0,35.0,42,92.1,no
2026-08-16 11:01:04,rule3-charge,"ESS reached 30 kW, holding until SOC 95",-268.4,23.8,18.4,290.0,290.0,35.5,43,92.1,no
2026-08-16 11:01:26,rule3-charge,"ESS reached 30 kW, holding until SOC 95",-277.6,30.2,23.3,290.0,290.0,35.5,43,92.1,no
2026-08-16 11:01:36,rule3-charge,"ESS reached 30 kW, holding until SOC 95",-276.4,26.7,28.3,290.0,290.0,35.5,43,92.5,no
2026-08-16 11:01:46,rule3-charge,"ESS reached 30 kW, holding until SOC 95",-269.4,33.1,33.9,290.0,290.0,35.5,43,92.5,no
2026-08-16 11:01:56,rule3-charge,"ESS reached 30 kW, holding until SOC 95",-266.2,35.1,34.2,290.0,290.0,35.5,43,92.5,no
2026-08-16 11:02:06,rule3-charge,"ESS reached 30 kW, holding until SOC 95",-264.8,22.2,25.6,290.0,290.0,35.5,43,92.5,no
2026-08-16 11:02:17,rule3-charge,"ESS reached 30 kW, holding until SOC 95",-266.6,26.6,34.1,290.0,290.0,35.5,43,92.5,no
2026-08-16 11:02:27,rule3-charge,"ESS reached 30 kW, holding until SOC 95",-271.2,26.0,32.1,290.0,290.0,35.5,43,92.5,no
2026-08-16 11:02:37,rule3-charge,"ESS reached 30 kW, holding until SOC 95",-264.8,19.4,23.8,290.0,290.0,35.5,43,92.5,no
2026-08-16 11:02:48,rule3-charge,"ESS reached 30 kW, holding until SOC 95",-272.0,34.3,27.8,290.0,290.0,35.5,43,92.5,no
2026-08-16 11:02:58,rule3-charge,"ESS reached 30 kW, holding until SOC 95",-268.2,27.9,28.1,290.0,290.0,35.5,43,92.5,no
2026-08-16 11:03:08,rule3-charge,"ESS reached 30 kW, holding until SOC 95",-274.0,23.9,21.4,290.0,290.0,35.5,43,92.5,no
2026-08-16 11:03:18,rule3-charge,"ESS reached 30 kW, holding until SOC 95",-272.0,29.7,30.3,290.0,290.0,35.5,43,92.5,no
2026-08-16 11:03:28,rule3-charge,"ESS reached 30 kW, holding until SOC 95",-269.0,25.1,30.4,290.0,290.0,35.5,43,92.5,no
2026-08-16 11:03:38,rule3-charge,"ESS reached 30 kW, holding until SOC 95",-266.0,30.1,22.9,290.0,290.0,35.5,43,92.9,no
2026-08-16 11:03:48,rule3-charge,"ESS reached 30 kW, holding until SOC 95",-275.2,26.6,21.0,290.0,290.0,35.5,43,92.9,no
2026-08-16 11:03:58,rule3-charge,"ESS reached 30 kW, holding until SOC 95",-271.2,23.5,21.8,290.0,290.0,35.5,43,92.9,no
2026-08-16 11:04:08,rule3-charge,"ESS reached 30 kW, holding until SOC 95",-267.8,28.9,17.6,290.0,290.0,35.5,43,92.9,no
2026-08-16 11:04:19,rule3-charge,"ESS reached 30 kW, holding until SOC 95",-266.2,24.6,27.1,290.0,290.0,35.5,43,92.9,no
2026-08-16 11:04:29,rule3-charge,"ESS reached 30 kW, holding until SOC 95",-271.4,29.7,28.0,290.0,290.0,35.5,43,92.9,no
2026-08-16 11:04:39,rule3-charge,"ESS reached 30 kW, holding until SOC 95",-272.2,30.2,31.4,290.0,290.0,35.5,43,92.9,no
2026-08-16 11:04:49,rule3-charge,"ESS reached 30 kW, holding until SOC 95",-267.6,27.7,31.0,290.0,290.0,35.5,43,92.9,no
2026-08-16 11:04:59,rule3-charge,"ESS reached 30 kW, holding until SOC 95",-275.6,29.6,29.1,290.0,290.0,35.5,43,92.9,no
2026-08-16 11:05:09,rule3-charge,"ESS reached 30 kW, holding until SOC 95",-272.0,32.4,25.8,290.0,290.0,35.5,43,92.9,no
2026-08-16 11:05:20,rule3-charge,"ESS reached 30 kW, holding until SOC 95",-268.2,27.7,30.5,290.0,290.0,35.5,43,92.9,no
2026-08-16 11:05:30,rule3-charge,"ESS reached 30 kW, holding until SOC 95",-261.6,31.7,31.5,290.0,290.0,35.5,43,92.9,no
2026-08-16 11:05:40,rule3-charge,"ESS reached 30 kW, holding until SOC 95",-258.2,35.8,31.5,290.0,290.0,35.5,43,93.3,no
2026-08-16 11:05:50,rule3-charge,"ESS reached 30 kW, holding until SOC 95",-251.4,34.7,29.8,290.0,290.0,35.5,43,93.3,no
2026-08-16 11:06:00,rule3-charge,"ESS reached 30 kW, holding until SOC 95",-257.6,38.9,38.8,290.0,290.0,35.5,43,93.3,no
2026-08-16 11:06:10,rule3-charge,"ESS reached 30 kW, holding until SOC 95",-256.4,36.6,38.7,290.0,290.0,35.5,43,93.3,no
2026-08-16 11:06:21,rule3-charge,"ESS reached 30 kW, holding until SOC 95",-251.0,35.7,38.1,290.0,290.0,35.5,43,93.3,no
2026-08-16 11:06:31,rule3-charge,"ESS reached 30 kW, holding until SOC 95",-256.8,33.8,38.2,290.0,290.0,35.5,43,93.3,no
2026-08-16 11:06:41,rule3-charge,"ESS reached 30 kW, holding until SOC 95",-258.2,32.1,34.2,290.0,290.0,35.5,43,93.3,no
2026-08-16 11:06:51,rule3-charge,"ESS reached 30 kW, holding until SOC 95",-257.8,31.4,34.4,290.0,290.0,35.5,43,93.3,no
2026-08-16 11:07:01,rule3-charge,"ESS reached 30 kW, holding until SOC 95",-243.4,42.0,37.2,290.0,290.0,35.5,43,93.3,no
2026-08-16 11:07:11,rule3-charge,"ESS reached 30 kW, holding until SOC 95",-263.4,38.9,39.5,290.0,290.0,35.5,43,93.7,no
2026-08-16 11:07:22,rule3-charge,"ESS reached 30 kW, holding until SOC 95",-257.2,27.5,33.0,290.0,290.0,35.5,43,93.7,no
2026-08-16 11:07:32,rule3-charge,"ESS reached 30 kW, holding until SOC 95",-253.8,34.5,32.5,290.0,290.0,35.5,43,93.7,no
2026-08-16 11:07:42,rule3-charge,"ESS reached 30 kW, holding until SOC 95",-256.6,37.7,37.4,290.0,290.0,35.5,43,93.7,no
2026-08-16 11:07:52,rule3-charge,"ESS reached 30 kW, holding until SOC 95",-258.2,38.5,41.8,290.0,290.0,35.5,43,93.7,no
2026-08-16 11:08:02,rule3-charge,"ESS reached 30 kW, holding until SOC 95",-260.2,35.2,38.7,290.0,290.0,35.5,43,93.7,no
2026-08-16 11:08:12,rule3-charge,"ESS reached 30 kW, holding until SOC 95",-249.6,40.2,38.3,290.0,290.0,35.5,43,93.7,no
2026-08-16 11:08:22,rule3-charge,"ESS reached 30 kW, holding until SOC 95",-258.6,35.2,29.7,290.0,290.0,35.5,43,93.7,no
2026-08-16 11:08:33,rule3-charge,"ESS reached 30 kW, holding until SOC 95",-254.4,23.9,34.5,290.0,290.0,35.5,43,94.1,no
2026-08-16 11:08:43,rule3-charge,"ESS reached 30 kW, holding until SOC 95",-278.0,24.4,19.3,290.0,290.0,35.5,43,94.1,no
2026-08-16 11:08:53,rule3-charge,"ESS reached 30 kW, holding until SOC 95",-273.8,33.7,31.3,290.0,290.0,35.5,43,94.1,no
2026-08-16 11:09:03,rule3-charge,"ESS reached 30 kW, holding until SOC 95",-275.6,34.9,34.6,290.0,290.0,35.5,43,94.1,no
2026-08-16 11:09:13,rule3-charge,"charging until 95%, waiting for ESS data",-271.4,35.7,,290.0,290.0,35.5,43,94.1,no
2026-08-16 11:09:24,rule3-charge,"charging until 95%, waiting for ESS data",-283.8,33.3,,290.0,290.0,35.5,43,94.1,no
2026-08-16 11:09:34,rule3-charge,"ESS reached 30 kW, holding until SOC 95",-267.0,30.3,30.4,290.0,290.0,35.5,43,94.1,no
2026-08-16 11:09:44,rule3-charge,"ESS reached 30 kW, holding until SOC 95",-256.6,38.5,41.1,290.0,290.0,35.5,43,94.1,no
2026-08-16 11:09:55,rule3-charge,"ESS reached 30 kW, holding until SOC 95",-261.6,39.7,35.7,290.0,290.0,35.5,43,94.1,no
2026-08-16 11:10:05,rule3-charge,"ESS reached 30 kW, holding until SOC 95",-262.8,32.1,31.8,290.0,290.0,35.5,43,94.4,no
2026-08-16 11:10:15,rule3-charge,"ESS reached 30 kW, holding until SOC 95",-268.0,33.4,28.7,290.0,290.0,35.5,43,94.4,no
2026-08-16 11:10:25,rule3-charge,"ESS reached 30 kW, holding until SOC 95",-256.0,32.3,32.0,290.0,290.0,35.5,43,94.4,no
2026-08-16 11:10:35,rule3-charge,"ESS reached 30 kW, holding until SOC 95",-269.4,27.1,22.3,290.0,290.0,35.5,43,94.4,no
2026-08-16 11:10:45,rule3-charge,"ESS reached 30 kW, holding until SOC 95",-262.8,31.1,36.6,290.0,290.0,35.5,43,94.4,no
2026-08-16 11:10:55,rule3-charge,"ESS reached 30 kW, holding until SOC 95",-270.6,37.0,36.4,290.0,290.0,35.5,43,94.4,no
2026-08-16 11:11:05,rule3-charge,"ESS reached 30 kW, holding until SOC 95",-263.2,30.1,26.9,290.0,290.0,35.5,43,94.4,no
2026-08-16 11:11:16,rule3-charge,"ESS reached 30 kW, holding until SOC 95",-268.4,15.8,27.2,290.0,290.0,35.5,43,94.4,no
2026-08-16 11:11:26,rule3-charge,"ESS reached 30 kW, holding until SOC 95",-255.2,31.6,30.5,290.0,290.0,35.5,43,94.4,no
2026-08-16 11:11:36,rule3-charge,"ESS reached 30 kW, holding until SOC 95",-261.0,39.6,34.9,290.0,290.0,35.5,43,94.4,no
2026-08-16 11:11:46,rule3-charge,"ESS reached 30 kW, holding until SOC 95",-268.2,25.7,32.6,290.0,290.0,35.5,43,94.4,no
2026-08-16 11:11:56,rule3-charge,"ESS reached 30 kW, holding until SOC 95",-265.4,24.8,26.6,290.0,290.0,35.5,43,94.4,no
2026-08-16 11:12:06,rule3-charge,"ESS reached 30 kW, holding until SOC 95",-265.0,33.0,29.3,290.0,290.0,35.5,43,94.8,no
2026-08-16 11:12:16,rule3-charge,"ESS reached 30 kW, holding until SOC 95",-261.2,36.9,31.3,290.0,290.0,35.5,43,94.8,no
2026-08-16 11:12:27,rule3-charge,"ESS reached 30 kW, holding until SOC 95",-266.2,27.8,25.7,290.0,290.0,35.5,43,94.8,no
2026-08-16 11:12:37,rule3-charge,"ESS reached 30 kW, holding until SOC 95",-260.6,33.6,31.5,290.0,290.0,35.5,43,94.8,no
2026-08-16 11:12:47,rule3-charge,"ESS reached 30 kW, holding until SOC 95",-266.2,31.1,32.3,290.0,290.0,35.5,43,94.8,no
2026-08-16 11:12:57,rule3-charge,"ESS reached 30 kW, holding until SOC 95",-263.0,31.4,28.3,290.0,290.0,35.5,43,94.8,no
2026-08-16 11:13:07,rule3-charge,"ESS reached 30 kW, holding until SOC 95",-269.8,30.9,33.4,290.0,290.0,35.5,43,94.8,no
2026-08-16 11:13:17,rule3-charge,"ESS reached 30 kW, holding until SOC 95",-274.2,23.8,20.8,290.0,290.0,35.5,43,94.8,no
2026-08-16 11:13:28,rule3-charge,"ESS reached 30 kW, holding until SOC 95",-265.8,20.8,25.7,290.0,290.0,35.5,43,94.8,no
2026-08-16 11:13:38,rule3-charge,"ESS reached 30 kW, holding until SOC 95",-270.4,31.2,17.6,290.0,290.0,35.5,43,94.8,no
2026-08-16 11:13:48,rule3-charge,"ESS reached 30 kW, holding until SOC 95",-272.0,34.1,29.3,290.0,290.0,35.5,43,94.8,no
2026-08-16 11:13:58,rule3-charge,"ESS reached 30 kW, holding until SOC 95",-266.8,17.6,28.6,290.0,290.0,35.5,43,94.8,no
2026-08-16 11:14:08,rule3-soc-high,"SOC>=95, lower PV until an ESS reaches -30",-265.8,24.9,24.1,290.0,280.0,35.5,43,95.2,yes
2026-08-16 11:14:18,rule3-soc-high,"SOC>=95, lower PV until an ESS reaches -30",-270.8,14.0,17.8,280.0,270.0,35.5,43,95.2,yes
2026-08-16 11:14:29,rule3-soc-high,"SOC>=95, lower PV until an ESS reaches -30",-271.6,23.8,24.1,270.0,260.0,35.5,43,95.2,yes
2026-08-16 11:14:39,rule3-soc-high,"SOC>=95, lower PV until an ESS reaches -30",-275.8,18.6,16.3,260.0,250.0,35.5,43,95.2,yes
2026-08-16 11:14:49,rule3-soc-high,"SOC>=95, lower PV until an ESS reaches -30",-270.4,15.9,3.6,250.0,240.0,35.5,43,95.2,yes
2026-08-16 11:14:59,rule3-soc-high,"SOC>=95, lower PV until an ESS reaches -30",-282.8,9.2,8.9,240.0,230.0,35.5,43,95.2,yes
2026-08-16 11:15:09,rule3-soc-high,"SOC>=95, lower PV until an ESS reaches -30",-275.0,-2.4,-2.8,230.0,220.0,35.5,43,95.2,yes
2026-08-16 11:15:19,rule3-soc-high,"SOC>=95, lower PV until an ESS reaches -30",-270.2,-3.1,-4.2,220.0,210.0,35.5,43,95.2,yes
2026-08-16 11:15:30,rule3-soc-high,"SOC>=95, lower PV until an ESS reaches -30",-269.2,-3.0,-13.5,210.0,200.0,35.5,43,95.2,yes
2026-08-16 11:15:40,rule3-soc-high,"SOC>=95, lower PV until an ESS reaches -30",-270.8,-15.9,-14.8,200.0,190.0,35.5,43,95.2,yes
2026-08-16 11:15:50,rule3-soc-high,"SOC>=95, lower PV until an ESS reaches -30",-260.6,-18.8,-14.2,190.0,180.0,35.5,43,95.2,yes
2026-08-16 11:16:00,rule3-soc-high,"SOC>=95, lower PV until an ESS reaches -30",-261.4,-12.4,-20.9,180.0,170.0,35.5,43,95.2,yes
2026-08-16 11:16:10,rule3-soc-high,"SOC>=95, an ESS reached -30, stop lowering",-288.4,-38.6,-37.1,170.0,170.0,35.5,43,95.2,no
2026-08-16 11:16:21,rule3-soc-high,"SOC>=95, ESS at -30 target, hold",-289.4,-45.5,-43.2,170.0,170.0,35.5,43,95.2,no
2026-08-16 11:16:31,rule3-soc-high,"SOC>=95, ESS at -30 target, hold",-274.2,-37.9,-36.9,170.0,170.0,35.5,43,95.2,no
2026-08-16 11:16:41,rule3-soc-high,"SOC>=95, ESS at -30 target, hold",-263.2,-28.0,-28.2,170.0,170.0,35.5,43,95.2,no
2026-08-16 11:16:51,rule3-soc-high,"SOC>=95, ESS at -30 target, hold",-264.6,-28.8,-28.8,170.0,170.0,35.5,43,95.2,no
2026-08-16 11:17:01,rule3-soc-high,"SOC>=95, ESS at -30 target, hold",-263.4,-29.7,-29.5,170.0,170.0,35.5,43,95.2,no
2026-08-16 11:17:11,rule3-soc-high,"SOC>=95, ESS at -30 target, hold",-261.2,-27.9,-27.9,170.0,170.0,35.5,43,95.2,no
2026-08-16 11:17:21,rule3-soc-high,"SOC>=95, ESS at -30 target, hold",-259.4,-27.0,-26.7,170.0,170.0,35.5,43,95.2,no
2026-08-16 11:17:32,rule3-soc-high,"SOC>=95, ESS at -30 target, hold",-254.4,-24.6,-25.2,170.0,170.0,35.5,43,95.2,no
2026-08-16 11:17:42,rule3-soc-high,"SOC>=95, ESS at -30 target, hold",-258.6,-29.3,-29.1,170.0,170.0,35.5,43,95.2,no
2026-08-16 11:17:52,rule3-soc-high,"SOC>=95, ESS at -30 target, hold",-261.2,-26.5,-31.0,170.0,170.0,35.5,43,95.2,no
2026-08-16 11:18:02,rule3-soc-high,"SOC>=95, ESS at -30 target, hold",-265.2,-30.9,-32.0,170.0,170.0,35.5,43,95.2,no
2026-08-16 11:18:12,rule3-soc-high,"SOC>=95, ESS at -30 target, hold",-257.8,-25.4,-25.0,170.0,170.0,35.5,43,95.2,no
2026-08-16 11:18:22,rule3-soc-high,"SOC>=95, ESS at -30 target, hold",-261.2,-28.4,-28.6,170.0,170.0,35.5,43,95.2,no
2026-08-16 11:18:33,rule3-soc-high,"SOC>=95, ESS at -30 target, hold",-262.2,-28.7,-28.9,170.0,170.0,35.5,43,95.2,no
2026-08-16 11:18:43,rule2-hot,"hot, PV=gate-20, raise to keep ESS>=10",-265.8,-28.8,-30.2,170.0,255.8,35.5,43,94.8,yes
2026-08-16 11:18:53,rule2-hot,"hot, PV=gate-20, raise to keep ESS>=10",-263.2,-14.7,-17.1,255.8,253.2,35.5,43,94.8,yes
2026-08-16 11:19:03,rule2-hot,"hot, PV=gate-20, raise to keep ESS>=10",-268.4,6.5,6.3,253.2,258.4,35.5,43,94.8,yes
2026-08-16 11:19:13,rule2-hot,"hot, PV=gate-20, ESS in 10..20",-269.6,19.4,17.0,258.4,249.6,35.5,43,94.8,yes
2026-08-16 11:19:23,rule2-hot,"hot, PV=gate-20, raise to keep ESS>=10",-268.2,6.3,9.9,249.6,258.2,35.5,43,94.8,yes
2026-08-16 11:19:34,rule2-hot,"hot, PV=gate-20, ESS in 10..20",-267.8,16.3,11.8,258.2,247.8,35.5,43,94.8,yes
2026-08-16 11:19:44,rule2-hot,"hot, PV=gate-20, raise to keep ESS>=10",-267.2,8.6,8.5,247.8,257.2,35.5,43,94.8,yes
2026-08-16 11:19:54,rule2-hot,"hot, PV=gate-20, ESS in 10..20",-270.2,14.9,13.8,257.2,250.2,35.5,43,94.8,yes
2026-08-16 11:20:04,rule2-hot,"hot, PV=gate-20, ESS in 10..20",-271.4,16.5,16.3,250.2,251.4,35.5,43,94.8,yes
2026-08-16 11:20:14,rule2-hot,"hot, PV=gate-20, ESS in 10..20",-268.4,11.9,18.2,251.4,248.4,35.5,43,94.8,yes
2026-08-16 11:20:24,rule2-hot,"hot, PV=gate-20, raise to keep ESS>=10",-262.2,7.1,13.6,248.4,252.2,35.5,43,94.8,yes
2026-08-16 11:20:34,rule2-hot,"hot, PV=gate-20, raise to keep ESS>=10",-269.4,6.8,3.9,252.2,259.4,35.5,43,94.8,yes
2026-08-16 11:20:44,rule2-hot,"hot, PV=gate-20, ESS in 10..20",-269.2,16.4,19.1,259.4,249.2,35.5,43,94.8,yes
2026-08-16 11:20:55,rule2-hot,"hot, PV=gate-20, ESS in 10..20",-269.2,11.0,17.2,249.2,249.2,35.5,43,94.8,no
2026-08-16 11:21:05,rule2-hot,"hot, PV=gate-20, ESS in 10..20",-258.6,15.8,15.4,249.2,238.6,35.5,43,94.8,yes
2026-08-16 11:21:15,rule2-hot,"hot, PV=gate-20, ESS in 10..20",-259.4,15.5,15.2,238.6,239.4,36.0,39,94.8,yes
2026-08-16 11:21:26,rule2-hot,"hot, PV=gate-20, raise to keep ESS>=10",-256.0,7.5,4.6,239.4,246.0,36.0,39,94.8,yes
2026-08-16 11:21:36,rule2-hot,"hot, PV=gate-20, ESS in 10..20",-255.2,14.9,17.2,246.0,235.2,36.0,39,94.8,yes
2026-08-16 11:21:46,rule2-hot,"hot, PV=gate-20, raise to keep ESS>=10",-260.4,6.0,0.3,235.2,250.4,36.0,39,94.8,yes
2026-08-16 11:21:56,rule2-hot,"hot, PV=gate-20, ESS in 10..20",-258.8,12.2,14.1,250.4,238.8,36.0,39,94.8,yes
2026-08-16 11:22:07,rule2-hot,"hot, PV=gate-20, raise to keep ESS>=10",-267.2,8.9,6.5,238.8,257.2,36.0,39,94.8,yes
2026-08-16 11:22:17,rule2-hot,"hot, PV=gate-20",-273.2,9.6,,257.2,253.2,36.0,39,94.8,yes
2026-08-16 11:22:27,rule2-hot,"hot, PV=gate-20",-258.8,20.8,,253.2,238.8,36.0,39,94.8,yes
2026-08-16 11:22:37,rule2-hot,"hot, PV=gate-20, raise to keep ESS>=10",-254.4,12.8,8.5,238.8,244.4,36.0,39,94.8,yes
2026-08-16 11:22:47,rule2-hot,"hot, PV=gate-20, ESS in 10..20",-254.2,16.6,10.0,244.4,234.2,36.0,39,94.8,yes
2026-08-16 11:22:57,rule2-hot,"hot, PV=gate-20, ESS in 10..20",-256.4,11.9,13.3,234.2,236.4,36.0,39,94.8,yes
2026-08-16 11:23:07,rule2-hot,"hot, PV=gate-20, ESS in 10..20",-250.8,13.5,13.3,236.4,230.8,36.0,39,94.8,yes
2026-08-16 11:23:17,rule2-hot,"hot, PV=gate-20, raise to keep ESS>=10",-253.8,5.4,12.0,230.8,243.8,36.0,39,94.8,yes
2026-08-16 11:23:27,rule2-hot,"hot, PV=gate-20, ESS in 10..20",-249.0,16.9,18.8,243.8,229.0,36.0,39,94.8,yes
2026-08-16 11:23:37,rule2-hot,"hot, PV=gate-20, raise to keep ESS>=10",-254.6,12.1,8.4,229.0,244.6,36.0,39,94.8,yes
2026-08-16 11:23:48,rule2-hot,"hot, PV=gate-20, ESS in 10..20",-248.0,17.5,17.7,244.6,228.0,36.0,39,94.8,yes
2026-08-16 11:23:58,rule2-hot,"hot, PV=gate-20, raise to keep ESS>=10",-252.6,-3.3,11.1,228.0,242.6,36.0,39,94.8,yes
2026-08-16 11:24:09,rule2-hot,"hot, PV=gate-20, ESS in 10..20",-249.6,15.3,14.2,242.6,229.6,36.0,39,94.8,yes
2026-08-16 11:24:19,rule2-hot,"hot, PV=gate-20, ESS in 10..20",-247.8,14.2,15.3,229.6,227.8,36.0,39,94.8,yes
2026-08-16 11:24:29,rule2-hot,"hot, PV=gate-20, raise to keep ESS>=10",-248.2,10.0,9.5,227.8,238.2,36.0,39,94.8,yes
2026-08-16 11:24:40,rule2-hot,"hot, PV=gate-20, raise to keep ESS>=10",-258.0,4.9,10.0,238.2,248.0,36.0,39,94.8,yes
2026-08-16 11:24:50,rule2-hot,"hot, PV=gate-20, ESS in 10..20",-250.2,14.5,16.8,248.0,230.2,36.0,39,94.8,yes
2026-08-16 11:25:00,rule2-hot,"hot, PV=gate-20, raise to keep ESS>=10",-257.2,6.9,13.6,230.2,247.2,36.0,39,94.8,yes
2026-08-16 11:25:10,rule2-hot,"hot, PV=gate-20, ESS in 10..20",-256.0,18.8,17.7,247.2,236.0,36.0,39,94.8,yes
2026-08-16 11:25:20,rule2-hot,"hot, PV=gate-20, raise to keep ESS>=10",-254.4,-4.0,14.7,236.0,244.4,36.0,39,94.8,yes
2026-08-16 11:25:30,rule2-hot,"hot, PV=gate-20, ESS in 10..20",-251.2,10.9,11.6,244.4,231.2,36.0,39,94.8,yes
2026-08-16 11:25:40,rule2-hot,"hot, PV=gate-20, raise to keep ESS>=10",-254.8,8.6,-4.7,231.2,244.8,36.0,39,94.8,yes
2026-08-16 11:25:51,rule2-hot,"hot, PV=gate-20, raise to keep ESS>=10",-258.0,7.6,9.3,244.8,248.0,36.0,39,94.8,yes
2026-08-16 11:26:01,rule2-hot,"hot, PV=gate-20, ESS in 10..20",-256.8,18.8,12.9,248.0,236.8,36.0,39,94.8,yes
2026-08-16 11:26:11,rule2-hot,"hot, PV=gate-20, raise to keep ESS>=10",-257.6,9.8,13.2,236.8,247.6,36.0,39,94.8,yes
2026-08-16 11:26:21,rule2-hot,"hot, PV=gate-20, ESS in 10..20",-251.4,11.4,14.5,247.6,231.4,36.0,39,94.8,yes
2026-08-16 11:26:31,rule2-hot,"hot, PV=gate-20, ESS in 10..20",-255.6,11.6,15.5,231.4,235.6,36.0,39,94.8,yes
2026-08-16 11:26:41,rule3-soc-high,"SOC>=95, lower PV until an ESS reaches -30",-256.4,2.7,14.7,235.6,225.6,36.0,39,95.2,yes
2026-08-16 11:26:51,rule3-soc-high,"SOC>=95, lower PV until an ESS reaches -30",-261.4,7.5,-0.3,225.6,215.6,36.0,39,95.2,yes
2026-08-16 11:27:02,rule3-soc-high,"SOC>=95, lower PV until an ESS reaches -30",-251.4,7.6,4.9,215.6,205.6,36.0,39,95.2,yes
2026-08-16 11:27:12,rule3-soc-high,"SOC>=95, lower PV until an ESS reaches -30",-259.4,-8.9,-1.9,205.6,195.6,36.0,39,95.2,yes
2026-08-16 11:27:22,rule3-soc-high,"SOC>=95, lower PV until an ESS reaches -30",-262.8,-13.3,-12.9,195.6,185.6,36.0,39,95.2,yes
2026-08-16 11:27:32,rule3-soc-high,"SOC>=95, lower PV until an ESS reaches -30",-258.4,-18.0,-17.2,185.6,175.6,36.0,39,95.2,yes
2026-08-16 11:27:42,rule3-soc-high,"SOC>=95, lower PV until an ESS reaches -30",-256.8,-20.7,-22.1,175.6,165.6,36.0,39,95.2,yes
2026-08-16 11:27:52,rule3-soc-high,"SOC>=95, lower PV until an ESS reaches -30",-253.2,-20.2,-19.9,165.6,155.6,36.0,39,95.2,yes
2026-08-16 11:28:02,rule3-soc-high,"SOC>=95, lower PV until an ESS reaches -30",-255.0,-29.4,-29.5,155.6,145.6,36.0,39,95.2,yes
2026-08-16 11:28:13,rule3-soc-high,"SOC>=95, an ESS reached -30, stop lowering",-254.4,-34.3,-37.3,145.6,145.6,36.0,39,95.2,no
2026-08-16 11:28:23,rule3-soc-high,"SOC>=95, ESS at -30 target, hold",-251.4,-38.5,-38.2,145.6,145.6,36.0,39,95.2,no
2026-08-16 11:28:33,rule3-soc-high,"SOC>=95, ESS at -30 target, hold",-250.8,-30.6,-30.3,145.6,145.6,36.0,39,95.2,no
2026-08-16 11:28:43,rule3-soc-high,"SOC>=95, ESS at -30 target, hold",-253.6,-37.8,-39.5,145.6,145.6,36.0,39,95.2,no
2026-08-16 11:28:53,rule3-soc-high,"SOC>=95, ESS at -30 target, hold",-255.6,-40.9,-40.8,145.6,145.6,36.0,39,95.2,no
2026-08-16 11:29:03,rule3-soc-high,"SOC>=95, ESS at -30 target, hold",-255.2,-41.0,-41.5,145.6,145.6,36.0,39,95.2,no
2026-08-16 11:29:14,rule3-soc-high,"SOC>=95, ESS at -30 target, hold",-249.2,-37.2,-39.2,145.6,145.6,36.0,39,95.2,no
2026-08-16 11:29:24,rule3-soc-high,"SOC>=95, ESS at -30 target, hold",-255.0,-42.0,-40.0,145.6,145.6,36.0,39,95.2,no
2026-08-16 11:29:34,rule3-soc-high,"SOC>=95, ESS at -30 target, hold",-254.2,-42.3,-40.1,145.6,145.6,36.0,39,95.2,no
2026-08-16 11:29:44,rule2-hot,"hot, PV=gate-20, raise to keep ESS>=10",-252.4,-38.5,-37.5,145.6,242.4,36.0,39,94.8,yes
2026-08-16 11:29:54,rule2-hot,"hot, PV=gate-20, raise to keep ESS>=10",-271.6,-30.4,-31.1,242.4,261.6,36.0,39,94.8,yes
2026-08-16 11:30:04,rule2-hot,"hot, PV=gate-20, raise to keep ESS>=10",-276.8,0.1,2.7,261.6,266.8,36.0,39,94.8,yes
2026-08-16 11:30:15,rule2-hot,"hot, PV=gate-20, ESS in 10..20",-261.6,17.5,16.6,266.8,241.6,36.0,39,94.8,yes
2026-08-16 11:30:25,rule2-hot,"hot, PV=gate-20, lower to keep ESS<=20",-256.2,23.1,14.4,241.6,226.2,36.0,39,94.8,yes
2026-08-16 11:30:35,rule2-hot,"hot, PV=gate-20, raise to keep ESS>=10",-255.0,10.7,4.4,226.2,245.0,36.0,39,94.8,yes
2026-08-16 11:30:45,rule2-hot,"hot, PV=gate-20, raise to keep ESS>=10",-252.0,8.9,13.5,245.0,242.0,36.0,39,94.8,yes
2026-08-16 11:30:55,rule2-hot,"hot, PV=gate-20, raise to keep ESS>=10",-257.0,13.9,6.4,242.0,247.0,36.0,39,94.8,yes
2026-08-16 11:31:05,rule2-hot,"hot, PV=gate-20, raise to keep ESS>=10",-257.4,7.7,14.1,247.0,247.4,36.0,39,94.8,yes
2026-08-16 11:31:16,rule2-hot,"hot, PV=gate-20, ESS in 10..20",-250.4,19.9,10.3,247.4,230.4,36.5,31,94.8,yes
2026-08-16 11:31:39,rule2-hot,"hot, PV=gate-20, raise to keep ESS>=10",-258.0,2.9,12.8,230.4,248.0,36.5,31,94.8,yes
2026-08-16 11:31:49,rule2-hot,"hot, PV=gate-20, raise to keep ESS>=10",-257.4,15.9,8.9,248.0,247.4,36.5,31,94.8,yes
2026-08-16 11:31:59,rule2-hot,"hot, PV=gate-20, ESS in 10..20",-256.6,17.7,14.8,247.4,236.6,36.5,31,94.8,yes
2026-08-16 11:32:09,rule2-hot,"hot, PV=gate-20, ESS in 10..20",-251.4,12.1,10.5,236.6,231.4,36.5,31,94.8,yes
2026-08-16 11:32:19,rule2-hot,"hot, PV=gate-20, raise to keep ESS>=10",-259.2,7.8,9.8,231.4,249.2,36.5,31,94.8,yes
2026-08-16 11:32:29,rule2-hot,"hot, PV=gate-20, raise to keep ESS>=10",-255.2,9.6,2.4,249.2,245.2,36.5,31,94.8,yes
2026-08-16 11:32:40,rule2-hot,"hot, PV=gate-20, ESS in 10..20",-258.6,10.7,10.3,245.2,238.6,36.5,31,94.8,yes
2026-08-16 11:32:50,rule2-hot,"hot, PV=gate-20, ESS in 10..20",-254.6,17.5,17.3,238.6,234.6,36.5,31,94.8,yes
2026-08-16 11:33:00,rule2-hot,"hot, PV=gate-20, raise to keep ESS>=10",-253.2,11.3,7.1,234.6,243.2,36.5,31,94.8,yes
2026-08-16 11:33:10,rule2-hot,"hot, PV=gate-20, ESS in 10..20",-259.6,11.1,12.1,243.2,239.6,36.5,31,94.8,yes
2026-08-16 11:33:20,rule2-hot,"hot, PV=gate-20, raise to keep ESS>=10",-262.0,1.6,14.2,239.6,252.0,36.5,31,94.8,yes
2026-08-16 11:33:30,rule2-hot,"hot, PV=gate-20, ESS in 10..20",-264.4,15.2,14.7,252.0,244.4,36.5,31,94.8,yes
2026-08-16 11:33:40,rule2-hot,"hot, PV=gate-20, ESS in 10..20",-256.8,19.1,19.9,244.4,236.8,36.5,31,94.8,yes
2026-08-16 11:33:50,rule2-hot,"hot, PV=gate-20, raise to keep ESS>=10",-268.0,8.9,2.3,236.8,258.0,36.5,31,94.8,yes
2026-08-16 11:34:00,rule2-hot,"hot, PV=gate-20, ESS in 10..20",-263.4,10.9,18.3,258.0,243.4,36.5,31,94.8,yes
2026-08-16 11:34:11,rule2-hot,"hot, PV=gate-20, ESS in 10..20",-263.6,14.6,18.4,243.4,243.6,36.5,31,94.8,yes
2026-08-16 11:34:21,rule2-hot,"hot, PV=gate-20, raise to keep ESS>=10",-261.8,5.5,16.7,243.6,251.8,36.5,31,94.8,yes
2026-08-16 11:34:31,rule2-hot,"hot, PV=gate-20, ESS in 10..20",-255.8,13.0,14.6,251.8,235.8,36.5,31,94.8,yes
2026-08-16 11:34:41,rule2-hot,"hot, PV=gate-20, raise to keep ESS>=10",-267.8,2.4,6.6,235.8,257.8,36.5,31,94.8,yes
2026-08-16 11:34:52,rule2-hot,"hot, PV=gate-20, ESS in 10..20",-265.8,14.1,11.1,257.8,245.8,36.5,31,94.8,yes
2026-08-16 11:35:02,rule2-hot,"hot, PV=gate-20, raise to keep ESS>=10",-282.4,2.8,3.3,245.8,272.4,36.5,31,94.8,yes
2026-08-16 11:35:12,rule2-hot,"hot, PV=gate-20, ESS in 10..20",-281.8,19.0,18.6,272.4,261.8,36.5,31,94.8,yes
2026-08-16 11:35:23,rule2-hot,"hot, PV=gate-20",-267.6,21.6,,261.8,247.6,36.5,31,94.8,yes
2026-08-16 11:35:33,rule2-hot,"hot, PV=gate-20",-252.8,22.1,,247.6,232.8,36.5,31,94.8,yes
2026-08-16 11:35:43,rule2-hot,"hot, PV=gate-20, ESS in 10..20",-254.6,15.7,12.3,232.8,234.6,36.5,31,94.8,yes
2026-08-16 11:35:54,rule2-hot,"hot, PV=gate-20, raise to keep ESS>=10",-249.6,11.7,6.9,234.6,239.6,36.5,31,94.8,yes
2026-08-16 11:36:04,rule2-hot,"hot, PV=gate-20, raise to keep ESS>=10",-256.8,8.5,8.3,239.6,246.8,36.5,31,94.8,yes
2026-08-16 11:36:14,rule2-hot,"hot, PV=gate-20, raise to keep ESS>=10",-254.8,14.1,9.1,246.8,244.8,36.5,31,94.8,yes
2026-08-16 11:36:25,rule2-hot,"hot, PV=gate-20, ESS in 10..20",-258.6,18.4,16.9,244.8,238.6,36.5,31,94.8,yes
2026-08-16 11:36:35,rule2-hot,"hot, PV=gate-20, raise to keep ESS>=10",-257.2,2.6,17.3,238.6,247.2,36.5,31,94.8,yes
2026-08-16 11:36:45,rule2-hot,"hot, PV=gate-20, ESS in 10..20",-256.0,18.0,11.6,247.2,236.0,36.5,31,94.8,yes
2026-08-16 11:36:56,rule2-hot,"hot, PV=gate-20, raise to keep ESS>=10",-254.6,9.6,7.7,236.0,244.6,36.5,31,94.8,yes
2026-08-16 11:37:06,rule2-hot,"hot, PV=gate-20, ESS in 10..20",-250.0,11.2,16.2,244.6,230.0,36.5,31,94.8,yes
2026-08-16 11:37:16,rule2-hot,"hot, PV=gate-20, raise to keep ESS>=10",-252.4,5.7,11.0,230.0,242.4,36.5,31,94.8,yes
2026-08-16 11:37:27,rule2-hot,"hot, PV=gate-20, raise to keep ESS>=10",-262.4,-0.9,11.2,242.4,252.4,36.5,31,94.8,yes
2026-08-16 11:37:37,rule2-hot,"hot, PV=gate-20, raise to keep ESS>=10",-254.8,11.3,7.5,252.4,244.8,36.5,31,94.8,yes
2026-08-16 11:37:47,rule2-hot,"hot, PV=gate-20, raise to keep ESS>=10",-255.2,7.8,9.8,244.8,245.2,36.5,31,94.8,yes
2026-08-16 11:37:58,rule2-hot,"hot, PV=gate-20, raise to keep ESS>=10",-256.4,10.9,3.1,245.2,246.4,36.5,31,94.8,yes
2026-08-16 11:38:08,rule3-soc-high,"SOC>=95, lower PV until an ESS reaches -30",-247.2,19.6,14.1,246.4,236.4,36.5,31,95.2,yes
2026-08-16 11:38:18,rule3-soc-high,"SOC>=95, lower PV until an ESS reaches -30",-259.4,8.0,9.2,236.4,226.4,36.5,31,95.2,yes
2026-08-16 11:38:29,rule3-soc-high,"SOC>=95, lower PV until an ESS reaches -30",-262.2,8.1,6.2,226.4,216.4,36.5,31,95.2,yes
2026-08-16 11:38:39,rule3-soc-high,"SOC>=95, lower PV until an ESS reaches -30",-264.2,-2.6,-1.1,216.4,206.4,36.5,31,95.2,yes
2026-08-16 11:38:49,rule3-soc-high,"SOC>=95, lower PV until an ESS reaches -30",-262.8,-5.6,-5.3,206.4,196.4,36.5,31,95.2,yes
2026-08-16 11:39:00,rule3-soc-high,"SOC>=95, lower PV until an ESS reaches -30",-268.2,-9.8,-14.0,196.4,186.4,36.5,31,95.2,yes
2026-08-16 11:39:10,rule3-soc-high,"SOC>=95, lower PV until an ESS reaches -30",-269.8,-18.6,-18.4,186.4,176.4,36.5,31,95.2,yes
2026-08-16 11:39:20,rule3-soc-high,"SOC>=95, lower PV until an ESS reaches -30",-271.0,-25.6,-25.9,176.4,166.4,36.5,31,95.2,yes
2026-08-16 11:39:31,rule3-soc-high,"SOC>=95, an ESS reached -30, stop lowering",-272.2,-32.3,-33.1,166.4,166.4,36.5,31,95.2,no
2026-08-16 11:39:41,rule3-soc-high,"SOC>=95, ESS at -30 target, hold",-271.0,-33.9,-34.5,166.4,166.4,36.5,31,95.2,no
2026-08-16 11:39:51,rule3-soc-high,"SOC>=95, ESS at -30 target, hold",-273.2,-34.8,-34.3,166.4,166.4,36.5,31,95.2,no
2026-08-16 11:40:02,rule3-soc-high,"SOC>=95, ESS at -30 target, hold",-272.4,-36.8,-36.4,166.4,166.4,36.5,31,95.2,no
2026-08-16 11:40:12,rule3-soc-high,"SOC>=95, ESS at -30 target, hold",-275.8,-40.2,-40.2,166.4,166.4,36.5,31,95.2,no
2026-08-16 11:40:22,rule3-soc-high,"SOC>=95, ESS at -30 target, hold",-265.2,-31.8,-31.8,166.4,166.4,36.5,31,95.2,no
2026-08-16 11:40:33,rule3-soc-high,"SOC>=95, ESS at -30 target, hold",-270.0,-34.8,-34.4,166.4,166.4,36.5,31,95.2,no
2026-08-16 11:40:43,rule3-soc-high,"SOC>=95, ESS at -30 target, hold",-267.0,-33.4,-33.8,166.4,166.4,36.5,31,95.2,no
2026-08-16 11:40:53,rule3-soc-high,"SOC>=95, ESS at -30 target, hold",-269.2,-33.9,-33.4,166.4,166.4,36.5,31,95.2,no
2026-08-16 11:41:04,rule2-hot,"hot, PV=gate-20, raise to keep ESS>=10",-269.4,-33.2,-33.0,166.4,259.4,36.5,31,94.8,yes
2026-08-16 11:41:14,rule2-hot,"hot, PV=gate-20, raise to keep ESS>=10",-271.2,-10.0,-9.6,259.4,261.2,36.5,31,94.8,yes
2026-08-16 11:41:24,rule2-hot,"hot, PV=gate-20, ESS in 10..20",-269.8,13.3,12.6,261.2,249.8,36.5,31,94.8,yes
2026-08-16 11:41:47,rule2-hot,"hot, PV=gate-20, raise to keep ESS>=10",-270.8,11.8,7.4,249.8,260.8,36.5,31,94.8,yes
2026-08-16 11:41:57,rule2-hot,"hot, PV=gate-20, raise to keep ESS>=10",-265.4,5.9,7.8,260.8,255.4,36.5,31,94.8,yes
2026-08-16 11:42:07,rule2-hot,"hot, PV=gate-20, raise to keep ESS>=10",-275.4,11.7,9.2,255.4,265.4,36.5,31,94.8,yes
2026-08-16 11:42:17,rule2-hot,"hot, PV=gate-20, raise to keep ESS>=10",-278.2,6.7,17.9,265.4,268.2,36.5,31,94.8,yes
2026-08-16 11:42:27,rule2-hot,"hot, PV=gate-20, ESS in 10..20",-271.4,14.7,13.7,268.2,251.4,36.5,31,94.8,yes
2026-08-16 11:42:37,rule2-hot,"hot, PV=gate-20, ESS in 10..20",-265.6,17.0,19.9,251.4,245.6,36.5,31,94.8,yes
2026-08-16 11:42:47,rule2-hot,"hot, PV=gate-20, ESS in 10..20",-272.6,13.1,10.7,245.6,252.6,36.5,31,94.8,yes
2026-08-16 11:42:57,rule2-hot,"hot, PV=gate-20, raise to keep ESS>=10",-271.4,2.4,8.2,252.6,261.4,36.5,31,94.8,yes
2026-08-16 11:43:08,rule2-hot,"hot, PV=gate-20, ESS in 10..20",-271.8,15.1,15.0,261.4,251.8,36.5,31,94.8,yes
2026-08-16 11:43:18,rule2-hot,"hot, PV=gate-20, raise to keep ESS>=10",-266.0,5.9,0.2,251.8,256.0,36.5,31,94.8,yes
2026-08-16 11:43:28,rule2-hot,"hot, PV=gate-20, ESS in 10..20",-272.2,13.6,10.2,256.0,252.2,36.5,31,94.8,yes
2026-08-16 11:43:39,rule2-hot,"hot, PV=gate-20, raise to keep ESS>=10",-268.8,7.4,8.8,252.2,258.8,36.5,31,94.8,yes
2026-08-16 11:43:49,rule2-hot,"hot, PV=gate-20, ESS in 10..20",-267.6,13.8,13.1,258.8,247.6,36.5,31,94.8,yes
2026-08-16 11:43:59,rule2-hot,"hot, PV=gate-20, raise to keep ESS>=10",-272.8,-1.8,2.3,247.6,262.8,36.5,31,94.8,yes
2026-08-16 11:44:10,rule2-hot,"hot, PV=gate-20, ESS in 10..20",-271.8,11.1,11.8,262.8,251.8,36.5,31,94.8,yes
2026-08-16 11:44:20,rule2-hot,"hot, PV=gate-20, ESS in 10..20",-275.8,10.0,16.5,251.8,255.8,36.5,31,94.8,yes
2026-08-16 11:44:30,rule2-hot,"hot, PV=gate-20, raise to keep ESS>=10",-275.4,14.3,4.7,255.8,265.4,36.5,31,94.8,yes
2026-08-16 11:44:41,rule2-hot,"hot, PV=gate-20, raise to keep ESS>=10",-267.2,16.3,0.9,265.4,257.2,36.5,31,94.8,yes
2026-08-16 11:44:51,rule2-hot,"hot, PV=gate-20, ESS in 10..20",-272.4,16.1,19.4,257.2,252.4,36.5,31,94.8,yes
2026-08-16 11:45:01,rule2-hot,"hot, PV=gate-20, raise to keep ESS>=10",-269.8,1.6,11.6,252.4,259.8,36.5,31,94.8,yes
2026-08-16 11:45:12,rule2-hot,"hot, PV=gate-20, ESS in 10..20",-271.4,15.5,16.7,259.8,251.4,36.5,31,94.8,yes
2026-08-16 11:45:22,rule2-hot,"hot, PV=gate-20, ESS in 10..20",-271.2,18.3,18.2,251.4,251.2,36.5,31,94.8,yes
2026-08-16 11:45:32,rule2-hot,"hot, PV=gate-20, ESS in 10..20",-268.6,17.4,15.8,251.2,248.6,36.5,31,94.8,yes
2026-08-16 11:45:43,rule2-hot,"hot, PV=gate-20, ESS in 10..20",-269.4,15.7,15.4,248.6,249.4,36.5,31,94.8,yes
2026-08-16 11:45:53,rule2-hot,"hot, PV=gate-20, ESS in 10..20",-267.4,16.3,16.1,249.4,247.4,36.5,31,94.8,yes
2026-08-16 11:46:03,rule2-hot,"hot, PV=gate-20, ESS in 10..20",-270.4,14.9,14.8,247.4,250.4,36.5,31,94.8,yes
2026-08-16 11:46:14,rule2-hot,"hot, PV=gate-20, ESS in 10..20",-276.2,12.8,13.4,250.4,256.2,36.5,31,94.8,yes
2026-08-16 11:46:24,rule2-hot,"hot, PV=gate-20, ESS in 10..20",-275.2,14.9,14.0,256.2,255.2,36.5,31,94.8,yes
2026-08-16 11:46:34,rule2-hot,"hot, PV=gate-20, ESS in 10..20",-275.4,15.9,15.3,255.2,255.4,36.5,31,94.8,yes
2026-08-16 11:46:45,rule2-hot,"hot, PV=gate-20, ESS in 10..20",-276.4,15.8,16.0,255.4,256.4,36.5,31,94.8,yes
2026-08-16 11:46:55,rule2-hot,"hot, PV=gate-20, ESS in 10..20",-268.8,18.9,17.6,256.4,248.8,36.5,31,94.8,yes
2026-08-16 11:47:05,rule2-hot,"hot, PV=gate-20, ESS in 10..20",-271.0,15.5,15.2,248.8,251.0,36.5,31,94.8,yes
2026-08-16 11:47:16,rule2-hot,"hot, PV=gate-20, ESS in 10..20",-270.2,15.7,15.4,251.0,250.2,36.5,31,94.8,yes
2026-08-16 11:47:26,rule2-hot,"hot, PV=gate-20, ESS in 10..20",-270.4,15.5,16.0,250.2,250.4,36.5,31,94.8,yes
2026-08-16 11:47:36,rule3-soc-high,"SOC>=95, lower PV until an ESS reaches -30",-270.8,13.0,12.9,250.4,240.4,36.5,31,95.2,yes
2026-08-16 11:47:47,rule3-soc-high,"SOC>=95, lower PV until an ESS reaches -30",-271.0,11.8,12.2,240.4,230.4,36.5,31,95.2,yes
2026-08-16 11:47:57,rule3-soc-high,"SOC>=95, lower PV until an ESS reaches -30",-270.2,7.4,7.1,230.4,220.4,36.5,31,95.2,yes
2026-08-16 11:48:07,rule3-soc-high,"SOC>=95, lower PV until an ESS reaches -30",-267.4,1.8,2.0,220.4,210.4,36.5,31,95.2,yes
2026-08-16 11:48:17,rule3-soc-high,"SOC>=95, lower PV until an ESS reaches -30",-271.6,-5.1,-4.7,210.4,200.4,36.5,31,95.2,yes
2026-08-16 11:48:27,rule3-soc-high,"SOC>=95, waiting for ESS data",-271.2,-11.3,,200.4,200.4,36.5,31,95.2,no
2026-08-16 11:48:38,rule3-soc-high,"SOC>=95, waiting for ESS data",-267.8,-13.7,,200.4,200.4,36.5,31,95.2,no
2026-08-16 11:48:49,rule3-soc-high,"SOC>=95, lower PV until an ESS reaches -30",-267.2,-14.2,-12.3,200.4,190.4,36.5,31,95.2,yes
2026-08-16 11:48:59,rule3-soc-high,"SOC>=95, lower PV until an ESS reaches -30",-269.2,-18.6,-17.0,190.4,180.4,36.5,31,95.2,yes
2026-08-16 11:49:09,rule3-soc-high,"SOC>=95, lower PV until an ESS reaches -30",-261.2,-21.0,-22.3,180.4,170.4,36.5,31,95.2,yes
2026-08-16 11:49:19,rule3-soc-high,"SOC>=95, lower PV until an ESS reaches -30",-263.2,-23.8,-24.9,170.4,160.4,36.5,31,95.2,yes
2026-08-16 11:49:29,rule3-soc-high,"SOC>=95, an ESS reached -30, stop lowering",-261.0,-31.7,-30.9,160.4,160.4,36.5,31,95.2,no
2026-08-16 11:49:39,rule3-soc-high,"SOC>=95, ESS at -30 target, hold",-259.6,-32.4,-32.5,160.4,160.4,36.5,31,95.2,no
2026-08-16 11:49:50,rule3-soc-high,"SOC>=95, ESS at -30 target, hold",-258.4,-32.8,-34.3,160.4,160.4,36.5,31,95.2,no
2026-08-16 11:50:00,rule3-soc-high,"SOC>=95, ESS at -30 target, hold",-259.8,-32.6,-32.9,160.4,160.4,36.5,31,95.2,no
2026-08-16 11:50:10,rule3-soc-high,"SOC>=95, ESS at -30 target, hold",-263.0,-36.2,-34.8,160.4,160.4,36.5,31,95.2,no
2026-08-16 11:50:21,rule3-soc-high,"SOC>=95, ESS at -30 target, hold",-261.0,-33.7,-35.2,160.4,160.4,36.5,31,95.2,no
2026-08-16 11:50:31,rule3-soc-high,"SOC>=95, ESS at -30 target, hold",-272.8,-36.6,-36.5,160.4,160.4,36.5,31,95.2,no
2026-08-16 11:50:41,rule3-soc-high,"SOC>=95, ESS at -30 target, hold",-264.6,-35.6,-35.2,160.4,160.4,36.5,31,95.2,no
2026-08-16 11:50:52,rule3-soc-high,"SOC>=95, ESS at -30 target, hold",-263.0,-34.8,-34.7,160.4,160.4,36.5,31,95.2,no
2026-08-16 11:51:02,rule2-hot,"hot, PV=gate-20, raise to keep ESS>=10",-264.4,-35.5,-34.9,160.4,254.4,36.5,31,94.8,yes
2026-08-16 11:51:12,rule2-hot,"hot, PV=gate-20, raise to keep ESS>=10",-268.2,-18.2,-31.0,254.4,258.2,36.5,31,94.8,yes
2026-08-16 11:51:23,rule2-hot,"hot, PV=gate-20, raise to keep ESS>=10",-261.4,2.8,8.2,258.2,251.4,36.5,31,94.8,yes
2026-08-16 11:51:33,rule2-hot,"hot, PV=gate-20, ESS in 10..20",-258.6,14.3,17.5,251.4,238.6,36.9,24,94.8,yes
2026-08-16 11:51:45,rule2-hot,"hot, PV=gate-20, raise to keep ESS>=10",-263.2,5.5,12.6,238.6,253.2,36.9,24,94.8,yes
2026-08-16 11:51:55,rule2-hot,"hot, PV=gate-20, ESS in 10..20",-264.8,14.2,14.0,253.2,244.8,36.9,24,94.8,yes
2026-08-16 11:52:05,rule2-hot,"hot, PV=gate-20, ESS in 10..20",-262.4,12.3,15.7,244.8,242.4,36.9,24,94.8,yes
2026-08-16 11:52:15,rule2-hot,"hot, PV=gate-20, ESS in 10..20",-261.0,13.6,14.1,242.4,241.0,36.9,24,94.8,yes
2026-08-16 11:52:25,rule2-hot,"hot, PV=gate-20, ESS in 10..20",-267.8,11.2,11.7,241.0,247.8,36.9,24,94.8,yes
2026-08-16 11:52:35,rule2-hot,"hot, PV=gate-20, raise to keep ESS>=10",-266.8,6.7,5.9,247.8,256.8,36.9,24,94.8,yes
2026-08-16 11:52:45,rule2-hot,"hot, PV=gate-20, raise to keep ESS>=10",-268.8,8.5,-2.7,256.8,258.8,36.9,24,94.8,yes
2026-08-16 11:52:56,rule2-hot,"hot, PV=gate-20, ESS in 10..20",-266.6,11.7,16.2,258.8,246.6,36.9,24,94.8,yes
2026-08-16 11:53:06,rule2-hot,"hot, PV=gate-20, ESS in 10..20",-268.0,12.3,13.5,246.6,248.0,36.9,24,94.8,yes
2026-08-16 11:53:16,rule2-hot,"hot, PV=gate-20, raise to keep ESS>=10",-268.4,13.4,6.9,248.0,258.4,36.9,24,94.8,yes
2026-08-16 11:53:27,rule2-hot,"hot, PV=gate-20, raise to keep ESS>=10",-274.6,7.7,2.5,258.4,264.6,36.9,24,94.8,yes
2026-08-16 11:53:37,rule2-hot,"hot, PV=gate-20, raise to keep ESS>=10",-259.4,9.2,14.1,264.6,249.4,36.9,24,94.8,yes
2026-08-16 11:53:47,rule2-hot,"hot, PV=gate-20, raise to keep ESS>=10",-271.6,9.9,5.9,249.4,261.6,36.9,24,94.8,yes
2026-08-16 11:53:58,rule2-hot,"hot, PV=gate-20, ESS in 10..20",-267.0,14.5,16.2,261.6,247.0,36.9,24,94.8,yes
2026-08-16 11:54:08,rule2-hot,"hot, PV=gate-20, ESS in 10..20",-271.2,10.8,12.7,247.0,251.2,36.9,24,94.8,yes
2026-08-16 11:54:18,rule2-hot,"hot, PV=gate-20, raise to keep ESS>=10",-296.4,7.7,14.3,251.2,286.4,36.9,24,94.8,yes
2026-08-16 11:54:29,rule2-hot,"hot, PV=gate-20, raise to keep ESS>=10",-304.6,11.1,9.1,286.4,294.6,36.9,24,94.8,yes
2026-08-16 11:54:39,rule2-hot,"hot, PV=gate-20, ESS in 10..20",-310.2,18.7,17.9,294.6,290.2,36.9,24,94.8,yes
2026-08-16 11:54:49,rule2-hot,"hot, PV=gate-20, ESS in 10..20",-306.8,16.8,19.2,290.2,286.8,36.9,24,94.8,yes
2026-08-16 11:55:00,rule2-hot,"hot, PV=gate-20, ESS in 10..20",-306.2,16.4,16.7,286.8,286.2,36.9,24,94.8,yes
2026-08-16 11:55:10,rule2-hot,"hot, PV=gate-20, ESS in 10..20",-303.0,18.2,18.3,286.2,283.0,36.9,24,94.8,yes
2026-08-16 11:55:20,rule2-hot,"hot, PV=gate-20, ESS in 10..20",-302.8,17.1,17.3,283.0,282.8,36.9,24,94.8,yes
2026-08-16 11:55:31,rule2-hot,"hot, PV=gate-20, ESS in 10..20",-304.2,15.3,16.0,282.8,284.2,36.9,24,94.8,yes
2026-08-16 11:55:41,rule2-hot,"hot, PV=gate-20, ESS in 10..20",-303.4,16.1,16.3,284.2,283.4,36.9,24,94.8,yes
2026-08-16 11:55:51,rule2-hot,"hot, PV=gate-20, ESS in 10..20",-296.2,19.7,19.6,283.4,276.2,36.9,24,94.8,yes
2026-08-16 11:56:02,rule2-hot,"hot, PV=gate-20, ESS in 10..20",-305.0,14.6,14.3,276.2,285.0,36.9,24,94.8,yes
2026-08-16 11:56:12,rule2-hot,"hot, PV=gate-20, ESS in 10..20",-304.6,15.9,16.2,285.0,284.6,36.9,24,94.8,yes
2026-08-16 11:56:22,rule2-hot,"hot, PV=gate-20, ESS in 10..20",-304.6,17.1,16.4,284.6,284.6,36.9,24,94.8,no
2026-08-16 11:56:33,rule2-hot,"hot, PV=gate-20, raise to keep ESS>=10",-308.6,5.8,15.9,284.6,298.6,36.9,24,94.8,yes
2026-08-16 11:56:43,rule2-hot,"hot, PV=gate-20, ESS in 10..20",-306.8,17.8,18.6,298.6,286.8,36.9,24,94.8,yes
2026-08-16 11:56:53,rule2-hot,"hot, PV=gate-20, ESS in 10..20",-306.8,16.7,18.2,286.8,286.8,36.9,24,94.8,no
2026-08-16 11:57:04,rule2-hot,"hot, PV=gate-20, ESS in 10..20",-311.2,13.7,14.6,286.8,291.2,36.9,24,94.8,yes
2026-08-16 11:57:14,rule2-hot,"hot, PV=gate-20, ESS in 10..20",-313.0,13.2,13.8,291.2,293.0,36.9,24,94.8,yes
2026-08-16 11:57:24,rule2-hot,"hot, PV=gate-20, ESS in 10..20",-312.8,17.0,16.0,293.0,292.8,36.9,24,94.8,yes
2026-08-16 11:57:34,rule2-hot,"hot, PV=gate-20, ESS in 10..20",-318.6,12.9,12.7,292.8,298.6,36.9,24,94.8,yes
2026-08-16 11:57:44,rule3-soc-high,"SOC>=95, lower PV until an ESS reaches -30",-319.2,14.0,14.9,298.6,288.6,36.9,24,95.2,yes
2026-08-16 11:57:55,rule3-soc-high,"SOC>=95, lower PV until an ESS reaches -30",-322.4,9.0,10.7,288.6,278.6,36.9,24,95.2,yes
2026-08-16 11:58:06,rule3-soc-high,"SOC>=95, lower PV until an ESS reaches -30",-315.2,11.8,11.0,278.6,268.6,36.9,24,95.2,yes
2026-08-16 11:58:16,rule3-soc-high,"SOC>=95, lower PV until an ESS reaches -30",-319.0,3.1,3.9,268.6,258.6,36.9,24,95.2,yes
2026-08-16 11:58:26,rule3-soc-high,"SOC>=95, lower PV until an ESS reaches -30",-323.2,0.2,-1.3,258.6,248.6,36.9,24,95.2,yes
2026-08-16 11:58:37,rule3-soc-high,"SOC>=95, lower PV until an ESS reaches -30",-321.0,-6.1,-7.5,248.6,238.6,36.9,24,95.2,yes
2026-08-16 11:58:47,rule3-soc-high,"SOC>=95, lower PV until an ESS reaches -30",-300.0,-12.7,-9.1,238.6,228.6,36.9,24,95.2,yes
2026-08-16 11:58:57,rule3-soc-high,"SOC>=95, lower PV until an ESS reaches -30",-301.0,-8.7,-10.7,228.6,218.6,36.9,24,95.2,yes
2026-08-16 11:59:08,rule3-soc-high,"SOC>=95, lower PV until an ESS reaches -30",-301.0,-16.4,-16.1,218.6,208.6,36.9,24,95.2,yes
2026-08-16 11:59:18,rule3-soc-high,"SOC>=95, lower PV until an ESS reaches -30",-300.4,-19.2,-18.9,208.6,198.6,36.9,24,95.2,yes
2026-08-16 11:59:28,rule3-soc-high,"SOC>=95, lower PV until an ESS reaches -30",-298.4,-26.8,-26.6,198.6,188.6,36.9,24,95.2,yes
2026-08-16 11:59:39,rule3-soc-high,"SOC>=95, lower PV until an ESS reaches -30",-293.6,-29.6,-29.5,188.6,178.6,36.9,24,95.2,yes
2026-08-16 11:59:49,rule3-soc-high,"SOC>=95, an ESS reached -30, stop lowering",-298.6,-35.3,-37.6,178.6,178.6,36.9,24,95.2,no
2026-08-16 11:59:59,rule3-soc-high,"SOC>=95, ESS at -30 target, hold",-295.8,-38.9,-36.9,178.6,178.6,36.9,24,95.2,no
2026-08-16 12:00:09,rule3-soc-high,"SOC>=95, ESS at -30 target, hold",-288.6,-36.7,-36.9,178.6,178.6,36.9,24,95.2,no
2026-08-16 12:00:19,rule3-soc-high,"SOC>=95, ESS at -30 target, hold",-282.0,-31.8,-35.6,178.6,178.6,36.9,24,95.2,no
2026-08-16 12:00:29,rule3-soc-high,"SOC>=95, ESS at -30 target, hold",-283.6,-34.7,-33.6,178.6,178.6,36.9,24,95.2,no
2026-08-16 12:00:40,rule3-soc-high,"SOC>=95, ESS at -30 target, hold",-283.4,-32.7,-33.5,178.6,178.6,36.9,24,95.2,no
2026-08-16 12:00:50,rule3-soc-high,"SOC>=95, ESS at -30 target, hold",-284.0,-34.5,-37.0,178.6,178.6,36.9,24,95.2,no
2026-08-16 12:01:00,rule3-soc-high,"SOC>=95, ESS at -30 target, hold",-289.4,-36.6,-36.7,178.6,178.6,36.9,24,95.2,no
2026-08-16 12:01:11,rule2-hot,"hot, PV=gate-20, raise to keep ESS>=10",-291.2,-38.4,-37.8,178.6,281.2,36.9,24,94.8,yes
2026-08-16 12:01:22,rule2-hot,"hot, PV=gate-20, raise to keep ESS>=10",-291.2,-34.4,-27.0,281.2,281.2,36.9,24,94.8,no
2026-08-16 12:01:32,rule2-hot,"hot, PV=gate-20",-292.0,9.1,,281.2,272.0,36.9,24,94.8,yes
2026-08-16 12:01:42,rule2-hot,"hot, PV=gate-20, ESS in 10..20",-293.8,15.0,15.9,272.0,273.8,37.3,20,94.8,yes
2026-08-16 12:02:04,rule2-hot,"hot, PV=gate-20, ESS in 10..20",-292.6,17.8,19.5,273.8,272.6,37.3,20,94.8,yes
2026-08-16 12:02:14,rule2-hot,"hot, PV=gate-20, ESS in 10..20",-298.6,16.1,15.2,272.6,278.6,37.3,20,94.8,yes
2026-08-16 12:02:24,rule2-hot,"hot, PV=gate-20, ESS in 10..20",-297.2,15.9,18.0,278.6,277.2,37.3,20,94.8,yes
2026-08-16 12:02:35,rule2-hot,"hot, PV=gate-20, ESS in 10..20",-296.0,19.6,18.6,277.2,276.0,37.3,20,94.8,yes
2026-08-16 12:02:45,rule2-hot,"hot, PV=gate-20, ESS in 10..20",-295.0,17.2,18.6,276.0,275.0,37.3,20,94.8,yes
2026-08-16 12:02:55,rule2-hot,"hot, PV=gate-20, lower to keep ESS<=20",-291.8,20.2,20.3,275.0,261.8,37.3,20,94.8,yes
2026-08-16 12:03:05,rule2-hot,"hot, PV=gate-20, ESS in 10..20",-288.0,13.0,13.3,261.8,268.0,37.3,20,94.8,yes
2026-08-16 12:03:15,rule2-hot,"hot, PV=gate-20, ESS in 10..20",-294.0,15.2,13.6,268.0,274.0,37.3,20,94.8,yes
2026-08-16 12:03:26,rule2-hot,"hot, PV=gate-20, ESS in 10..20",-292.8,16.6,16.7,274.0,272.8,37.3,20,94.8,yes
2026-08-16 12:03:36,rule2-hot,"hot, PV=gate-20, ESS in 10..20",-293.4,17.1,17.3,272.8,273.4,37.3,20,94.8,yes
2026-08-16 12:03:46,rule2-hot,"hot, PV=gate-20, ESS in 10..20",-294.0,18.2,18.6,273.4,274.0,37.3,20,94.8,yes
2026-08-16 12:03:56,rule2-hot,"hot, PV=gate-20, ESS in 10..20",-295.2,14.6,13.0,274.0,275.2,37.3,20,94.8,yes
2026-08-16 12:04:06,rule2-hot,"hot, PV=gate-20, ESS in 10..20",-299.0,18.1,18.0,275.2,279.0,37.3,20,94.8,yes
2026-08-16 12:04:17,rule2-hot,"hot, PV=gate-20, ESS in 10..20",-291.8,18.1,18.6,279.0,271.8,37.3,20,94.8,yes
2026-08-16 12:04:27,rule2-hot,"hot, PV=gate-20, ESS in 10..20",-296.4,16.3,15.8,271.8,276.4,37.3,20,94.8,yes
2026-08-16 12:04:38,rule2-hot,"hot, PV=gate-20, ESS in 10..20",-298.6,17.1,18.2,276.4,278.6,37.3,20,94.8,yes
2026-08-16 12:04:48,rule2-hot,"hot, PV=gate-20, ESS in 10..20",-299.8,15.8,16.0,278.6,279.8,37.3,20,94.8,yes
2026-08-16 12:04:59,rule2-hot,"hot, PV=gate-20, ESS in 10..20",-297.0,19.5,17.7,279.8,277.0,37.3,20,94.8,yes
2026-08-16 12:05:09,rule2-hot,"hot, PV=gate-20, lower to keep ESS<=20",-296.8,19.3,20.3,277.0,266.8,37.3,20,94.8,yes
2026-08-16 12:05:19,rule2-hot,"hot, PV=gate-20, ESS in 10..20",-297.2,14.6,14.8,266.8,277.2,37.3,20,94.8,yes
2026-08-16 12:05:29,rule2-hot,"hot, PV=gate-20, ESS in 10..20",-299.0,15.9,17.2,277.2,279.0,37.3,20,94.8,yes
2026-08-16 12:05:39,rule2-hot,"hot, PV=gate-20, raise to keep ESS>=10",-310.4,9.9,11.5,279.0,300.4,37.3,20,94.8,yes
2026-08-16 12:05:49,rule2-hot,"hot, PV=gate-20, lower to keep ESS<=20",-305.4,20.1,21.2,300.4,275.4,37.3,20,94.8,yes
2026-08-16 12:06:00,rule2-hot,"hot, PV=gate-20, ESS in 10..20",-303.6,17.5,14.4,275.4,283.6,37.3,20,94.8,yes
2026-08-16 12:06:10,rule2-hot,"hot, PV=gate-20, ESS in 10..20",-306.2,14.6,13.9,283.6,286.2,37.3,20,94.8,yes
2026-08-16 12:06:20,rule2-hot,"hot, PV=gate-20, ESS in 10..20",-311.8,13.2,11.2,286.2,291.8,37.3,20,94.8,yes
2026-08-16 12:06:30,rule2-hot,"hot, PV=gate-20, ESS in 10..20",-313.8,14.2,12.6,291.8,293.8,37.3,20,94.8,yes
2026-08-16 12:06:40,rule3-soc-high,"SOC>=95, lower PV until an ESS reaches -30",-310.8,16.8,17.7,293.8,283.8,37.3,20,95.2,yes
2026-08-16 12:06:50,rule3-soc-high,"SOC>=95, lower PV until an ESS reaches -30",-308.6,16.3,13.8,283.8,273.8,37.3,20,95.2,yes
2026-08-16 12:07:01,rule3-soc-high,"SOC>=95, lower PV until an ESS reaches -30",-311.8,9.5,11.5,273.8,263.8,37.3,20,95.2,yes
2026-08-16 12:07:11,rule3-soc-high,"SOC>=95, lower PV until an ESS reaches -30",-308.0,8.5,7.5,263.8,253.8,37.3,20,95.2,yes
2026-08-16 12:07:21,rule3-soc-high,"SOC>=95, lower PV until an ESS reaches -30",-312.0,0.8,-0.9,253.8,243.8,37.3,20,95.2,yes
2026-08-16 12:07:31,rule3-soc-high,"SOC>=95, lower PV until an ESS reaches -30",-317.4,-8.6,-9.2,243.8,233.8,37.3,20,95.2,yes
2026-08-16 12:07:41,rule3-soc-high,"SOC>=95, lower PV until an ESS reaches -30",-313.2,-13.0,-14.1,233.8,223.8,37.3,20,95.2,yes
2026-08-16 12:07:52,rule3-soc-high,"SOC>=95, lower PV until an ESS reaches -30",-313.8,-19.1,-18.9,223.8,213.8,37.3,20,95.2,yes
2026-08-16 12:08:02,rule3-soc-high,"SOC>=95, lower PV until an ESS reaches -30",-315.2,-26.4,-23.8,213.8,203.8,37.3,20,95.2,yes
2026-08-16 12:08:12,rule3-soc-high,"SOC>=95, an ESS reached -30, stop lowering",-316.6,-31.3,-32.4,203.8,203.8,37.3,20,95.2,no
2026-08-16 12:08:22,rule3-soc-high,"SOC>=95, ESS at -30 target, hold",-313.2,-32.5,-31.3,203.8,203.8,37.3,20,95.2,no
2026-08-16 12:08:32,rule3-soc-high,"SOC>=95, ESS at -30 target, hold",-313.0,-32.8,-32.5,203.8,203.8,37.3,20,95.2,no
2026-08-16 12:08:42,rule3-soc-high,"SOC>=95, ESS at -30 target, hold",-312.0,-31.6,-31.9,203.8,203.8,37.3,20,95.2,no
2026-08-16 12:08:52,rule3-soc-high,"SOC>=95, ESS at -30 target, hold",-311.6,-33.4,-33.1,203.8,203.8,37.3,20,95.2,no
2026-08-16 12:09:02,rule3-soc-high,"SOC>=95, ESS at -30 target, hold",-318.0,-33.7,-36.1,203.8,203.8,37.3,20,95.2,no
2026-08-16 12:09:12,rule3-soc-high,"SOC>=95, ESS at -30 target, hold",-321.2,-37.7,-38.8,203.8,203.8,37.3,20,95.2,no
2026-08-16 12:09:23,rule3-soc-high,"SOC>=95, ESS at -30 target, hold",-321.8,-36.1,-38.6,203.8,203.8,37.3,20,95.2,no
2026-08-16 12:09:33,rule3-soc-high,"SOC>=95, ESS at -30 target, hold",-319.8,-36.8,-34.7,203.8,203.8,37.3,20,95.2,no
2026-08-16 12:09:43,rule3-soc-high,"SOC>=95, ESS at -30 target, hold",-317.0,-34.0,-35.6,203.8,203.8,37.3,20,95.2,no
2026-08-16 12:09:54,rule3-soc-high,"SOC>=95, ESS at -30 target, hold",-318.0,-34.0,-36.2,203.8,203.8,37.3,20,95.2,no
2026-08-16 12:10:04,rule2-hot,"hot, PV=gate-20, raise to keep ESS>=10",-317.6,-36.7,-35.5,203.8,307.6,37.3,20,94.8,yes
2026-08-16 12:10:14,rule2-hot,"hot, PV=gate-20, raise to keep ESS>=10",-325.4,-17.5,-20.5,307.6,315.4,37.3,20,94.8,yes
2026-08-16 12:10:24,rule2-hot,"hot, PV=gate-20, raise to keep ESS>=10",-314.8,3.2,3.4,315.4,304.8,37.3,20,94.8,yes
2026-08-16 12:10:34,rule2-hot,"hot, PV=gate-20, ESS in 10..20",-314.0,19.1,19.1,304.8,294.0,37.3,20,94.8,yes
2026-08-16 12:10:44,rule2-hot,"hot, PV=gate-20, ESS in 10..20",-317.2,14.6,14.4,294.0,297.2,37.3,20,94.8,yes
2026-08-16 12:10:55,rule2-hot,"hot, PV=gate-20, ESS in 10..20",-318.4,13.5,15.3,297.2,298.4,37.3,20,94.8,yes
2026-08-16 12:11:05,rule2-hot,"hot, PV=gate-20, ESS in 10..20",-312.6,17.9,16.6,298.4,292.6,37.3,20,94.8,yes
2026-08-16 12:11:15,rule2-hot,"hot, PV=gate-20, ESS in 10..20",-321.2,15.4,16.7,292.6,301.2,37.3,20,94.8,yes
2026-08-16 12:11:26,rule2-hot,"hot, PV=gate-20, ESS in 10..20",-314.6,19.2,19.3,301.2,294.6,37.3,20,94.8,yes
2026-08-16 12:11:36,rule2-hot,"hot, PV=gate-20, ESS in 10..20",-315.2,17.4,16.2,294.6,295.2,37.3,20,94.8,yes
2026-08-16 12:11:46,rule2-hot,"hot, PV=gate-20, ESS in 10..20",-317.2,16.0,16.6,295.2,297.2,37.3,20,94.8,yes
2026-08-16 12:12:08,rule2-hot,"hot, PV=gate-20, ESS in 10..20",-319.0,14.9,12.4,297.2,299.0,37.3,20,94.8,yes
2026-08-16 12:12:18,rule2-hot,"hot, PV=gate-20, ESS in 10..20",-317.2,19.1,17.2,299.0,297.2,37.3,20,94.8,yes
2026-08-16 12:12:28,rule2-hot,"hot, PV=gate-20, ESS in 10..20",-318.6,15.7,17.2,297.2,298.6,37.3,20,94.8,yes
2026-08-16 12:12:38,rule2-hot,"hot, PV=gate-20, ESS in 10..20",-311.2,18.4,18.6,298.6,291.2,37.3,20,94.8,yes
2026-08-16 12:12:48,rule2-hot,"hot, PV=gate-20, ESS in 10..20",-306.6,17.5,19.9,291.2,286.6,37.3,20,94.8,yes
2026-08-16 12:12:59,rule2-hot,"hot, PV=gate-20, ESS in 10..20",-305.8,19.2,15.8,286.6,285.8,37.3,20,94.8,yes
2026-08-16 12:13:09,rule2-hot,"hot, PV=gate-20, ESS in 10..20",-307.0,16.1,17.1,285.8,287.0,37.3,20,94.8,yes
2026-08-16 12:13:19,rule2-hot,"hot, PV=gate-20, ESS in 10..20",-305.8,16.8,17.5,287.0,285.8,37.3,20,94.8,yes
2026-08-16 12:13:30,rule2-hot,"hot, PV=gate-20, ESS in 10..20",-307.0,16.5,16.5,285.8,287.0,37.3,20,94.8,yes
2026-08-16 12:13:40,rule2-hot,"hot, PV=gate-20, ESS in 10..20",-311.4,15.1,16.0,287.0,291.4,37.3,20,94.8,yes
2026-08-16 12:13:50,rule2-hot,"hot, PV=gate-20, ESS in 10..20",-312.0,15.2,14.9,291.4,292.0,37.3,20,94.8,yes
2026-08-16 12:14:01,rule2-hot,"hot, PV=gate-20, ESS in 10..20",-309.6,16.6,17.6,292.0,289.6,37.3,20,94.8,yes
2026-08-16 12:14:11,rule2-hot,"hot, PV=gate-20, ESS in 10..20",-312.8,16.5,16.2,289.6,292.8,37.3,20,94.8,yes
2026-08-16 12:14:21,rule2-hot,"hot, PV=gate-20, ESS in 10..20",-314.4,15.7,16.2,292.8,294.4,37.3,20,94.8,yes
2026-08-16 12:14:32,rule2-hot,"hot, PV=gate-20",-317.2,15.6,,294.4,297.2,37.3,20,94.8,yes
2026-08-16 12:14:42,rule2-hot,"hot, PV=gate-20",-309.0,21.8,,297.2,289.0,37.3,20,94.8,yes
2026-08-16 12:14:52,rule2-hot,"hot, PV=gate-20, lower to keep ESS<=20",-314.8,18.2,20.1,289.0,284.8,37.3,20,94.8,yes
2026-08-16 12:15:03,rule2-hot,"hot, PV=gate-20, ESS in 10..20",-312.4,13.8,13.9,284.8,292.4,37.3,20,94.8,yes
2026-08-16 12:15:13,rule2-hot,"hot, PV=gate-20, ESS in 10..20",-314.8,15.9,13.6,292.4,294.8,37.3,20,94.8,yes
2026-08-16 12:15:23,rule2-hot,"hot, PV=gate-20, ESS in 10..20",-316.4,15.7,16.3,294.8,296.4,37.3,20,94.8,yes
2026-08-16 12:15:34,rule2-hot,"hot, PV=gate-20, ESS in 10..20",-312.0,17.3,16.7,296.4,292.0,37.3,20,94.8,yes
2026-08-16 12:15:44,rule3-soc-high,"SOC>=95, lower PV until an ESS reaches -30",-313.0,17.8,16.9,292.0,282.0,37.3,20,95.2,yes
2026-08-16 12:15:54,rule3-soc-high,"SOC>=95, lower PV until an ESS reaches -30",-312.0,16.7,15.2,282.0,272.0,37.3,20,95.2,yes
2026-08-16 12:16:05,rule3-soc-high,"SOC>=95, lower PV until an ESS reaches -30",-313.4,7.5,8.3,272.0,262.0,37.3,20,95.2,yes
2026-08-16 12:16:15,rule3-soc-high,"SOC>=95, lower PV until an ESS reaches -30",-314.4,5.6,3.2,262.0,252.0,37.3,20,95.2,yes
2026-08-16 12:16:25,rule3-soc-high,"SOC>=95, lower PV until an ESS reaches -30",-311.6,-2.4,-0.5,252.0,242.0,37.3,20,95.2,yes
2026-08-16 12:16:36,rule3-soc-high,"SOC>=95, lower PV until an ESS reaches -30",-314.0,-7.2,-7.1,242.0,232.0,37.3,20,95.2,yes
2026-08-16 12:16:46,rule3-soc-high,"SOC>=95, lower PV until an ESS reaches -30",-337.8,-25.0,-17.4,232.0,222.0,37.3,20,95.2,yes
2026-08-16 12:16:56,rule3-soc-high,"SOC>=95, an ESS reached -30, stop lowering",-343.0,-34.2,-34.7,222.0,222.0,37.3,20,95.2,no
2026-08-16 12:17:07,rule3-soc-high,"SOC>=95, ESS at -30 target, hold",-342.4,-34.6,-35.6,222.0,222.0,37.3,20,95.2,no
2026-08-16 12:17:17,rule3-soc-high,"SOC>=95, ESS at -30 target, hold",-339.2,-35.6,-35.0,222.0,222.0,37.3,20,95.2,no
2026-08-16 12:17:27,rule3-soc-high,"SOC>=95, ESS at -30 target, hold",-339.0,-33.7,-32.8,222.0,222.0,37.3,20,95.2,no
2026-08-16 12:17:38,rule3-soc-high,"SOC>=95, ESS at -30 target, hold",-341.0,-36.7,-34.5,222.0,222.0,37.3,20,95.2,no
2026-08-16 12:17:48,rule3-soc-high,"SOC>=95, ESS at -30 target, hold",-343.0,-35.3,-36.7,222.0,222.0,37.3,20,95.2,no
2026-08-16 12:17:58,rule3-soc-high,"SOC>=95, ESS at -30 target, hold",-342.8,-38.8,-35.6,222.0,222.0,37.3,20,95.2,no
2026-08-16 12:18:09,rule3-soc-high,"SOC>=95, ESS at -30 target, hold",-342.2,-36.8,-36.9,222.0,222.0,37.3,20,95.2,no
2026-08-16 12:18:19,rule3-soc-high,"SOC>=95, ESS at -30 target, hold",-340.0,-34.4,-34.0,222.0,222.0,37.3,20,95.2,no
2026-08-16 12:18:29,rule3-soc-high,"SOC>=95, ESS at -30 target, hold",-338.6,-35.4,-35.9,222.0,222.0,37.3,20,95.2,no
2026-08-16 12:18:40,rule2-hot,"hot, PV=gate-20, raise to keep ESS>=10",-340.0,-33.8,-34.9,222.0,330.0,37.3,20,94.8,yes
2026-08-16 12:18:50,rule2-hot,"hot, PV=gate-20, raise to keep ESS>=10",-340.6,-29.8,-18.7,330.0,330.6,37.3,20,94.8,yes
2026-08-16 12:19:00,rule2-hot,"hot, PV=gate-20, raise to keep ESS>=10",-341.0,5.0,2.7,330.6,331.0,37.3,20,94.8,yes
2026-08-16 12:19:11,rule2-hot,"hot, PV=gate-20, ESS in 10..20",-337.0,14.2,14.0,331.0,317.0,37.3,20,94.8,yes
2026-08-16 12:19:21,rule2-hot,"hot, PV=gate-20, ESS in 10..20",-336.6,16.8,16.3,317.0,316.6,37.3,20,94.8,yes
2026-08-16 12:19:31,rule2-hot,"hot, PV=gate-20, ESS in 10..20",-346.6,14.1,15.4,316.6,326.6,37.3,20,94.8,yes
2026-08-16 12:19:42,rule2-hot,"hot, PV=gate-20, ESS in 10..20",-340.4,15.6,14.6,326.6,320.4,37.3,20,94.8,yes
2026-08-16 12:19:53,rule2-hot,"hot, PV=gate-20, ESS in 10..20",-341.4,16.3,15.4,320.4,321.4,37.3,20,94.8,yes
2026-08-16 12:20:03,rule2-hot,"hot, PV=gate-20, ESS in 10..20",-338.2,14.8,15.0,321.4,318.2,37.3,20,94.8,yes
2026-08-16 12:20:13,rule2-hot,"hot, PV=gate-20, ESS in 10..20",-338.4,15.9,15.8,318.2,318.4,37.3,20,94.8,yes
2026-08-16 12:20:23,rule2-hot,"hot, PV=gate-20, ESS in 10..20",-338.6,14.7,14.0,318.4,318.6,37.3,20,94.8,yes
2026-08-16 12:20:33,rule2-hot,"hot, PV=gate-20, ESS in 10..20",-339.6,15.5,13.7,318.6,319.6,37.3,20,94.8,yes
2026-08-16 12:20:44,rule2-hot,"hot, PV=gate-20, ESS in 10..20",-340.8,12.8,13.8,319.6,320.8,37.3,20,94.8,yes
2026-08-16 12:20:54,rule2-hot,"hot, PV=gate-20, ESS in 10..20",-339.0,15.7,16.0,320.8,319.0,37.3,20,94.8,yes
2026-08-16 12:21:04,rule2-hot,"hot, PV=gate-20, ESS in 10..20",-339.2,15.1,16.4,319.0,319.2,37.3,20,94.8,yes
2026-08-16 12:21:14,rule2-hot,"hot, PV=gate-20, ESS in 10..20",-338.6,15.7,14.6,319.2,318.6,37.3,20,94.8,yes
2026-08-16 12:21:25,rule2-hot,"hot, PV=gate-20, ESS in 10..20",-336.4,14.9,16.6,318.6,316.4,37.3,20,94.8,yes
2026-08-16 12:21:35,rule2-hot,"hot, PV=gate-20, ESS in 10..20",-333.8,17.4,16.7,316.4,313.8,37.3,20,94.8,yes
2026-08-16 12:21:45,rule2-hot,"hot, PV=gate-20, ESS in 10..20",-331.8,12.9,16.9,313.8,311.8,37.3,20,94.8,yes
2026-08-16 12:21:55,rule2-hot,"hot, PV=gate-20, ESS in 10..20",-331.8,15.2,16.8,311.8,311.8,37.7,21,94.8,no
2026-08-16 12:22:06,rule2-hot,"hot, PV=gate-20, ESS in 10..20",-333.8,16.6,14.4,311.8,313.8,37.7,21,94.8,yes
2026-08-16 12:22:16,rule2-hot,"hot, PV=gate-20, ESS in 10..20",-334.6,15.6,14.5,313.8,314.6,37.7,21,94.8,yes
2026-08-16 12:22:27,rule2-hot,"hot, PV=gate-20, ESS in 10..20",-334.4,13.9,14.0,314.6,314.4,37.7,21,94.8,yes
2026-08-16 12:22:37,rule2-hot,"hot, PV=gate-20, ESS in 10..20",-333.8,16.4,16.1,314.4,313.8,37.7,21,94.8,yes
2026-08-16 12:22:48,rule2-hot,"hot, PV=gate-20, ESS in 10..20",-335.0,14.8,15.0,313.8,315.0,37.7,21,94.8,yes
2026-08-16 12:22:58,rule2-hot,"hot, PV=gate-20, ESS in 10..20",-335.0,15.3,15.3,315.0,315.0,37.7,21,94.8,no
2026-08-16 12:23:08,rule2-hot,"hot, PV=gate-20, ESS in 10..20",-335.0,14.8,16.7,315.0,315.0,37.7,21,94.8,no
2026-08-16 12:23:18,rule2-hot,"hot, PV=gate-20, ESS in 10..20",-335.6,15.9,15.2,315.0,315.6,37.7,21,94.8,yes
2026-08-16 12:23:29,rule2-hot,"hot, PV=gate-20, ESS in 10..20",-334.8,15.5,16.9,315.6,314.8,37.7,21,94.8,yes
2026-08-16 12:23:39,rule2-hot,"hot, PV=gate-20, ESS in 10..20",-335.0,15.8,14.8,314.8,315.0,37.7,21,94.8,yes
2026-08-16 12:23:49,rule2-hot,"hot, PV=gate-20, ESS in 10..20",-335.4,16.4,13.5,315.0,315.4,37.7,21,94.8,yes
2026-08-16 12:23:59,rule2-hot,"hot, PV=gate-20, ESS in 10..20",-338.2,14.6,14.8,315.4,318.2,37.7,21,94.8,yes
2026-08-16 12:24:09,rule3-soc-high,"SOC>=95, lower PV until an ESS reaches -30",-340.2,15.8,14.2,318.2,308.2,37.7,21,95.2,yes
2026-08-16 12:24:20,rule3-soc-high,"SOC>=95, lower PV until an ESS reaches -30",-341.0,10.6,11.4,308.2,298.2,37.7,21,95.2,yes
2026-08-16 12:24:30,rule3-soc-high,"SOC>=95, lower PV until an ESS reaches -30",-341.6,6.5,5.9,298.2,288.2,37.7,21,95.2,yes
2026-08-16 12:24:41,rule3-soc-high,"SOC>=95, lower PV until an ESS reaches -30",-342.4,2.5,3.5,288.2,278.2,37.7,21,95.2,yes
2026-08-16 12:24:51,rule3-soc-high,"SOC>=95, lower PV until an ESS reaches -30",-334.2,1.0,0.9,278.2,268.2,37.7,21,95.2,yes
2026-08-16 12:25:01,rule3-soc-high,"SOC>=95, lower PV until an ESS reaches -30",-332.2,-1.8,-2.6,268.2,258.2,37.7,21,95.2,yes
2026-08-16 12:25:12,rule3-soc-high,"SOC>=95, lower PV until an ESS reaches -30",-329.8,-5.8,-4.1,258.2,248.2,37.7,21,95.2,yes
2026-08-16 12:25:23,rule3-soc-high,"SOC>=95, lower PV until an ESS reaches -30",-329.0,-11.1,-10.5,248.2,238.2,37.7,21,95.2,yes
2026-08-16 12:25:33,rule3-soc-high,"SOC>=95, lower PV until an ESS reaches -30",-328.8,-16.9,-16.9,238.2,228.2,37.7,21,95.2,yes
2026-08-16 12:25:43,rule3-soc-high,"SOC>=95, lower PV until an ESS reaches -30",-330.4,-24.4,-25.4,228.2,218.2,37.7,21,95.2,yes
2026-08-16 12:25:53,rule3-soc-high,"SOC>=95, lower PV until an ESS reaches -30",-329.4,-29.0,-28.5,218.2,208.2,37.7,21,95.2,yes
2026-08-16 12:26:03,rule3-soc-high,"SOC>=95, an ESS reached -30, stop lowering",-328.6,-36.0,-37.5,208.2,208.2,37.7,21,95.2,no
2026-08-16 12:26:13,rule3-soc-high,"SOC>=95, ESS at -30 target, hold",-325.6,-36.0,-35.5,208.2,208.2,37.7,21,95.2,no
2026-08-16 12:26:24,rule3-soc-high,"SOC>=95, ESS at -30 target, hold",-327.2,-38.0,-37.4,208.2,208.2,37.7,21,95.2,no
2026-08-16 12:26:34,rule3-soc-high,"SOC>=95, ESS at -30 target, hold",-331.8,-38.9,-39.1,208.2,208.2,37.7,21,95.2,no
2026-08-16 12:26:44,rule3-soc-high,"SOC>=95, ESS at -30 target, hold",-332.2,-38.9,-38.3,208.2,208.2,37.7,21,95.2,no
2026-08-16 12:26:55,rule3-soc-high,"SOC>=95, ESS at -30 target, hold",-329.6,-40.3,-39.9,208.2,208.2,37.7,21,95.2,no
2026-08-16 12:27:05,rule2-hot,"hot, PV=gate-20, raise to keep ESS>=10",-329.6,-38.1,-37.5,208.2,319.6,37.7,21,94.8,yes
2026-08-16 12:27:15,rule2-hot,"hot, PV=gate-20, raise to keep ESS>=10",-328.8,-12.7,-17.6,319.6,318.8,37.7,21,94.8,yes
2026-08-16 12:27:26,rule2-hot,"hot, PV=gate-20, raise to keep ESS>=10",-329.8,8.3,7.6,318.8,319.8,37.7,21,94.8,yes
2026-08-16 12:27:36,rule2-hot,"hot, PV=gate-20",-330.6,14.7,,319.8,310.6,37.7,21,94.8,yes
2026-08-16 12:27:46,rule2-hot,"hot, PV=gate-20, ESS in 10..20",-329.6,16.4,16.9,310.6,309.6,37.7,21,94.8,yes
2026-08-16 12:27:58,rule2-hot,"hot, PV=gate-20, ESS in 10..20",-329.8,13.5,14.6,309.6,309.8,37.7,21,94.8,yes
2026-08-16 12:28:08,rule2-hot,"hot, PV=gate-20, ESS in 10..20",-334.6,15.2,15.2,309.8,314.6,37.7,21,94.8,yes
2026-08-16 12:28:18,rule2-hot,"hot, PV=gate-20, ESS in 10..20",-335.6,14.0,14.1,314.6,315.6,37.7,21,94.8,yes
2026-08-16 12:28:28,rule2-hot,"hot, PV=gate-20, ESS in 10..20",-330.8,17.3,18.3,315.6,310.8,37.7,21,94.8,yes
2026-08-16 12:28:38,rule2-hot,"hot, PV=gate-20, ESS in 10..20",-336.6,16.8,15.5,310.8,316.6,37.7,21,94.8,yes
2026-08-16 12:28:48,rule2-hot,"hot, PV=gate-20, ESS in 10..20",-339.4,11.9,13.7,316.6,319.4,37.7,21,94.8,yes
2026-08-16 12:28:58,rule2-hot,"hot, PV=gate-20, ESS in 10..20",-337.8,16.1,14.7,319.4,317.8,37.7,21,94.8,yes
2026-08-16 12:29:09,rule2-hot,"hot, PV=gate-20, ESS in 10..20",-337.2,11.6,12.3,317.8,317.2,37.7,21,94.8,yes
2026-08-16 12:29:19,rule2-hot,"hot, PV=gate-20, ESS in 10..20",-337.4,14.0,13.4,317.2,317.4,37.7,21,94.8,yes
2026-08-16 12:29:29,rule2-hot,"hot, PV=gate-20, ESS in 10..20",-336.2,14.9,15.4,317.4,316.2,37.7,21,94.8,yes
2026-08-16 12:29:40,rule2-hot,"hot, PV=gate-20, ESS in 10..20",-335.4,15.8,14.6,316.2,315.4,37.7,21,94.8,yes
2026-08-16 12:29:50,rule2-hot,"hot, PV=gate-20, ESS in 10..20",-336.4,15.4,15.0,315.4,316.4,37.7,21,94.8,yes
2026-08-16 12:30:00,rule2-hot,"hot, PV=gate-20, ESS in 10..20",-336.0,15.6,15.6,316.4,316.0,37.7,21,94.8,yes
2026-08-16 12:30:10,rule2-hot,"hot, PV=gate-20, ESS in 10..20",-337.0,15.4,13.4,316.0,317.0,37.7,21,94.8,yes
2026-08-16 12:30:21,rule2-hot,"hot, PV=gate-20, ESS in 10..20",-337.4,15.4,16.0,317.0,317.4,37.7,21,94.8,yes
2026-08-16 12:30:31,rule2-hot,"hot, PV=gate-20, ESS in 10..20",-337.0,15.7,14.0,317.4,317.0,37.7,21,94.8,yes
2026-08-16 12:30:42,rule2-hot,"hot, PV=gate-20, ESS in 10..20",-336.4,15.0,16.2,317.0,316.4,37.7,21,94.8,yes
2026-08-16 12:30:52,rule2-hot,"hot, PV=gate-20, ESS in 10..20",-337.8,15.0,14.3,316.4,317.8,37.7,21,94.8,yes
2026-08-16 12:31:02,rule2-hot,"hot, PV=gate-20, ESS in 10..20",-338.6,13.4,14.7,317.8,318.6,37.7,21,94.8,yes
2026-08-16 12:31:12,rule2-hot,"hot, PV=gate-20, ESS in 10..20",-337.4,15.6,16.1,318.6,317.4,37.7,21,94.8,yes
2026-08-16 12:31:22,rule2-hot,"hot, PV=gate-20, ESS in 10..20",-336.6,14.4,15.6,317.4,316.6,37.7,21,94.8,yes
2026-08-16 12:31:33,rule2-hot,"hot, PV=gate-20, ESS in 10..20",-336.8,15.3,16.0,316.6,316.8,37.7,21,94.8,yes
2026-08-16 12:31:43,rule2-hot,"hot, PV=gate-20, ESS in 10..20",-337.0,15.7,14.2,316.8,317.0,37.7,21,94.8,yes
2026-08-16 12:31:53,rule2-hot,"hot, PV=gate-20, ESS in 10..20",-333.0,15.1,16.0,317.0,313.0,37.7,21,94.8,yes
2026-08-16 12:32:04,rule2-hot,"hot, PV=gate-20, ESS in 10..20",-333.6,17.0,14.9,313.0,313.6,38.1,25,94.8,yes
2026-08-16 12:32:26,rule3-soc-high,"SOC>=95, lower PV until an ESS reaches -30",-332.4,17.7,15.3,313.6,303.6,38.1,25,95.2,yes
2026-08-16 12:32:36,rule3-soc-high,"SOC>=95, lower PV until an ESS reaches -30",-331.4,13.2,14.6,303.6,293.6,38.1,25,95.2,yes
2026-08-16 12:32:46,rule3-soc-high,"SOC>=95, lower PV until an ESS reaches -30",-329.2,10.4,8.7,293.6,283.6,38.1,25,95.2,yes
2026-08-16 12:32:56,rule3-soc-high,"SOC>=95, lower PV until an ESS reaches -30",-329.2,4.3,5.8,283.6,273.6,38.1,25,95.2,yes
2026-08-16 12:33:07,rule3-soc-high,"SOC>=95, lower PV until an ESS reaches -30",-328.8,0.7,0.1,273.6,263.6,38.1,25,95.2,yes
2026-08-16 12:33:17,rule3-soc-high,"SOC>=95, lower PV until an ESS reaches -30",-330.0,-0.6,-2.0,263.6,253.6,38.1,25,95.2,yes
2026-08-16 12:33:27,rule3-soc-high,"SOC>=95, lower PV until an ESS reaches -30",-330.4,-9.0,-8.1,253.6,243.6,38.1,25,95.2,yes
2026-08-16 12:33:37,rule3-soc-high,"SOC>=95, lower PV until an ESS reaches -30",-331.2,-13.0,-14.7,243.6,233.6,38.1,25,95.2,yes
2026-08-16 12:33:47,rule3-soc-high,"SOC>=95, lower PV until an ESS reaches -30",-332.2,-21.1,-20.1,233.6,223.6,38.1,25,95.2,yes
2026-08-16 12:33:57,rule3-soc-high,"SOC>=95, lower PV until an ESS reaches -30",-331.8,-27.9,-28.6,223.6,213.6,38.1,25,95.2,yes
2026-08-16 12:34:07,rule3-soc-high,"SOC>=95, an ESS reached -30, stop lowering",-332.2,-31.9,-33.1,213.6,213.6,38.1,25,95.2,no
2026-08-16 12:34:17,rule3-soc-high,"SOC>=95, ESS at -30 target, hold",-332.4,-34.7,-36.4,213.6,213.6,38.1,25,95.2,no
2026-08-16 12:34:27,rule3-soc-high,"SOC>=95, ESS at -30 target, hold",-332.6,-36.5,-36.3,213.6,213.6,38.1,25,95.2,no
2026-08-16 12:34:37,rule3-soc-high,"SOC>=95, ESS at -30 target, hold",-333.4,-35.6,-37.1,213.6,213.6,38.1,25,95.2,no
2026-08-16 12:34:47,rule3-soc-high,"SOC>=95, ESS at -30 target, hold",-332.2,-35.5,-37.0,213.6,213.6,38.1,25,95.2,no
2026-08-16 12:34:57,rule3-soc-high,"SOC>=95, ESS at -30 target, hold",-330.8,-36.5,-35.0,213.6,213.6,38.1,25,95.2,no
2026-08-16 12:35:08,rule3-soc-high,"SOC>=95, ESS at -30 target, hold",-330.8,-34.5,-36.7,213.6,213.6,38.1,25,95.2,no
2026-08-16 12:35:18,rule3-soc-high,"SOC>=95, ESS at -30 target, hold",-330.4,-36.3,-34.4,213.6,213.6,38.1,25,95.2,no
2026-08-16 12:35:28,rule3-soc-high,"SOC>=95, ESS at -30 target, hold",-330.8,-34.4,-36.3,213.6,213.6,38.1,25,95.2,no
2026-08-16 12:35:38,rule2-hot,"hot, PV=gate-20, raise to keep ESS>=10",-332.2,-36.7,-35.3,213.6,322.2,38.1,25,94.8,yes
2026-08-16 12:35:48,rule2-hot,"hot, PV=gate-20, raise to keep ESS>=10",-329.2,-19.9,-21.2,322.2,319.2,38.1,25,94.8,yes
2026-08-16 12:35:59,rule2-hot,"hot, PV=gate-20, raise to keep ESS>=10",-327.4,8.1,5.2,319.2,317.4,38.1,25,94.8,yes
2026-08-16 12:36:09,rule2-hot,"hot, PV=gate-20, ESS in 10..20",-325.0,19.1,17.7,317.4,305.0,38.1,25,94.8,yes
2026-08-16 12:36:19,rule2-hot,"hot, PV=gate-20, ESS in 10..20",-325.0,18.4,16.4,305.0,305.0,38.1,25,94.8,no
2026-08-16 12:36:29,rule2-hot,"hot, PV=gate-20, ESS in 10..20",-326.0,14.4,14.7,305.0,306.0,38.1,25,94.8,yes
2026-08-16 12:36:39,rule2-hot,"hot, PV=gate-20, lower to keep ESS<=20",-318.2,20.6,19.7,306.0,288.2,38.1,25,94.8,yes
2026-08-16 12:36:50,rule2-hot,"hot, PV=gate-20, ESS in 10..20",-319.8,13.3,14.4,288.2,299.8,38.1,25,94.8,yes
2026-08-16 12:37:00,rule2-hot,"hot, PV=gate-20, ESS in 10..20",-320.0,16.6,14.4,299.8,300.0,38.1,25,94.8,yes
2026-08-16 12:37:10,rule2-hot,"hot, PV=gate-20, ESS in 10..20",-317.4,15.0,16.8,300.0,297.4,38.1,25,94.8,yes
2026-08-16 12:37:20,rule2-hot,"hot, PV=gate-20, ESS in 10..20",-320.4,16.4,15.1,297.4,300.4,38.1,25,94.8,yes
2026-08-16 12:37:30,rule2-hot,"hot, PV=gate-20, ESS in 10..20",-322.6,13.6,14.5,300.4,302.6,38.1,25,94.8,yes
2026-08-16 12:37:41,rule2-hot,"hot, PV=gate-20, lower to keep ESS<=20",-310.2,20.7,19.9,302.6,280.2,38.1,25,94.8,yes
2026-08-16 12:37:51,rule2-hot,"hot, PV=gate-20, ESS in 10..20",-309.8,17.1,15.1,280.2,289.8,38.1,25,94.8,yes
2026-08-16 12:38:01,rule2-hot,"hot, PV=gate-20, ESS in 10..20",-309.2,13.7,14.5,289.8,289.2,38.1,25,94.8,yes
2026-08-16 12:38:11,rule2-hot,"hot, PV=gate-20, ESS in 10..20",-311.2,14.8,12.8,289.2,291.2,38.1,25,94.8,yes
2026-08-16 12:38:21,rule2-hot,"hot, PV=gate-20, ESS in 10..20",-309.6,16.1,17.1,291.2,289.6,38.1,25,94.8,yes
2026-08-16 12:38:31,rule2-hot,"hot, PV=gate-20, ESS in 10..20",-309.8,16.2,15.4,289.6,289.8,38.1,25,94.8,yes
2026-08-16 12:38:42,rule2-hot,"hot, PV=gate-20, ESS in 10..20",-310.8,15.6,16.6,289.8,290.8,38.1,25,94.8,yes
2026-08-16 12:38:52,rule2-hot,"hot, PV=gate-20, ESS in 10..20",-312.0,15.2,14.5,290.8,292.0,38.1,25,94.8,yes
2026-08-16 12:39:02,rule2-hot,"hot, PV=gate-20, ESS in 10..20",-312.8,15.9,15.8,292.0,292.8,38.1,25,94.8,yes
2026-08-16 12:39:12,rule2-hot,"hot, PV=gate-20, ESS in 10..20",-313.2,14.6,16.8,292.8,293.2,38.1,25,94.8,yes
2026-08-16 12:39:23,rule2-hot,"hot, PV=gate-20, ESS in 10..20",-312.2,18.0,16.6,293.2,292.2,38.1,25,94.8,yes
2026-08-16 12:39:33,rule2-hot,"hot, PV=gate-20, ESS in 10..20",-314.0,14.9,15.9,292.2,294.0,38.1,25,94.8,yes
2026-08-16 12:39:43,rule2-hot,"hot, PV=gate-20, ESS in 10..20",-314.4,17.3,14.3,294.0,294.4,38.1,25,94.8,yes
2026-08-16 12:39:53,rule2-hot,"hot, PV=gate-20, ESS in 10..20",-311.4,17.6,16.2,294.4,291.4,38.1,25,94.8,yes
2026-08-16 12:40:03,rule2-hot,"hot, PV=gate-20, ESS in 10..20",-318.2,11.7,13.4,291.4,298.2,38.1,25,94.8,yes
2026-08-16 12:40:13,rule2-hot,"hot, PV=gate-20, ESS in 10..20",-318.6,14.2,13.4,298.2,298.6,38.1,25,94.8,yes
2026-08-16 12:40:23,rule2-hot,"hot, PV=gate-20, ESS in 10..20",-318.6,14.9,16.0,298.6,298.6,38.1,25,94.8,no
2026-08-16 12:40:33,rule2-hot,"hot, PV=gate-20",-317.0,15.9,,298.6,297.0,38.1,25,94.8,yes
2026-08-16 12:40:44,rule2-hot,"hot, PV=gate-20",-318.6,14.9,,297.0,298.6,38.1,25,94.8,yes
2026-08-16 12:40:54,rule2-hot,"hot, PV=gate-20, ESS in 10..20",-318.2,16.6,15.3,298.6,298.2,38.1,25,94.8,yes
2026-08-16 12:41:04,rule2-hot,"hot, PV=gate-20, ESS in 10..20",-316.2,16.0,17.4,298.2,296.2,38.1,25,94.8,yes
2026-08-16 12:41:15,rule3-soc-high,"SOC>=95, lower PV until an ESS reaches -30",-315.4,16.5,16.4,296.2,286.2,38.1,25,95.2,yes
2026-08-16 12:41:25,rule3-soc-high,"SOC>=95, lower PV until an ESS reaches -30",-313.4,13.4,14.5,286.2,276.2,38.1,25,95.2,yes
2026-08-16 12:41:35,rule3-soc-high,"SOC>=95, lower PV until an ESS reaches -30",-312.0,10.8,9.3,276.2,266.2,38.1,25,95.2,yes
2026-08-16 12:41:46,rule3-soc-high,"SOC>=95, lower PV until an ESS reaches -30",-311.0,5.1,6.2,266.2,256.2,38.1,25,95.2,yes
2026-08-16 12:41:56,rule3-soc-high,"SOC>=95, lower PV until an ESS reaches -30",-310.8,2.0,1.3,256.2,246.2,38.1,25,95.2,yes
2026-08-16 12:42:06,rule3-soc-high,"SOC>=95, lower PV until an ESS reaches -30",-320.6,-6.1,-4.9,246.2,236.2,38.1,25,95.2,yes
2026-08-16 12:42:28,rule3-soc-high,"SOC>=95, lower PV until an ESS reaches -30",-326.0,-19.1,-17.4,236.2,226.2,38.1,25,95.2,yes
2026-08-16 12:42:38,rule3-soc-high,"SOC>=95, lower PV until an ESS reaches -30",-325.8,-23.3,-22.7,226.2,216.2,38.1,25,95.2,yes
2026-08-16 12:42:48,rule3-soc-high,"SOC>=95, lower PV until an ESS reaches -30",-323.6,-28.0,-28.3,216.2,206.2,38.1,25,95.2,yes
2026-08-16 12:42:58,rule3-soc-high,"SOC>=95, an ESS reached -30, stop lowering",-322.8,-34.4,-34.3,206.2,206.2,38.1,25,95.2,no
2026-08-16 12:43:08,rule3-soc-high,"SOC>=95, ESS at -30 target, hold",-307.4,-26.1,-28.9,206.2,206.2,38.1,25,95.2,no
2026-08-16 12:43:19,rule3-soc-high,"SOC>=95, ESS at -30 target, hold",-306.0,-30.2,-29.0,206.2,206.2,38.1,25,95.2,no
2026-08-16 12:43:29,rule3-soc-high,"SOC>=95, ESS at -30 target, hold",-306.4,-26.6,-29.1,206.2,206.2,38.1,25,95.2,no
2026-08-16 12:43:39,rule3-soc-high,"SOC>=95, ESS at -30 target, hold",-306.0,-29.0,-26.8,206.2,206.2,38.1,25,95.2,no
2026-08-16 12:43:50,rule3-soc-high,"SOC>=95, ESS at -30 target, hold",-301.6,-25.3,-26.9,206.2,206.2,38.1,25,95.2,no
2026-08-16 12:44:00,rule3-soc-high,"SOC>=95, ESS at -30 target, hold",-301.6,-27.8,-25.8,206.2,206.2,38.1,25,95.2,no
2026-08-16 12:44:10,rule3-soc-high,"SOC>=95, ESS at -30 target, hold",-302.0,-25.3,-28.1,206.2,206.2,38.1,25,95.2,no
2026-08-16 12:44:21,rule3-soc-high,"SOC>=95, ESS at -30 target, hold",-305.2,-28.3,-26.7,206.2,206.2,38.1,25,95.2,no
2026-08-16 12:44:31,rule3-soc-high,"SOC>=95, ESS at -30 target, hold",-315.2,-26.9,-29.6,206.2,206.2,38.1,25,95.2,no
2026-08-16 12:44:41,rule3-soc-high,"SOC>=95, ESS at -30 target, hold",-309.2,-30.4,-28.5,206.2,206.2,38.1,25,95.2,no
2026-08-16 12:44:52,rule3-soc-high,"SOC>=95, ESS at -30 target, hold",-318.2,-32.9,-34.9,206.2,206.2,38.1,25,95.2,no
2026-08-16 12:45:02,rule3-soc-high,"SOC>=95, ESS at -30 target, hold",-317.0,-33.3,-32.7,206.2,206.2,38.1,25,95.2,no
2026-08-16 12:45:12,rule2-hot,"hot, PV=gate-20, raise to keep ESS>=10",-314.8,-34.2,-34.9,206.2,304.8,38.1,25,94.8,yes
2026-08-16 12:45:23,rule2-hot,"hot, PV=gate-20, raise to keep ESS>=10",-315.2,-9.9,-7.9,304.8,305.2,38.1,25,94.8,yes
2026-08-16 12:45:33,rule2-hot,"hot, PV=gate-20, raise to keep ESS>=10",-316.0,7.9,8.1,305.2,306.0,38.1,25,94.8,yes
2026-08-16 12:45:43,rule2-hot,"hot, PV=gate-20, ESS in 10..20",-320.2,16.3,15.6,306.0,300.2,38.1,25,94.8,yes
2026-08-16 12:45:54,rule2-hot,"hot, PV=gate-20, ESS in 10..20",-319.6,16.7,16.6,300.2,299.6,38.1,25,94.8,yes
2026-08-16 12:46:04,rule2-hot,"hot, PV=gate-20, ESS in 10..20",-321.2,15.0,14.2,299.6,301.2,38.1,25,94.8,yes
2026-08-16 12:46:14,rule2-hot,"hot, PV=gate-20, ESS in 10..20",-320.8,13.7,16.0,301.2,300.8,38.1,25,94.8,yes
2026-08-16 12:46:25,rule2-hot,"hot, PV=gate-20, ESS in 10..20",-320.2,15.3,12.9,300.8,300.2,38.1,25,94.8,yes
2026-08-16 12:46:35,rule2-hot,"hot, PV=gate-20, ESS in 10..20",-320.8,15.8,17.2,300.2,300.8,38.1,25,94.8,yes
2026-08-16 12:46:45,rule2-hot,"hot, PV=gate-20, raise to keep ESS>=10",-337.0,7.8,7.7,300.8,327.0,38.1,25,94.8,yes
2026-08-16 12:46:56,rule2-hot,"hot, PV=gate-20, ESS in 10..20",-339.2,11.4,12.4,327.0,319.2,38.1,25,94.8,yes
2026-08-16 12:47:06,rule2-hot,"hot, PV=gate-20, ESS in 10..20",-338.8,13.4,11.6,319.2,318.8,38.1,25,94.8,yes
2026-08-16 12:47:16,rule2-hot,"hot, PV=gate-20, ESS in 10..20",-337.6,13.3,13.4,318.8,317.6,38.1,25,94.8,yes
2026-08-16 12:47:27,rule2-hot,"hot, PV=gate-20, ESS in 10..20",-337.2,14.2,13.8,317.6,317.2,38.1,25,94.8,yes
2026-08-16 12:47:37,rule2-hot,"hot, PV=gate-20, ESS in 10..20",-331.0,13.9,14.7,317.2,311.0,38.1,25,94.8,yes
2026-08-16 12:47:47,rule2-hot,"hot, PV=gate-20, ESS in 10..20",-318.8,15.6,15.6,311.0,298.8,38.1,25,94.8,yes
2026-08-16 12:47:58,rule2-hot,"hot, PV=gate-20, ESS in 10..20",-318.0,17.9,14.5,298.8,298.0,38.1,25,94.8,yes
2026-08-16 12:48:08,rule2-hot,"hot, PV=gate-20, ESS in 10..20",-316.8,15.1,17.6,298.0,296.8,38.1,25,94.8,yes
2026-08-16 12:48:18,rule2-hot,"hot, PV=gate-20, ESS in 10..20",-315.6,17.2,16.1,296.8,295.6,38.1,25,94.8,yes
2026-08-16 12:48:29,rule2-hot,"hot, PV=gate-20, ESS in 10..20",-321.6,15.1,15.9,295.6,301.6,38.1,25,94.8,yes
2026-08-16 12:48:39,rule2-hot,"hot, PV=gate-20, ESS in 10..20",-317.2,14.7,13.6,301.6,297.2,38.1,25,94.8,yes
2026-08-16 12:48:49,rule2-hot,"hot, PV=gate-20, ESS in 10..20",-317.4,16.6,16.7,297.2,297.4,38.1,25,94.8,yes
2026-08-16 12:49:00,rule2-hot,"hot, PV=gate-20, ESS in 10..20",-320.8,13.7,12.7,297.4,300.8,38.1,25,94.8,yes
2026-08-16 12:49:10,rule2-hot,"hot, PV=gate-20, ESS in 10..20",-319.4,15.1,16.1,300.8,299.4,38.1,25,94.8,yes
2026-08-16 12:49:20,rule2-hot,"hot, PV=gate-20, ESS in 10..20",-318.0,16.4,15.6,299.4,298.0,38.1,25,94.8,yes
2026-08-16 12:49:31,rule2-hot,"hot, PV=gate-20, ESS in 10..20",-314.0,16.2,18.3,298.0,294.0,38.1,25,94.8,yes
2026-08-16 12:49:41,rule2-hot,"hot, PV=gate-20, ESS in 10..20",-315.8,17.0,15.9,294.0,295.8,38.1,25,94.8,yes
2026-08-16 12:49:51,rule2-hot,"hot, PV=gate-20, ESS in 10..20",-317.6,14.6,14.3,295.8,297.6,38.1,25,94.8,yes
2026-08-16 12:50:01,rule2-hot,"hot, PV=gate-20, ESS in 10..20",-317.0,16.1,16.4,297.6,297.0,38.1,25,94.8,yes
2026-08-16 12:50:12,rule2-hot,"hot, PV=gate-20, ESS in 10..20",-315.8,18.0,14.2,297.0,295.8,38.1,25,94.8,yes
2026-08-16 12:50:22,rule2-hot,"hot, PV=gate-20, ESS in 10..20",-315.2,16.2,17.0,295.8,295.2,38.1,25,94.8,yes
2026-08-16 12:50:32,rule2-hot,"hot, PV=gate-20, ESS in 10..20",-315.2,16.7,14.5,295.2,295.2,38.1,25,94.8,no
2026-08-16 12:50:42,rule2-hot,"hot, PV=gate-20, ESS in 10..20",-315.6,16.3,15.6,295.2,295.6,38.1,25,94.8,yes
2026-08-16 12:50:53,rule2-hot,"hot, PV=gate-20, ESS in 10..20",-310.0,19.4,18.5,295.6,290.0,38.1,25,94.8,yes
2026-08-16 12:51:03,rule2-hot,"hot, PV=gate-20, ESS in 10..20",-307.6,16.8,16.3,290.0,287.6,38.1,25,94.8,yes
2026-08-16 12:51:13,rule2-hot,"hot, PV=gate-20, ESS in 10..20",-308.0,16.3,16.5,287.6,288.0,38.1,25,94.8,yes
2026-08-16 12:51:24,rule2-hot,"hot, PV=gate-20, ESS in 10..20",-306.0,13.8,15.6,288.0,286.0,38.1,25,94.8,yes
2026-08-16 12:51:34,rule3-soc-high,"SOC>=95, lower PV until an ESS reaches -30",-310.6,12.9,13.7,286.0,276.0,38.1,25,95.2,yes
2026-08-16 12:51:45,rule3-soc-high,"SOC>=95, lower PV until an ESS reaches -30",-310.2,11.7,11.1,276.0,266.0,38.1,25,95.2,yes
2026-08-16 12:51:55,rule3-soc-high,"SOC>=95, lower PV until an ESS reaches -30",-322.6,1.6,3.5,266.0,256.0,38.1,25,95.2,yes
2026-08-16 12:52:05,rule3-soc-high,"SOC>=95, lower PV until an ESS reaches -30",-324.0,-4.2,-4.0,256.0,246.0,38.1,25,95.2,yes
2026-08-16 12:52:15,rule3-soc-high,"SOC>=95, lower PV until an ESS reaches -30",-323.0,-8.3,-8.2,246.0,236.0,38.4,31,95.2,yes
2026-08-16 12:52:26,rule3-soc-high,"SOC>=95, lower PV until an ESS reaches -30",-321.4,-15.1,-15.4,236.0,226.0,38.4,31,95.2,yes
2026-08-16 12:52:36,rule3-soc-high,"SOC>=95, lower PV until an ESS reaches -30",-322.0,-22.0,-21.5,226.0,216.0,38.4,31,95.2,yes
2026-08-16 12:52:46,rule3-soc-high,"SOC>=95, lower PV until an ESS reaches -30",-321.4,-27.5,-27.6,216.0,206.0,38.4,31,95.2,yes
2026-08-16 12:52:56,rule3-soc-high,"SOC>=95, an ESS reached -30, stop lowering",-321.6,-32.1,-32.4,206.0,206.0,38.4,31,95.2,no
2026-08-16 12:53:07,rule3-soc-high,"SOC>=95, ESS at -30 target, hold",-309.6,-28.8,-28.2,206.0,206.0,38.4,31,95.2,no
2026-08-16 12:53:17,rule3-soc-high,"SOC>=95, ESS at -30 target, hold",-309.0,-29.8,-30.0,206.0,206.0,38.4,31,95.2,no
2026-08-16 12:53:27,rule3-soc-high,"SOC>=95, ESS at -30 target, hold",-310.2,-30.4,-30.4,206.0,206.0,38.4,31,95.2,no
2026-08-16 12:53:38,rule3-soc-high,"SOC>=95, waiting for ESS data",-309.8,-29.1,,206.0,206.0,38.4,31,95.2,no
2026-08-16 12:53:48,rule3-soc-high,"SOC>=95, waiting for ESS data",-308.8,-29.8,,206.0,206.0,38.4,31,95.2,no
2026-08-16 12:53:58,rule3-soc-high,"SOC>=95, ESS at -30 target, hold",-308.8,-29.7,-29.6,206.0,206.0,38.4,31,95.2,no
2026-08-16 12:54:09,rule3-soc-high,"SOC>=95, ESS at -30 target, hold",-311.6,-30.6,-30.4,206.0,206.0,38.4,31,95.2,no
2026-08-16 12:54:19,rule3-soc-high,"SOC>=95, ESS at -30 target, hold",-311.8,-30.7,-31.1,206.0,206.0,38.4,31,95.2,no
2026-08-16 12:54:29,rule3-soc-high,"SOC>=95, ESS at -30 target, hold",-314.0,-30.5,-30.8,206.0,206.0,38.4,31,95.2,no
2026-08-16 12:54:40,rule2-hot,"hot, PV=gate-20, raise to keep ESS>=10",-315.4,-32.6,-33.1,206.0,305.4,38.4,31,94.8,yes
2026-08-16 12:54:50,rule2-hot,"hot, PV=gate-20, raise to keep ESS>=10",-315.4,-14.8,-10.1,305.4,305.4,38.4,31,94.8,no
2026-08-16 12:55:00,rule2-hot,"hot, PV=gate-20, raise to keep ESS>=10",-315.2,8.5,4.9,305.4,305.2,38.4,31,94.8,yes
2026-08-16 12:55:11,rule2-hot,"hot, PV=gate-20, ESS in 10..20",-318.4,17.5,16.0,305.2,298.4,38.4,31,94.8,yes
2026-08-16 12:55:21,rule2-hot,"hot, PV=gate-20, ESS in 10..20",-325.4,13.0,13.8,298.4,305.4,38.4,31,94.8,yes
2026-08-16 12:55:31,rule2-hot,"hot, PV=gate-20, raise to keep ESS>=10",-340.4,3.5,7.0,305.4,330.4,38.4,31,94.8,yes
2026-08-16 12:55:42,rule2-hot,"hot, PV=gate-20, raise to keep ESS>=10",-338.8,8.0,6.6,330.4,328.8,38.4,31,94.8,yes
2026-08-16 12:55:52,rule2-hot,"hot, PV=gate-20, ESS in 10..20",-345.2,10.8,10.2,328.8,325.2,38.4,31,94.8,yes
2026-08-16 12:56:02,rule2-hot,"hot, PV=gate-20, raise to keep ESS>=10",-345.4,9.9,11.5,325.2,335.4,38.4,31,94.8,yes
2026-08-16 12:56:13,rule2-hot,"hot, PV=gate-20, ESS in 10..20",-345.8,13.1,12.5,335.4,325.8,38.4,31,94.8,yes
2026-08-16 12:56:23,rule2-hot,"hot, PV=gate-20, raise to keep ESS>=10",-350.6,9.4,8.6,325.8,340.6,38.4,31,94.8,yes
2026-08-16 12:56:33,rule2-hot,"hot, PV=gate-20, ESS in 10..20",-351.6,10.4,10.7,340.6,331.6,38.4,31,94.8,yes
2026-08-16 12:56:43,rule2-hot,"hot, PV=gate-20, ESS in 10..20",-351.4,10.8,10.9,331.6,331.4,38.4,31,94.8,yes
2026-08-16 12:56:54,rule2-hot,"hot, PV=gate-20, raise to keep ESS>=10",-350.2,10.9,9.9,331.4,340.2,38.4,31,94.8,yes
2026-08-16 12:57:04,rule2-hot,"hot, PV=gate-20, ESS in 10..20",-346.0,14.4,12.7,340.2,326.0,38.4,31,94.8,yes
2026-08-16 12:57:15,rule2-hot,"hot, PV=gate-20, ESS in 10..20",-344.4,11.5,13.2,326.0,324.4,38.4,31,94.8,yes
2026-08-16 12:57:25,rule2-hot,"hot, PV=gate-20, ESS in 10..20",-345.6,11.4,10.9,324.4,325.6,38.4,31,94.8,yes
2026-08-16 12:57:35,rule2-hot,"hot, PV=gate-20, raise to keep ESS>=10",-346.4,12.4,9.6,325.6,336.4,38.4,31,94.8,yes
2026-08-16 12:57:45,rule2-hot,"hot, PV=gate-20, ESS in 10..20",-345.8,12.0,11.4,336.4,325.8,38.4,31,94.8,yes
2026-08-16 12:57:55,rule2-hot,"hot, PV=gate-20, ESS in 10..20",-346.4,12.2,12.2,325.8,326.4,38.4,31,94.8,yes
2026-08-16 12:58:05,rule2-hot,"hot, PV=gate-20, ESS in 10..20",-344.6,12.2,12.4,326.4,324.6,38.4,31,94.8,yes
2026-08-16 12:58:15,rule2-hot,"hot, PV=gate-20, ESS in 10..20",-341.0,14.0,14.1,324.6,321.0,38.4,31,94.8,yes
2026-08-16 12:58:25,rule2-hot,"hot, PV=gate-20, ESS in 10..20",-341.2,12.7,13.2,321.0,321.2,38.4,31,94.8,yes
2026-08-16 12:58:36,rule2-hot,"hot, PV=gate-20, ESS in 10..20",-351.8,11.9,13.3,321.2,331.8,38.4,31,94.8,yes
2026-08-16 12:58:46,rule2-hot,"hot, PV=gate-20, ESS in 10..20",-346.4,12.9,10.7,331.8,326.4,38.4,31,94.8,yes
2026-08-16 12:58:56,rule2-hot,"hot, PV=gate-20, ESS in 10..20",-346.2,11.6,11.2,326.4,326.2,38.4,31,94.8,yes
2026-08-16 12:59:06,rule2-hot,"hot, PV=gate-20, ESS in 10..20",-344.4,12.3,12.1,326.2,324.4,38.4,31,94.8,yes
2026-08-16 12:59:17,rule2-hot,"hot, PV=gate-20, ESS in 10..20",-339.0,13.1,12.2,324.4,319.0,38.4,31,94.8,yes
2026-08-16 12:59:27,rule2-hot,"hot, PV=gate-20, ESS in 10..20",-323.4,19.1,16.3,319.0,303.4,38.4,31,94.8,yes
2026-08-16 12:59:37,rule2-hot,"hot, PV=gate-20, ESS in 10..20",-324.0,18.7,15.3,303.4,304.0,38.4,31,94.8,yes
2026-08-16 12:59:48,rule2-hot,"hot, PV=gate-20, ESS in 10..20",-325.2,15.7,13.4,304.0,305.2,38.4,31,94.8,yes
2026-08-16 12:59:58,rule2-hot,"hot, PV=gate-20, ESS in 10..20",-328.0,13.2,12.6,305.2,308.0,38.4,31,94.8,yes
2026-08-16 13:00:08,rule2-hot,"hot, PV=gate-20, ESS in 10..20",-327.0,16.9,13.7,308.0,307.0,38.4,31,94.8,yes
2026-08-16 13:00:19,rule2-hot,"hot, PV=gate-20, ESS in 10..20",-325.4,15.5,15.6,307.0,305.4,38.4,31,94.8,yes
2026-08-16 13:00:29,rule2-hot,"hot, PV=gate-20, ESS in 10..20",-327.0,13.1,15.5,305.4,307.0,38.4,31,94.8,yes
2026-08-16 13:00:39,rule2-hot,"hot, PV=gate-20, ESS in 10..20",-326.0,14.9,15.6,307.0,306.0,38.4,31,94.8,yes
2026-08-16 13:00:50,rule2-hot,"hot, PV=gate-20, ESS in 10..20",-326.8,16.4,15.2,306.0,306.8,38.4,31,94.8,yes
2026-08-16 13:01:00,rule2-hot,"hot, PV=gate-20, ESS in 10..20",-337.6,14.7,14.8,306.8,317.6,38.4,31,94.8,yes
2026-08-16 13:01:11,rule2-hot,"hot, PV=gate-20, ESS in 10..20",-329.2,13.3,14.8,317.6,309.2,38.4,31,94.8,yes
2026-08-16 13:01:21,rule2-hot,"hot, PV=gate-20, ESS in 10..20",-328.2,16.7,16.0,309.2,308.2,38.4,31,94.8,yes
2026-08-16 13:01:31,rule3-soc-high,"SOC>=95, lower PV until an ESS reaches -30",-330.2,14.9,14.8,308.2,298.2,38.4,31,95.2,yes
2026-08-16 13:01:41,rule3-soc-high,"SOC>=95, lower PV until an ESS reaches -30",-329.2,12.0,12.3,298.2,288.2,38.4,31,95.2,yes
2026-08-16 13:01:52,rule3-soc-high,"SOC>=95, lower PV until an ESS reaches -30",-335.8,4.3,5.0,288.2,278.2,38.4,31,95.2,yes
2026-08-16 13:02:02,rule3-soc-high,"SOC>=95, lower PV until an ESS reaches -30",-334.6,0.4,-0.5,278.2,268.2,38.4,31,95.2,yes
2026-08-16 13:02:12,rule3-soc-high,"SOC>=95, lower PV until an ESS reaches -30",-337.6,-5.0,-4.5,268.2,258.2,38.4,31,95.2,yes
2026-08-16 13:02:23,rule3-soc-high,"SOC>=95, lower PV until an ESS reaches -30",-333.4,-8.6,-8.3,258.2,248.2,38.7,36,95.2,yes
2026-08-16 13:02:34,rule3-soc-high,"SOC>=95, lower PV until an ESS reaches -30",-334.2,-12.7,-14.2,248.2,238.2,38.7,36,95.2,yes
2026-08-16 13:02:44,rule3-soc-high,"SOC>=95, lower PV until an ESS reaches -30",-331.6,-18.5,-18.9,238.2,228.2,38.7,36,95.2,yes
2026-08-16 13:02:54,rule3-soc-high,"SOC>=95, lower PV until an ESS reaches -30",-331.6,-25.6,-24.2,228.2,218.2,38.7,36,95.2,yes
2026-08-16 13:03:04,rule3-soc-high,"SOC>=95, an ESS reached -30, stop lowering",-330.6,-30.7,-30.6,218.2,218.2,38.7,36,95.2,no
2026-08-16 13:03:14,rule3-soc-high,"SOC>=95, ESS at -30 target, hold",-331.0,-32.6,-33.6,218.2,218.2,38.7,36,95.2,no
2026-08-16 13:03:25,rule3-soc-high,"SOC>=95, ESS at -30 target, hold",-330.6,-31.9,-31.2,218.2,218.2,38.7,36,95.2,no
2026-08-16 13:03:35,rule3-soc-high,"SOC>=95, ESS at -30 target, hold",-337.6,-36.0,-35.1,218.2,218.2,38.7,36,95.2,no
2026-08-16 13:03:45,rule3-soc-high,"SOC>=95, ESS at -30 target, hold",-337.8,-36.6,-36.0,218.2,218.2,38.7,36,95.2,no
2026-08-16 13:03:56,rule3-soc-high,"SOC>=95, ESS at -30 target, hold",-337.2,-35.8,-36.6,218.2,218.2,38.7,36,95.2,no
2026-08-16 13:04:06,rule3-soc-high,"SOC>=95, ESS at -30 target, hold",-337.8,-35.7,-34.5,218.2,218.2,38.7,36,95.2,no
2026-08-16 13:04:16,rule3-soc-high,"SOC>=95, ESS at -30 target, hold",-344.2,-41.3,-39.8,218.2,218.2,38.7,36,95.2,no
2026-08-16 13:04:27,rule3-soc-high,"SOC>=95, ESS at -30 target, hold",-345.0,-40.3,-40.6,218.2,218.2,38.7,36,95.2,no
2026-08-16 13:04:37,rule2-hot,"hot, PV=gate-20, raise to keep ESS>=10",-334.2,-33.2,-33.3,218.2,324.2,38.7,36,94.8,yes
2026-08-16 13:04:47,rule2-hot,"hot, PV=gate-20, raise to keep ESS>=10",-323.2,-9.7,-14.6,324.2,313.2,38.7,36,94.8,yes
2026-08-16 13:04:58,rule2-hot,"hot, PV=gate-20, raise to keep ESS>=10",-321.6,9.8,11.7,313.2,311.6,38.7,36,94.8,yes
2026-08-16 13:05:08,rule2-hot,"hot, PV=gate-20, ESS in 10..20",-325.8,14.8,16.2,311.6,305.8,38.7,36,94.8,yes
2026-08-16 13:05:18,rule2-hot,"hot, PV=gate-20, ESS in 10..20",-327.6,15.2,15.6,305.8,307.6,38.7,36,94.8,yes
2026-08-16 13:05:29,rule2-hot,"hot, PV=gate-20, ESS in 10..20",-327.2,15.8,15.9,307.6,307.2,38.7,36,94.8,yes
2026-08-16 13:05:39,rule2-hot,"hot, PV=gate-20, ESS in 10..20",-320.4,18.6,15.6,307.2,300.4,38.7,36,94.8,yes
2026-08-16 13:05:49,rule2-hot,"hot, PV=gate-20, ESS in 10..20",-319.6,19.0,19.2,300.4,299.6,38.7,36,94.8,yes
2026-08-16 13:06:00,rule2-hot,"hot, PV=gate-20, raise to keep ESS>=10",-339.2,9.6,4.3,299.6,329.2,38.7,36,94.8,yes
2026-08-16 13:06:10,rule2-hot,"hot, PV=gate-20, ESS in 10..20",-334.0,19.2,17.6,329.2,314.0,38.7,36,94.8,yes
2026-08-16 13:06:20,rule2-hot,"hot, PV=gate-20, ESS in 10..20",-339.2,19.9,19.1,314.0,319.2,38.7,36,94.8,yes
2026-08-16 13:06:31,rule2-hot,"hot, PV=gate-20, ESS in 10..20",-329.8,18.2,19.9,319.2,309.8,38.7,36,94.8,yes
2026-08-16 13:06:41,rule2-hot,"hot, PV=gate-20",-331.2,15.1,,309.8,311.2,38.7,36,94.8,yes
2026-08-16 13:06:51,rule2-hot,"hot, PV=gate-20",-329.6,16.3,,311.2,309.6,38.7,36,94.8,yes
2026-08-16 13:07:02,rule2-hot,"hot, PV=gate-20, ESS in 10..20",-330.0,16.3,15.0,309.6,310.0,38.7,36,94.8,yes
2026-08-16 13:07:12,rule2-hot,"hot, PV=gate-20, lower to keep ESS<=20",-307.2,19.3,20.2,310.0,277.2,38.7,36,94.8,yes
2026-08-16 13:07:22,rule2-hot,"hot, PV=gate-20, ESS in 10..20",-316.2,16.1,12.4,277.2,296.2,38.7,36,94.8,yes
2026-08-16 13:07:33,rule2-hot,"hot, PV=gate-20, ESS in 10..20",-310.4,17.4,16.6,296.2,290.4,38.7,36,94.8,yes
2026-08-16 13:07:43,rule2-hot,"hot, PV=gate-20, ESS in 10..20",-312.8,16.3,17.5,290.4,292.8,38.7,36,94.8,yes
2026-08-16 13:07:53,rule2-hot,"hot, PV=gate-20, ESS in 10..20",-317.4,16.5,10.5,292.8,297.4,38.7,36,94.8,yes
2026-08-16 13:08:03,rule2-hot,"hot, PV=gate-20, lower to keep ESS<=20",-312.6,20.2,17.1,297.4,282.6,38.7,36,94.8,yes
2026-08-16 13:08:13,rule2-hot,"hot, PV=gate-20, ESS in 10..20",-310.2,15.4,16.7,282.6,290.2,38.7,36,94.8,yes
2026-08-16 13:08:24,rule2-hot,"hot, PV=gate-20, ESS in 10..20",-312.0,15.4,16.1,290.2,292.0,38.7,36,94.8,yes
2026-08-16 13:08:34,rule2-hot,"hot, PV=gate-20, ESS in 10..20",-305.8,19.5,17.6,292.0,285.8,38.7,36,94.8,yes
2026-08-16 13:08:44,rule2-hot,"hot, PV=gate-20, raise to keep ESS>=10",-326.6,9.6,8.3,285.8,316.6,38.7,36,94.8,yes
2026-08-16 13:08:54,rule2-hot,"hot, PV=gate-20, ESS in 10..20",-323.0,17.4,15.4,316.6,303.0,38.7,36,94.8,yes
2026-08-16 13:09:04,rule2-hot,"hot, PV=gate-20, ESS in 10..20",-321.6,18.6,17.6,303.0,301.6,38.7,36,94.8,yes
2026-08-16 13:09:14,rule2-hot,"hot, PV=gate-20, ESS in 10..20",-321.2,18.6,18.1,301.6,301.2,38.7,36,94.8,yes
2026-08-16 13:09:24,rule2-hot,"hot, PV=gate-20, ESS in 10..20",-320.8,18.1,17.5,301.2,300.8,38.7,36,94.8,yes
2026-08-16 13:09:35,rule2-hot,"hot, PV=gate-20, ESS in 10..20",-319.0,16.4,16.7,300.8,299.0,38.7,36,94.8,yes
2026-08-16 13:09:46,rule2-hot,"hot, PV=gate-20, raise to keep ESS>=10",-263.0,0.0,0.0,299.0,253.0,38.7,36,94.8,yes
2026-08-16 13:09:56,rule2-hot,"hot, PV=gate-20, raise to keep ESS>=10",-263.0,0.0,0.0,253.0,253.0,38.7,36,94.8,no
2026-08-16 13:10:09,rule2-hot,"hot, PV=gate-20, raise to keep ESS>=10",-263.0,0.0,0.0,253.0,253.0,38.7,36,94.8,no
2026-08-16 13:10:19,rule2-hot,"hot, PV=gate-20, raise to keep ESS>=10",-263.0,0.0,0.0,253.0,253.0,38.7,36,94.8,no
2026-08-16 13:10:29,rule2-hot,"hot, PV=gate-20, raise to keep ESS>=10",-263.0,0.0,0.0,253.0,253.0,38.7,36,94.8,no
2026-08-16 13:10:39,rule2-hot,"hot, PV=gate-20, raise to keep ESS>=10",-263.0,0.0,0.0,253.0,253.0,38.7,36,94.8,no
2026-08-16 13:10:59,rule2-hot,"hot, PV=gate-20, raise to keep ESS>=10",-40.0,-51.3,0.0,253.0,30.0,38.7,36,94.8,yes
2026-08-16 13:11:09,rule2-hot,"hot, PV=gate-20, raise to keep ESS>=10",-35.0,-31.7,0.0,30.0,25.0,38.7,36,94.8,yes
2026-08-16 13:11:19,rule2-hot,"hot, PV=gate-20, raise to keep ESS>=10",-34.4,-45.8,0.0,25.0,24.4,38.7,36,94.8,yes
2026-08-16 13:11:30,rule2-hot,"hot, PV=gate-20, raise to keep ESS>=10",-43.0,-34.8,0.0,24.4,33.0,38.7,36,94.8,yes
2026-08-16 13:11:40,rule2-hot,"hot, PV=gate-20, raise to keep ESS>=10",-46.6,-22.8,-22.1,33.0,36.6,38.7,36,94.8,yes
2026-08-16 13:11:50,rule2-hot,"hot, PV=gate-20, raise to keep ESS>=10",-45.2,-22.5,-22.3,36.6,35.2,38.7,36,94.8,yes
2026-08-16 13:12:00,rule2-hot,"hot, PV=gate-20, raise to keep ESS>=10",-44.6,-22.0,-22.5,35.2,34.6,38.7,36,94.8,yes
2026-08-16 13:12:10,rule3-soc-high,"SOC>=95, ESS at -30 target, hold",-42.4,-21.2,-21.3,34.6,34.6,38.7,36,95.0,no
2026-08-16 13:12:20,rule3-soc-high,"SOC>=95, ESS at -30 target, hold",-33.6,-19.7,-19.3,34.6,34.6,38.7,36,95.0,no
2026-08-16 13:12:30,rule3-soc-high,"SOC>=95, ESS at -30 target, hold",-34.2,-17.3,-18.8,34.6,34.6,38.7,36,95.0,no
2026-08-16 13:12:52,rule3-soc-high,"SOC>=95, ESS at -30 target, hold",-37.0,-4.3,-6.1,34.6,34.6,38.7,36,95.0,no
2026-08-16 13:13:02,rule3-soc-high,"SOC>=95, ESS at -30 target, hold",-42.2,-3.4,-3.0,34.6,34.6,38.7,36,95.0,no
2026-08-16 13:13:12,rule3-soc-high,"SOC>=95, ESS at -30 target, hold",-35.6,-2.1,-1.1,34.6,34.6,38.7,36,95.0,no
2026-08-16 13:13:22,rule3-soc-high,"SOC>=95, ESS at -30 target, hold",-37.8,-0.9,-1.9,34.6,34.6,38.7,36,95.0,no
2026-08-16 13:13:32,rule3-soc-high,"SOC>=95, ESS at -30 target, hold",-36.2,-1.0,-2.3,34.6,34.6,38.7,36,95.0,no
2026-08-16 13:13:42,rule3-soc-high,"SOC>=95, ESS at -30 target, hold",-45.2,-6.0,-6.0,34.6,34.6,38.7,36,95.0,no
2026-08-16 13:13:52,rule3-soc-high,"SOC>=95, ESS at -30 target, hold",-47.8,-7.3,-7.0,34.6,34.6,38.7,36,95.0,no
2026-08-16 13:14:02,rule3-soc-high,"SOC>=95, ESS at -30 target, hold",-49.0,-9.2,-8.5,34.6,34.6,38.7,36,95.0,no
2026-08-16 13:14:12,rule3-soc-high,"SOC>=95, ESS at -30 target, hold",-60.0,-12.7,-12.7,34.6,34.6,38.7,36,95.0,no
2026-08-16 13:14:22,rule3-soc-high,"SOC>=95, ESS at -30 target, hold",-62.6,-13.3,-13.1,34.6,34.6,38.7,36,95.0,no
2026-08-16 13:14:32,rule3-soc-high,"SOC>=95, ESS at -30 target, hold",-71.8,-12.7,-15.5,34.6,34.6,38.7,36,95.0,no
2026-08-16 13:14:42,rule3-soc-high,"SOC>=95, ESS at -30 target, hold",-69.4,-17.6,-17.8,34.6,34.6,38.7,36,95.0,no
2026-08-16 13:14:52,rule3-soc-high,"SOC>=95, ESS at -30 target, hold",-69.8,-16.3,-17.4,34.6,34.6,38.7,36,95.0,no
2026-08-16 13:15:02,rule3-soc-high,"SOC>=95, ESS at -30 target, hold",-81.8,-24.1,-23.9,34.6,34.6,38.7,36,95.0,no
2026-08-16 13:15:12,rule3-soc-high,"SOC>=95, ESS at -30 target, hold",-90.4,-24.5,-26.3,34.6,34.6,38.7,36,95.0,no
2026-08-16 13:15:22,rule3-soc-high,"SOC>=95, ESS at -30 target, hold",-89.2,-28.5,-29.2,34.6,34.6,38.7,36,95.0,no
2026-08-16 13:15:32,rule3-soc-high,"SOC>=95, ESS at -30 target, hold",-89.6,-23.4,-27.4,34.6,34.6,38.7,36,95.0,no
2026-08-16 13:15:42,rule3-soc-high,"SOC>=95, ESS at -30 target, hold",-82.8,-23.8,-24.4,34.6,34.6,38.7,36,95.0,no
2026-08-16 13:15:52,rule3-soc-high,"SOC>=95, ESS at -30 target, hold",-93.2,-29.1,-30.8,34.6,34.6,38.7,36,95.0,no
2026-08-16 13:16:02,rule3-soc-high,"SOC>=95, ESS at -30 target, hold",-94.0,-29.5,-29.6,34.6,34.6,38.7,36,95.0,no
2026-08-16 13:16:13,rule2-hot,"hot, PV=gate-20, raise to keep ESS>=10",-97.8,-32.6,-32.2,34.6,87.8,38.7,36,94.7,yes
2026-08-16 13:16:23,rule2-hot,"hot, PV=gate-20, raise to keep ESS>=10",-97.8,-15.3,-18.5,87.8,87.8,38.7,36,94.7,no
2026-08-16 13:16:33,rule2-hot,"hot, PV=gate-20, raise to keep ESS>=10",-98.8,-4.0,-3.8,87.8,88.8,38.7,36,94.7,yes
2026-08-16 13:16:43,rule2-hot,"hot, PV=gate-20, raise to keep ESS>=10",-106.0,-4.8,-4.7,88.8,96.0,38.7,36,94.7,yes
2026-08-16 13:16:53,rule2-hot,"hot, PV=gate-20, raise to keep ESS>=10",-108.2,-4.5,-3.0,96.0,98.2,38.7,36,94.7,yes
2026-08-16 13:17:03,rule2-hot,"hot, PV=gate-20, raise to keep ESS>=10",-107.6,-0.1,-3.3,98.2,97.6,38.7,36,94.7,yes
2026-08-16 13:17:15,rule2-hot,"hot, PV=gate-20, raise to keep ESS>=10",-122.0,-6.5,-8.2,97.6,112.0,38.7,36,94.7,yes
2026-08-16 13:17:25,rule2-hot,"hot, PV=gate-20, raise to keep ESS>=10",-124.2,-0.7,-1.5,112.0,114.2,38.7,36,94.7,yes
2026-08-16 13:17:35,rule2-hot,"hot, PV=gate-20, raise to keep ESS>=10",-119.4,5.5,5.9,114.2,109.4,38.7,36,94.7,yes
2026-08-16 13:17:45,rule2-hot,"hot, PV=gate-20, raise to keep ESS>=10",-125.6,1.9,0.9,109.4,115.6,38.7,36,94.7,yes
2026-08-16 13:17:56,rule2-hot,"hot, PV=gate-20, raise to keep ESS>=10",-128.2,6.5,3.8,115.6,118.2,38.7,36,94.7,yes
2026-08-16 13:18:06,rule2-hot,"hot, PV=gate-20, raise to keep ESS>=10",-132.6,0.0,2.5,118.2,122.6,38.7,36,94.7,yes
2026-08-16 13:18:16,rule2-hot,"hot, PV=gate-20, raise to keep ESS>=10",-133.2,4.3,6.6,122.6,123.2,38.7,36,94.7,yes
2026-08-16 13:18:26,rule2-hot,"hot, PV=gate-20, raise to keep ESS>=10",-138.4,3.5,2.9,123.2,128.4,38.7,36,94.7,yes
2026-08-16 13:18:36,rule2-hot,"hot, PV=gate-20, raise to keep ESS>=10",-138.0,5.9,-0.6,128.4,128.0,38.7,36,94.7,yes
2026-08-16 13:18:46,rule2-hot,"hot, PV=gate-20, raise to keep ESS>=10",-147.2,3.2,5.1,128.0,137.2,38.7,36,94.7,yes
2026-08-16 13:18:56,rule2-hot,"hot, PV=gate-20, raise to keep ESS>=10",-168.2,-7.0,-4.4,137.2,158.2,38.7,36,94.7,yes
2026-08-16 13:19:06,rule2-hot,"hot, PV=gate-20, raise to keep ESS>=10",-180.2,-8.4,-6.5,158.2,170.2,38.7,36,94.7,yes
2026-08-16 13:19:16,rule2-hot,"hot, PV=gate-20, raise to keep ESS>=10",-193.6,1.2,4.4,170.2,183.6,38.7,36,94.7,yes
2026-08-16 13:19:26,rule2-hot,"hot, PV=gate-20, raise to keep ESS>=10",-173.0,8.3,10.9,183.6,163.0,38.7,36,94.7,yes
2026-08-16 13:19:36,rule2-hot,"hot, PV=gate-20, raise to keep ESS>=10",-172.0,13.7,7.2,163.0,162.0,38.7,36,94.7,yes
2026-08-16 13:19:47,rule2-hot,"hot, PV=gate-20",-170.8,11.6,,162.0,150.8,38.7,36,94.7,yes
2026-08-16 13:19:57,rule2-hot,"hot, PV=gate-20",-174.4,7.9,,150.8,154.4,38.7,36,94.7,yes
2026-08-16 13:20:07,rule2-hot,"hot, PV=gate-20, raise to keep ESS>=10",-170.0,4.9,4.4,154.4,160.0,38.7,36,94.7,yes
2026-08-16 13:20:17,rule2-hot,"hot, PV=gate-20, raise to keep ESS>=10",-170.8,7.9,9.0,160.0,160.8,38.7,36,94.7,yes
2026-08-16 13:20:27,rule2-hot,"hot, PV=gate-20, raise to keep ESS>=10",-168.6,7.1,8.6,160.8,158.6,38.7,36,94.7,yes
2026-08-16 13:20:37,rule2-hot,"hot, PV=gate-20, raise to keep ESS>=10",-185.2,-2.8,0.3,158.6,175.2,38.7,36,94.7,yes
2026-08-16 13:20:47,rule2-hot,"hot, PV=gate-20, raise to keep ESS>=10",-184.6,3.5,6.1,175.2,174.6,38.7,36,94.7,yes
2026-08-16 13:20:57,rule2-hot,"hot, PV=gate-20, raise to keep ESS>=10",-185.4,-0.5,8.6,174.6,175.4,38.7,36,94.7,yes
2026-08-16 13:21:08,rule2-hot,"hot, PV=gate-20, raise to keep ESS>=10",-183.2,3.3,6.4,175.4,173.2,38.7,36,94.7,yes
2026-08-16 13:21:18,rule2-hot,"hot, PV=gate-20, raise to keep ESS>=10",-185.2,7.4,9.5,173.2,175.2,38.7,36,94.7,yes
2026-08-16 13:21:28,rule2-hot,"hot, PV=gate-20, raise to keep ESS>=10",-187.2,9.3,1.8,175.2,177.2,38.7,36,94.7,yes
2026-08-16 13:21:38,rule2-hot,"hot, PV=gate-20, ESS in 10..20",-171.4,17.7,13.4,177.2,151.4,38.7,36,94.7,yes
2026-08-16 13:21:49,rule2-hot,"hot, PV=gate-20, raise to keep ESS>=10",-169.2,9.2,10.1,151.4,159.2,38.7,36,94.7,yes
2026-08-16 13:21:59,rule2-hot,"hot, PV=gate-20, raise to keep ESS>=10",-170.8,5.4,4.9,159.2,160.8,38.7,36,94.7,yes
2026-08-16 13:22:09,rule2-hot,"hot, PV=gate-20, raise to keep ESS>=10",-168.2,4.2,2.9,160.8,158.2,38.7,36,94.7,yes
2026-08-16 13:22:19,rule2-hot,"hot, PV=gate-20, raise to keep ESS>=10",-174.0,2.0,7.9,158.2,164.0,38.7,36,94.7,yes
2026-08-16 13:22:29,rule2-hot,"hot, PV=gate-20, raise to keep ESS>=10",-171.4,11.4,6.4,164.0,161.4,38.7,36,94.7,yes
2026-08-16 13:22:39,rule2-hot,"hot, PV=gate-20, raise to keep ESS>=10",-174.6,8.2,10.5,161.4,164.6,38.9,41,94.7,yes
2026-08-16 13:22:50,rule2-hot,"hot, PV=gate-20, raise to keep ESS>=10",-170.8,9.5,7.7,164.6,160.8,38.9,41,94.7,yes
2026-08-16 13:23:00,rule2-hot,"hot, PV=gate-20, raise to keep ESS>=10",-186.6,5.6,5.0,160.8,176.6,38.9,41,94.7,yes
2026-08-16 13:23:10,rule2-hot,"hot, PV=gate-20, raise to keep ESS>=10",-186.0,9.8,6.3,176.6,176.0,38.9,41,94.7,yes
2026-08-16 13:23:20,rule2-hot,"hot, PV=gate-20, raise to keep ESS>=10",-186.8,13.8,6.1,176.0,176.8,38.9,41,94.7,yes
2026-08-16 13:23:30,rule2-hot,"hot, PV=gate-20, raise to keep ESS>=10",-185.2,11.3,0.9,176.8,175.2,38.9,41,94.7,yes
2026-08-16 13:23:40,rule2-hot,"hot, PV=gate-20, raise to keep ESS>=10",-185.4,9.2,14.0,175.2,175.4,38.9,41,94.7,yes
2026-08-16 13:23:51,rule2-hot,"hot, PV=gate-20, ESS in 10..20",-178.8,14.6,14.7,175.4,158.8,38.9,41,94.7,yes
2026-08-16 13:24:01,rule2-hot,"hot, PV=gate-20, ESS in 10..20",-167.4,13.4,13.3,158.8,147.4,38.9,41,94.7,yes
2026-08-16 13:24:11,rule2-hot,"hot, PV=gate-20, raise to keep ESS>=10",-171.0,9.8,3.7,147.4,161.0,38.9,41,94.7,yes
2026-08-16 13:24:21,rule2-hot,"hot, PV=gate-20, raise to keep ESS>=10",-169.6,2.8,-2.3,161.0,159.6,38.9,41,94.7,yes
2026-08-16 13:24:31,rule2-hot,"hot, PV=gate-20, ESS in 10..20",-168.6,11.9,11.3,159.6,148.6,38.9,41,94.7,yes
2026-08-16 13:24:41,rule2-hot,"hot, PV=gate-20, raise to keep ESS>=10",-167.8,5.8,9.0,148.6,157.8,38.9,41,94.7,yes
2026-08-16 13:24:52,rule2-hot,"hot, PV=gate-20, raise to keep ESS>=10",-167.8,9.8,6.4,157.8,157.8,38.9,41,94.7,no
2026-08-16 13:25:02,rule2-hot,"hot, PV=gate-20, raise to keep ESS>=10",-163.0,4.4,10.3,157.8,153.0,38.9,41,94.7,yes
2026-08-16 13:25:12,rule2-hot,"hot, PV=gate-20, raise to keep ESS>=10",-167.0,11.0,5.4,153.0,157.0,38.9,41,94.7,yes
2026-08-16 13:25:22,rule2-hot,"hot, PV=gate-20, raise to keep ESS>=10",-164.4,5.8,5.5,157.0,154.4,38.9,41,94.7,yes
2026-08-16 13:25:32,rule2-hot,"hot, PV=gate-20, raise to keep ESS>=10",-179.0,11.6,6.8,154.4,169.0,38.9,41,94.7,yes
2026-08-16 13:25:42,rule2-hot,"hot, PV=gate-20, raise to keep ESS>=10",-179.0,11.2,7.2,169.0,169.0,38.9,41,94.8,no
2026-08-16 13:25:53,rule2-hot,"hot, PV=gate-20, ESS in 10..20",-176.8,12.6,10.2,169.0,156.8,38.9,41,94.8,yes
2026-08-16 13:26:03,rule2-hot,"hot, PV=gate-20, raise to keep ESS>=10",-176.0,8.0,6.3,156.8,166.0,38.9,41,94.8,yes
2026-08-16 13:26:13,rule2-hot,"hot, PV=gate-20, raise to keep ESS>=10",-178.2,4.8,10.1,166.0,168.2,38.9,41,94.8,yes
2026-08-16 13:26:23,rule2-hot,"hot, PV=gate-20, ESS in 10..20",-175.8,13.5,12.7,168.2,155.8,38.9,41,94.8,yes
2026-08-16 13:26:33,rule2-hot,"hot, PV=gate-20, raise to keep ESS>=10",-180.4,4.8,8.4,155.8,170.4,38.9,41,94.8,yes
2026-08-16 13:26:43,rule2-hot,"hot, PV=gate-20, ESS in 10..20",-168.2,16.9,14.8,170.4,148.2,38.9,41,94.8,yes
2026-08-16 13:26:54,rule2-hot,"hot, PV=gate-20, raise to keep ESS>=10",-167.4,13.2,9.1,148.2,157.4,38.9,41,94.8,yes
2026-08-16 13:27:04,rule2-hot,"hot, PV=gate-20, raise to keep ESS>=10",-170.0,9.0,5.1,157.4,160.0,38.9,41,94.8,yes
2026-08-16 13:27:14,rule2-hot,"hot, PV=gate-20, raise to keep ESS>=10",-173.0,2.9,0.8,160.0,163.0,38.9,41,94.8,yes
2026-08-16 13:27:24,rule2-hot,"hot, PV=gate-20, raise to keep ESS>=10",-170.4,14.6,9.6,163.0,160.4,38.9,41,94.8,yes
2026-08-16 13:27:35,rule2-hot,"hot, PV=gate-20, ESS in 10..20",-174.0,10.6,10.1,160.4,154.0,38.9,41,94.9,yes
2026-08-16 13:27:45,rule2-hot,"hot, PV=gate-20, raise to keep ESS>=10",-173.0,3.3,6.0,154.0,163.0,38.9,41,94.9,yes
2026-08-16 13:27:55,rule2-hot,"hot, PV=gate-20, raise to keep ESS>=10",-170.4,11.5,9.6,163.0,160.4,38.9,41,94.9,yes
2026-08-16 13:28:05,rule2-hot,"hot, PV=gate-20, ESS in 10..20",-170.4,11.9,13.7,160.4,150.4,38.9,41,94.9,yes
2026-08-16 13:28:15,rule2-hot,"hot, PV=gate-20, raise to keep ESS>=10",-185.4,-8.2,5.1,150.4,175.4,38.9,41,94.9,yes
2026-08-16 13:28:25,rule2-hot,"hot, PV=gate-20, raise to keep ESS>=10",-186.6,1.9,5.0,175.4,176.6,38.9,41,94.9,yes
2026-08-16 13:28:35,rule2-hot,"hot, PV=gate-20, raise to keep ESS>=10",-184.2,7.7,-2.7,176.6,174.2,38.9,41,94.9,yes
2026-08-16 13:28:46,rule2-hot,"hot, PV=gate-20, raise to keep ESS>=10",-184.6,13.8,8.9,174.2,174.6,38.9,41,94.9,yes
2026-08-16 13:28:56,rule2-hot,"hot, PV=gate-20, raise to keep ESS>=10",-185.2,9.9,13.2,174.6,175.2,38.9,41,94.9,yes
2026-08-16 13:29:06,rule2-hot,"hot, PV=gate-20, raise to keep ESS>=10",-189.0,10.7,9.7,175.2,179.0,38.9,41,94.9,yes
2026-08-16 13:29:16,rule2-hot,"hot, PV=gate-20, raise to keep ESS>=10",-184.4,10.0,1.4,179.0,174.4,38.9,41,94.9,yes
2026-08-16 13:29:26,rule2-hot,"hot, PV=gate-20, raise to keep ESS>=10",-173.2,-84.3,4.2,174.4,163.2,38.9,41,94.9,yes
2026-08-16 13:29:37,rule2-hot,"hot, PV=gate-20, raise to keep ESS>=10",-172.0,-32.7,-33.4,163.2,162.0,38.9,41,94.9,yes
2026-08-16 13:29:47,rule2-hot,"hot, PV=gate-20, raise to keep ESS>=10",-177.2,-4.6,-5.6,162.0,167.2,38.9,41,94.9,yes
2026-08-16 13:29:57,rule2-hot,"hot, PV=gate-20, raise to keep ESS>=10",-175.8,5.3,9.0,167.2,165.8,38.9,41,94.9,yes
2026-08-16 13:30:07,rule2-hot,"hot, PV=gate-20, raise to keep ESS>=10",-175.2,8.9,8.9,165.8,165.2,38.9,41,94.9,yes
2026-08-16 13:30:17,rule2-hot,"hot, PV=gate-20, raise to keep ESS>=10",-174.8,7.4,9.8,165.2,164.8,38.9,41,94.9,yes
2026-08-16 13:30:27,rule2-hot,"hot, PV=gate-20, raise to keep ESS>=10",-172.4,6.5,14.3,164.8,162.4,38.9,41,94.9,yes
2026-08-16 13:30:37,rule2-hot,"hot, PV=gate-20, ESS in 10..20",-170.2,12.2,12.3,162.4,150.2,38.9,41,94.9,yes
2026-08-16 13:30:47,rule2-hot,"hot, PV=gate-20, raise to keep ESS>=10",-185.2,3.5,-3.6,150.2,175.2,38.9,41,94.9,yes
2026-08-16 13:30:58,rule2-hot,"hot, PV=gate-20, raise to keep ESS>=10",-185.4,4.1,5.4,175.2,175.4,38.9,41,94.9,yes
2026-08-16 13:31:08,rule2-hot,"hot, PV=gate-20, raise to keep ESS>=10",-183.0,7.4,8.1,175.4,173.0,38.9,41,94.9,yes
2026-08-16 13:31:18,rule2-hot,"hot, PV=gate-20, raise to keep ESS>=10",-185.2,5.4,-4.9,173.0,175.2,38.9,41,94.9,yes
2026-08-16 13:31:28,rule2-hot,"hot, PV=gate-20, raise to keep ESS>=10",-184.4,4.9,8.7,175.2,174.4,38.9,41,94.9,yes
2026-08-16 13:31:38,rule2-hot,"hot, PV=gate-20, ESS in 10..20",-169.6,16.0,12.2,174.4,149.6,38.9,41,94.9,yes
2026-08-16 13:31:49,rule2-hot,"hot, PV=gate-20, raise to keep ESS>=10",-167.0,-66.0,-68.7,149.6,157.0,38.9,41,94.9,yes
2026-08-16 13:31:59,rule2-hot,"hot, PV=gate-20, raise to keep ESS>=10",-168.4,-40.4,-38.0,157.0,158.4,38.9,41,94.9,yes
2026-08-16 13:32:09,rule2-hot,"hot, PV=gate-20, raise to keep ESS>=10",-174.0,-16.4,-17.9,158.4,164.0,38.9,41,94.8,yes
2026-08-16 13:32:19,rule2-hot,"hot, PV=gate-20, raise to keep ESS>=10",-166.6,-3.8,-4.4,164.0,156.6,38.9,41,94.8,yes
2026-08-16 13:32:30,rule2-hot,"hot, PV=gate-20, raise to keep ESS>=10",-164.8,4.2,3.9,156.6,154.8,38.9,41,94.8,yes
2026-08-16 13:32:40,rule2-hot,"hot, PV=gate-20, raise to keep ESS>=10",-160.2,8.6,10.7,154.8,150.2,39.1,47,94.8,yes
2026-08-16 13:32:51,rule2-hot,"hot, PV=gate-20",-161.4,3.0,,150.2,141.4,39.1,47,94.8,yes
2026-08-16 13:33:01,rule2-hot,"hot, PV=gate-20",-162.0,-0.4,,141.4,142.0,39.1,47,94.8,yes
2026-08-16 13:33:12,rule2-hot,"hot, PV=gate-20, raise to keep ESS>=10",-161.8,-1.0,0.2,142.0,151.8,39.1,47,94.8,yes
2026-08-16 13:33:22,rule2-hot,"hot, PV=gate-20, raise to keep ESS>=10",-175.6,-3.9,-3.3,151.8,165.6,39.1,47,94.8,yes
2026-08-16 13:33:32,rule2-hot,"hot, PV=gate-20, raise to keep ESS>=10",-175.4,4.5,0.3,165.6,165.4,39.1,47,94.8,yes
2026-08-16 13:33:42,rule2-hot,"hot, PV=gate-20, raise to keep ESS>=10",-178.4,1.9,9.1,165.4,168.4,39.1,47,94.8,yes
2026-08-16 13:33:52,rule2-hot,"hot, PV=gate-20, raise to keep ESS>=10",-181.0,2.7,5.0,168.4,171.0,39.1,47,94.8,yes
2026-08-16 13:34:02,rule2-hot,"hot, PV=gate-20, raise to keep ESS>=10",-180.8,6.5,8.5,171.0,170.8,39.1,47,94.8,yes
2026-08-16 13:34:12,rule2-hot,"hot, PV=gate-20, raise to keep ESS>=10",-174.2,-0.4,7.4,170.8,164.2,39.1,47,94.8,yes
2026-08-16 13:34:22,rule2-hot,"hot, PV=gate-20, raise to keep ESS>=10",-160.6,7.7,8.8,164.2,150.6,39.1,47,94.8,yes
2026-08-16 13:34:32,rule2-hot,"hot, PV=gate-20, ESS in 10..20",-162.4,12.1,12.1,150.6,142.4,39.1,47,94.8,yes
2026-08-16 13:34:42,rule2-hot,"hot, PV=gate-20, raise to keep ESS>=10",-164.0,5.2,5.2,142.4,154.0,39.1,47,94.9,yes
2026-08-16 13:34:53,rule2-hot,"hot, PV=gate-20, raise to keep ESS>=10",-161.4,2.5,6.3,154.0,151.4,39.1,47,94.9,yes
2026-08-16 13:35:03,rule2-hot,"hot, PV=gate-20, raise to keep ESS>=10",-161.4,5.2,5.2,151.4,151.4,39.1,47,94.9,no
2026-08-16 13:35:13,rule2-hot,"hot, PV=gate-20, raise to keep ESS>=10",-161.2,6.1,4.7,151.4,151.2,39.1,47,94.9,yes
2026-08-16 13:35:23,rule2-hot,"hot, PV=gate-20, raise to keep ESS>=10",-160.4,1.9,2.3,151.2,150.4,39.1,47,94.9,yes
2026-08-16 13:35:33,rule2-hot,"hot, PV=gate-20, raise to keep ESS>=10",-161.2,0.4,2.2,150.4,151.2,39.1,47,94.9,yes
2026-08-16 13:35:43,rule2-hot,"hot, PV=gate-20, raise to keep ESS>=10",-160.0,3.0,4.6,151.2,150.0,39.1,47,94.9,yes
2026-08-16 13:35:53,rule2-hot,"hot, PV=gate-20, raise to keep ESS>=10",-174.6,6.1,4.3,150.0,164.6,39.1,47,94.9,yes
2026-08-16 13:36:03,rule2-hot,"hot, PV=gate-20, raise to keep ESS>=10",-185.6,2.1,0.2,164.6,175.6,39.1,47,94.9,yes
2026-08-16 13:36:13,rule2-hot,"hot, PV=gate-20, raise to keep ESS>=10",-175.2,6.5,5.6,175.6,165.2,39.1,47,94.9,yes
2026-08-16 13:36:23,rule2-hot,"hot, PV=gate-20, raise to keep ESS>=10",-174.8,6.1,-2.5,165.2,164.8,39.1,47,94.9,yes
2026-08-16 13:36:34,rule2-hot,"hot, PV=gate-20, raise to keep ESS>=10",-177.6,1.3,3.1,164.8,167.6,39.1,47,94.9,yes
2026-08-16 13:36:44,rule2-hot,"hot, PV=gate-20, raise to keep ESS>=10",-175.4,1.6,2.3,167.6,165.4,39.1,47,94.9,yes
2026-08-16 13:36:54,rule2-hot,"hot, PV=gate-20, raise to keep ESS>=10",-168.2,6.2,8.9,165.4,158.2,39.1,47,94.9,yes
2026-08-16 13:37:04,rule2-hot,"hot, PV=gate-20, raise to keep ESS>=10",-167.8,6.0,4.5,158.2,157.8,39.1,47,94.9,yes
2026-08-16 13:37:14,rule2-hot,"hot, PV=gate-20, raise to keep ESS>=10",-167.6,5.0,5.5,157.8,157.6,39.1,47,94.9,yes
2026-08-16 13:37:24,rule2-hot,"hot, PV=gate-20, raise to keep ESS>=10",-167.4,-1.0,4.6,157.6,157.4,39.1,47,94.9,yes
2026-08-16 13:37:35,rule2-hot,"hot, PV=gate-20, raise to keep ESS>=10",-183.0,3.6,3.1,157.4,173.0,39.1,47,94.9,yes
2026-08-16 13:37:45,rule2-hot,"hot, PV=gate-20, raise to keep ESS>=10",-169.4,-4.3,-1.5,173.0,159.4,39.1,47,94.9,yes
2026-08-16 13:37:55,rule2-hot,"hot, PV=gate-20, raise to keep ESS>=10",-169.8,4.4,4.3,159.4,159.8,39.1,47,94.9,yes
2026-08-16 13:38:05,rule2-hot,"hot, PV=gate-20, raise to keep ESS>=10",-171.6,0.9,4.5,159.8,161.6,39.1,47,94.9,yes
2026-08-16 13:38:15,rule2-hot,"hot, PV=gate-20, raise to keep ESS>=10",-168.4,2.7,3.2,161.6,158.4,39.1,47,94.9,yes
2026-08-16 13:38:25,rule2-hot,"hot, PV=gate-20, raise to keep ESS>=10",-179.2,0.6,3.8,158.4,169.2,39.1,47,94.9,yes
2026-08-16 13:38:36,rule2-hot,"hot, PV=gate-20, raise to keep ESS>=10",-176.0,1.7,-0.7,169.2,166.0,39.1,47,94.9,yes
2026-08-16 13:38:46,rule2-hot,"hot, PV=gate-20, raise to keep ESS>=10",-171.4,3.4,0.3,166.0,161.4,39.1,47,94.9,yes
2026-08-16 13:38:56,rule2-hot,"hot, PV=gate-20, raise to keep ESS>=10",-169.8,0.0,3.1,161.4,159.8,39.1,47,94.9,yes
2026-08-16 13:39:06,rule2-hot,"hot, PV=gate-20, raise to keep ESS>=10",-168.8,2.3,3.3,159.8,158.8,39.1,47,94.9,yes
2026-08-16 13:39:16,rule2-hot,"hot, PV=gate-20, raise to keep ESS>=10",-170.4,2.8,0.3,158.8,160.4,39.1,47,94.9,yes
2026-08-16 13:39:27,rule2-hot,"hot, PV=gate-20, raise to keep ESS>=10",-171.4,1.6,1.2,160.4,161.4,39.1,47,94.9,yes
2026-08-16 13:39:37,rule2-hot,"hot, PV=gate-20, raise to keep ESS>=10",-179.0,-0.8,-0.6,161.4,169.0,39.1,47,94.9,yes
2026-08-16 13:39:47,rule2-hot,"hot, PV=gate-20, raise to keep ESS>=10",-178.0,-4.8,1.4,169.0,168.0,39.1,47,94.9,yes
2026-08-16 13:39:57,rule2-hot,"hot, PV=gate-20, raise to keep ESS>=10",-171.4,2.5,0.4,168.0,161.4,39.1,47,94.9,yes
2026-08-16 13:40:07,rule2-hot,"hot, PV=gate-20, raise to keep ESS>=10",-176.4,-0.2,0.6,161.4,166.4,39.1,47,94.9,yes
2026-08-16 13:40:17,rule2-hot,"hot, PV=gate-20, raise to keep ESS>=10",-175.8,-5.4,1.3,166.4,165.8,39.1,47,94.9,yes
2026-08-16 13:40:28,rule2-hot,"hot, PV=gate-20, raise to keep ESS>=10",-174.2,-2.8,-6.6,165.8,164.2,39.1,47,94.9,yes
2026-08-16 13:40:38,rule2-hot,"hot, PV=gate-20, raise to keep ESS>=10",-182.6,-14.1,-10.5,164.2,172.6,39.1,47,94.9,yes
2026-08-16 13:40:48,rule2-hot,"hot, PV=gate-20, raise to keep ESS>=10",-179.4,-6.3,-6.2,172.6,169.4,39.1,47,94.9,yes
2026-08-16 13:40:58,rule2-hot,"hot, PV=gate-20, raise to keep ESS>=10",-174.8,0.5,0.7,169.4,164.8,39.1,47,94.9,yes
2026-08-16 13:41:08,rule2-hot,"hot, PV=gate-20, raise to keep ESS>=10",-174.2,0.1,0.1,164.8,164.2,39.1,47,94.9,yes
2026-08-16 13:41:18,rule2-hot,"hot, PV=gate-20, raise to keep ESS>=10",-175.8,-0.5,0.5,164.2,165.8,39.1,47,94.9,yes
2026-08-16 13:41:28,rule2-hot,"hot, PV=gate-20, raise to keep ESS>=10",-182.8,-0.2,0.4,165.8,172.8,39.1,47,94.9,yes
2026-08-16 13:41:39,rule2-hot,"hot, PV=gate-20, raise to keep ESS>=10",-171.0,-2.4,1.3,172.8,161.0,39.1,47,94.9,yes
2026-08-16 13:41:49,rule2-hot,"hot, PV=gate-20, raise to keep ESS>=10",-172.6,2.7,2.1,161.0,162.6,39.1,47,94.9,yes
2026-08-16 13:41:59,rule2-hot,"hot, PV=gate-20, raise to keep ESS>=10",-172.8,0.5,-0.6,162.6,162.8,39.1,47,94.9,yes
2026-08-16 13:42:09,rule2-hot,"hot, PV=gate-20, raise to keep ESS>=10",-177.8,4.7,0.9,162.8,167.8,39.1,47,94.9,yes
2026-08-16 13:42:19,rule2-hot,"hot, PV=gate-20, raise to keep ESS>=10",-189.8,-10.5,-8.2,167.8,179.8,39.1,47,94.9,yes
2026-08-16 13:42:29,rule2-hot,"hot, PV=gate-20, raise to keep ESS>=10",-185.4,-2.9,-5.5,179.8,175.4,39.1,47,94.9,yes
2026-08-16 13:42:40,rule2-hot,"hot, PV=gate-20, raise to keep ESS>=10",-185.4,-6.2,-3.1,175.4,175.4,39.1,47,94.9,no
2026-08-16 13:43:02,rule2-hot,"hot, PV=gate-20, raise to keep ESS>=10",-183.4,-0.5,-0.9,175.4,173.4,39.1,47,94.9,yes
2026-08-16 13:43:13,rule2-hot,"hot, PV=gate-20, raise to keep ESS>=10",-180.4,-2.9,1.9,173.4,170.4,39.1,47,94.9,yes
2026-08-16 13:43:23,rule2-hot,"hot, PV=gate-20, raise to keep ESS>=10",-171.2,5.7,7.9,170.4,161.2,39.1,47,94.9,yes
2026-08-16 13:43:33,rule2-hot,"hot, PV=gate-20, raise to keep ESS>=10",-171.0,6.3,5.9,161.2,161.0,39.1,47,94.9,yes
2026-08-16 13:43:43,rule2-hot,"hot, PV=gate-20, raise to keep ESS>=10",-171.6,4.6,-0.1,161.0,161.6,39.1,47,94.9,yes
2026-08-16 13:43:53,rule2-hot,"hot, PV=gate-20, raise to keep ESS>=10",-173.2,4.0,3.3,161.6,163.2,39.1,47,94.9,yes
2026-08-16 13:44:03,rule2-hot,"hot, PV=gate-20, raise to keep ESS>=10",-182.4,-1.0,-1.5,163.2,172.4,39.1,47,94.9,yes
2026-08-16 13:44:13,rule2-hot,"hot, PV=gate-20, raise to keep ESS>=10",-182.4,-1.4,2.5,172.4,172.4,39.1,47,94.9,no
2026-08-16 13:44:23,rule2-hot,"hot, PV=gate-20, raise to keep ESS>=10",-180.6,6.8,4.8,172.4,170.6,39.1,47,94.9,yes
2026-08-16 13:44:33,rule2-hot,"hot, PV=gate-20, raise to keep ESS>=10",-184.8,3.7,2.5,170.6,174.8,39.1,47,94.9,yes
2026-08-16 13:44:43,rule2-hot,"hot, PV=gate-20, raise to keep ESS>=10",-183.0,6.4,3.7,174.8,173.0,39.1,47,94.9,yes
2026-08-16 13:44:53,rule2-hot,"hot, PV=gate-20, raise to keep ESS>=10",-185.8,7.5,6.1,173.0,175.8,39.1,47,94.9,yes
2026-08-16 13:45:04,rule2-hot,"hot, PV=gate-20, raise to keep ESS>=10",-184.8,8.8,-0.4,175.8,174.8,39.1,47,94.9,yes
2026-08-16 13:45:14,rule2-hot,"hot, PV=gate-20, raise to keep ESS>=10",-184.2,7.6,6.0,174.8,174.2,39.1,47,94.9,yes
2026-08-16 13:45:24,rule2-hot,"hot, PV=gate-20, raise to keep ESS>=10",-180.4,10.2,6.3,174.2,170.4,39.1,47,94.9,yes
2026-08-16 13:45:34,rule2-hot,"hot, PV=gate-20, raise to keep ESS>=10",-188.0,7.7,4.2,170.4,178.0,39.1,47,94.9,yes
2026-08-16 13:45:44,rule2-hot,"hot, PV=gate-20, raise to keep ESS>=10",-193.6,3.2,4.7,178.0,183.6,39.1,47,94.9,yes
2026-08-16 13:45:54,rule2-hot,"hot, PV=gate-20",-194.2,11.8,,183.6,174.2,39.1,47,94.9,yes
2026-08-16 13:46:04,rule2-hot,"hot, PV=gate-20, raise to keep ESS>=10",-194.0,2.1,2.7,174.2,184.0,39.1,47,94.9,yes
2026-08-16 13:46:14,rule2-hot,"hot, PV=gate-20, raise to keep ESS>=10",-196.6,3.7,5.9,184.0,186.6,39.1,47,94.9,yes
2026-08-16 13:46:24,rule2-hot,"hot, PV=gate-20, raise to keep ESS>=10",-196.0,0.6,0.8,186.6,186.0,39.1,47,94.9,yes
2026-08-16 13:46:34,rule2-hot,"hot, PV=gate-20, raise to keep ESS>=10",-197.2,5.6,4.0,186.0,187.2,39.1,47,94.9,yes
2026-08-16 13:46:44,rule2-hot,"hot, PV=gate-20, raise to keep ESS>=10",-200.2,6.5,6.3,187.2,190.2,39.1,47,94.9,yes
2026-08-16 13:46:55,rule2-hot,"hot, PV=gate-20, raise to keep ESS>=10",-1.0,9.4,9.0,190.2,10.0,39.1,47,94.9,yes
2026-08-16 13:47:05,rule3-soc-high,"SOC>=95, ESS at -30 target, hold",-1.0,0.0,0.0,10.0,10.0,39.1,47,95.0,no
2026-08-16 13:47:17,rule3-soc-high,"SOC>=95, ESS at -30 target, hold",-1.0,0.0,0.0,10.0,10.0,39.1,47,95.0,no
2026-08-16 13:47:27,rule3-soc-high,"SOC>=95, ESS at -30 target, hold",-1.0,0.0,0.0,10.0,10.0,39.1,47,95.0,no
2026-08-16 13:47:37,rule3-soc-high,"SOC>=95, ESS at -30 target, hold",-1.0,0.0,0.0,10.0,10.0,39.1,47,95.0,no
2026-08-16 13:47:50,rule3-soc-high,"SOC>=95, ESS at -30 target, hold",-1.0,0.0,0.0,10.0,10.0,39.1,47,95.0,no
2026-08-16 13:48:40,rule3-soc-high,"SOC>=95, ESS at -30 target, hold",-36.8,-27.6,0.0,10.0,10.0,39.1,47,95.0,no
2026-08-16 13:48:50,rule3-soc-high,"SOC>=95, ESS at -30 target, hold",-41.8,-41.5,0.0,10.0,10.0,39.1,47,95.0,no
2026-08-16 13:49:00,rule3-soc-high,"SOC>=95, ESS at -30 target, hold",-47.8,-48.5,0.0,10.0,10.0,39.1,47,95.0,no
2026-08-16 13:49:10,rule3-soc-high,"SOC>=95, ESS at -30 target, hold",-63.0,-33.6,-33.6,10.0,10.0,39.1,47,95.0,no
2026-08-16 13:49:20,rule3-soc-high,"SOC>=95, ESS at -30 target, hold",-58.0,-28.9,-29.0,10.0,10.0,39.1,47,95.0,no
2026-08-16 13:49:30,rule3-soc-high,"SOC>=95, ESS at -30 target, hold",-56.8,-28.1,-28.4,10.0,10.0,39.1,47,95.0,no
2026-08-16 13:49:40,rule2-hot,"hot, PV=gate-20, raise to keep ESS>=10",-58.0,-28.5,-29.2,10.0,48.0,39.1,47,94.9,yes
2026-08-16 13:49:50,rule2-hot,"hot, PV=gate-20, raise to keep ESS>=10",-55.8,-27.6,-27.6,48.0,45.8,39.1,47,94.9,yes
2026-08-16 13:50:01,rule2-hot,"hot, PV=gate-20, raise to keep ESS>=10",-51.4,-26.5,-26.2,45.8,41.4,39.1,47,94.9,yes
2026-08-16 13:50:11,rule2-hot,"hot, PV=gate-20, raise to keep ESS>=10",-48.2,-23.4,-23.5,41.4,38.2,39.1,47,94.8,yes
2026-08-16 13:50:21,rule2-hot,"hot, PV=gate-20, raise to keep ESS>=10",-50.2,-16.7,-16.4,38.2,40.2,39.1,47,94.8,yes
2026-08-16 13:50:31,rule2-hot,"hot, PV=gate-20, raise to keep ESS>=10",-55.2,-7.9,-7.8,40.2,45.2,39.1,47,94.8,yes
2026-08-16 13:50:41,rule2-hot,"hot, PV=gate-20, raise to keep ESS>=10",-52.0,-4.3,-4.1,45.2,42.0,39.1,47,94.8,yes
2026-08-16 13:50:51,rule2-hot,"hot, PV=gate-20, raise to keep ESS>=10",-52.2,-5.1,-5.7,42.0,42.2,39.1,47,94.8,yes
2026-08-16 13:51:01,rule2-hot,"hot, PV=gate-20, raise to keep ESS>=10",-54.8,-6.4,-6.4,42.2,44.8,39.1,47,94.8,yes
2026-08-16 13:51:11,rule2-hot,"hot, PV=gate-20, raise to keep ESS>=10",-54.6,-5.1,-5.0,44.8,44.6,39.1,47,94.8,yes
2026-08-16 13:51:21,rule2-hot,"hot, PV=gate-20, raise to keep ESS>=10",-57.6,-4.9,-4.7,44.6,47.6,39.1,47,94.8,yes
2026-08-16 13:51:31,rule2-hot,"hot, PV=gate-20, raise to keep ESS>=10",-78.4,-8.0,-8.2,47.6,68.4,39.1,47,94.8,yes
2026-08-16 13:51:42,rule2-hot,"hot, PV=gate-20, raise to keep ESS>=10",-103.4,-17.0,-14.2,68.4,93.4,39.1,47,94.8,yes
2026-08-16 13:51:52,rule2-hot,"hot, PV=gate-20, raise to keep ESS>=10",-108.8,-10.1,-11.4,93.4,98.8,39.1,47,94.8,yes
2026-08-16 13:52:02,rule2-hot,"hot, PV=gate-20, raise to keep ESS>=10",-109.0,-2.1,-9.3,98.8,99.0,39.1,47,94.8,yes
2026-08-16 13:52:12,rule2-hot,"hot, PV=gate-20, raise to keep ESS>=10",-112.0,-5.7,-6.0,99.0,102.0,39.1,47,94.8,yes
2026-08-16 13:52:22,rule2-hot,"hot, PV=gate-20, raise to keep ESS>=10",-116.4,-2.3,-2.9,102.0,106.4,39.1,47,94.8,yes
2026-08-16 13:52:32,rule2-hot,"hot, PV=gate-20, raise to keep ESS>=10",-127.0,-1.3,-0.7,106.4,117.0,39.1,47,94.8,yes
2026-08-16 13:52:42,rule2-hot,"hot, PV=gate-20, raise to keep ESS>=10",-143.0,0.3,-2.0,117.0,133.0,39.3,52,94.8,yes
2026-08-16 13:52:55,rule2-hot,"hot, PV=gate-20, raise to keep ESS>=10",-157.0,-9.2,-7.6,133.0,147.0,39.3,52,94.8,yes
2026-08-16 13:53:05,rule2-hot,"hot, PV=gate-20, raise to keep ESS>=10",-161.6,-0.1,-0.1,147.0,151.6,39.3,52,94.8,yes
2026-08-16 13:53:15,rule2-hot,"hot, PV=gate-20, raise to keep ESS>=10",-163.0,0.1,0.3,151.6,153.0,39.3,52,94.8,yes
2026-08-16 13:53:25,rule2-hot,"hot, PV=gate-20, raise to keep ESS>=10",-162.4,8.9,3.8,153.0,152.4,39.3,52,94.8,yes
2026-08-16 13:53:35,rule2-hot,"hot, PV=gate-20, raise to keep ESS>=10",-163.4,0.5,6.6,152.4,153.4,39.3,52,94.8,yes
2026-08-16 13:53:45,rule2-hot,"hot, PV=gate-20, raise to keep ESS>=10",-166.8,7.3,8.4,153.4,156.8,39.3,52,94.8,yes
2026-08-16 13:53:55,rule2-hot,"hot, PV=gate-20, raise to keep ESS>=10",-166.6,8.7,9.8,156.8,156.6,39.3,52,94.8,yes
2026-08-16 13:54:05,rule2-hot,"hot, PV=gate-20, raise to keep ESS>=10",-169.6,5.7,6.2,156.6,159.6,39.3,52,94.8,yes
2026-08-16 13:54:16,rule2-hot,"hot, PV=gate-20, raise to keep ESS>=10",-165.4,9.7,8.1,159.6,155.4,39.3,52,94.8,yes
2026-08-16 13:54:26,rule2-hot,"hot, PV=gate-20, raise to keep ESS>=10",-161.6,4.5,9.6,155.4,151.6,39.3,52,94.8,yes
2026-08-16 13:54:36,rule2-hot,"hot, PV=gate-20, raise to keep ESS>=10",-165.4,6.2,11.2,151.6,155.4,39.3,52,94.8,yes
2026-08-16 13:54:46,rule2-hot,"hot, PV=gate-20, raise to keep ESS>=10",-175.6,7.8,5.1,155.4,165.6,39.3,52,94.8,yes
2026-08-16 13:54:56,rule2-hot,"hot, PV=gate-20, raise to keep ESS>=10",-169.4,7.6,11.4,165.6,159.4,39.3,52,94.8,yes
2026-08-16 13:55:06,rule2-hot,"hot, PV=gate-20, raise to keep ESS>=10",-170.4,8.4,11.2,159.4,160.4,39.3,52,94.8,yes
2026-08-16 13:55:16,rule2-hot,"hot, PV=gate-20, raise to keep ESS>=10",-167.2,8.6,0.1,160.4,157.2,39.3,52,94.8,yes
2026-08-16 13:55:26,rule2-hot,"hot, PV=gate-20, raise to keep ESS>=10",-166.4,11.2,9.9,157.2,156.4,39.3,52,94.8,yes
2026-08-16 13:55:36,rule2-hot,"hot, PV=gate-20, raise to keep ESS>=10",-172.6,11.3,2.1,156.4,162.6,39.3,52,94.8,yes
2026-08-16 13:55:47,rule2-hot,"hot, PV=gate-20, raise to keep ESS>=10",-181.4,7.0,6.9,162.6,171.4,39.3,52,94.8,yes
2026-08-16 13:55:57,rule2-hot,"hot, PV=gate-20, raise to keep ESS>=10",-178.0,6.1,9.3,171.4,168.0,39.3,52,94.8,yes
2026-08-16 13:56:07,rule2-hot,"hot, PV=gate-20, raise to keep ESS>=10",-180.8,6.2,9.9,168.0,170.8,39.3,52,94.8,yes
2026-08-16 13:56:17,rule2-hot,"hot, PV=gate-20, raise to keep ESS>=10",-180.2,10.0,1.1,170.8,170.2,39.3,52,94.8,yes
2026-08-16 13:56:27,rule2-hot,"hot, PV=gate-20, raise to keep ESS>=10",-183.6,7.9,11.0,170.2,173.6,39.3,52,94.8,yes
2026-08-16 13:56:37,rule2-hot,"hot, PV=gate-20, ESS in 10..20",-178.8,12.7,13.8,173.6,158.8,39.3,52,94.8,yes
2026-08-16 13:56:47,rule2-hot,"hot, PV=gate-20, raise to keep ESS>=10",-180.2,8.3,8.8,158.8,170.2,39.3,52,94.8,yes
2026-08-16 13:56:57,rule2-hot,"hot, PV=gate-20, raise to keep ESS>=10",-179.0,3.5,9.7,170.2,169.0,39.3,52,94.8,yes
2026-08-16 13:57:07,rule2-hot,"hot, PV=gate-20, raise to keep ESS>=10",-178.2,11.6,9.9,169.0,168.2,39.3,52,94.8,yes
2026-08-16 13:57:17,rule2-hot,"hot, PV=gate-20, raise to keep ESS>=10",-180.4,3.9,7.7,168.2,170.4,39.3,52,94.8,yes
2026-08-16 13:57:28,rule2-hot,"hot, PV=gate-20, raise to keep ESS>=10",-168.0,3.7,10.8,170.4,158.0,39.3,52,94.8,yes
2026-08-16 13:57:38,rule2-hot,"hot, PV=gate-20, ESS in 10..20",-171.4,12.6,10.8,158.0,151.4,39.3,52,94.8,yes
2026-08-16 13:57:48,rule2-hot,"hot, PV=gate-20, raise to keep ESS>=10",-171.4,5.3,5.3,151.4,161.4,39.3,52,94.8,yes
2026-08-16 13:57:58,rule2-hot,"hot, PV=gate-20, raise to keep ESS>=10",-172.0,6.9,4.2,161.4,162.0,39.3,52,94.8,yes
2026-08-16 13:58:08,rule2-hot,"hot, PV=gate-20, ESS in 10..20",-167.2,11.6,11.3,162.0,147.2,39.3,52,94.8,yes
2026-08-16 13:58:18,rule2-hot,"hot, PV=gate-20, raise to keep ESS>=10",-168.4,4.5,-1.6,147.2,158.4,39.3,52,94.8,yes
2026-08-16 13:58:28,rule2-hot,"hot, PV=gate-20, raise to keep ESS>=10",-167.4,7.3,5.1,158.4,157.4,39.3,52,94.8,yes
2026-08-16 13:58:38,rule2-hot,"hot, PV=gate-20, raise to keep ESS>=10",-170.4,7.3,9.3,157.4,160.4,39.3,52,94.8,yes
2026-08-16 13:58:48,rule2-hot,"hot, PV=gate-20, raise to keep ESS>=10",-182.0,5.0,1.6,160.4,172.0,39.3,52,94.8,yes
2026-08-16 13:58:58,rule2-hot,"hot, PV=gate-20",-182.6,4.0,,172.0,162.6,39.3,52,94.8,yes
2026-08-16 13:59:08,rule2-hot,"hot, PV=gate-20, raise to keep ESS>=10",-181.6,3.6,7.1,162.6,171.6,39.3,52,94.8,yes
2026-08-16 13:59:19,rule2-hot,"hot, PV=gate-20, raise to keep ESS>=10",-190.2,1.3,5.7,171.6,180.2,39.3,52,94.8,yes
2026-08-16 13:59:29,rule2-hot,"hot, PV=gate-20, raise to keep ESS>=10",-189.8,10.5,4.7,180.2,179.8,39.3,52,94.8,yes
2026-08-16 13:59:39,rule2-hot,"hot, PV=gate-20, raise to keep ESS>=10",-187.4,6.4,-0.3,179.8,177.4,39.3,52,94.8,yes
2026-08-16 13:59:49,rule2-hot,"hot, PV=gate-20, raise to keep ESS>=10",-191.4,4.5,6.6,177.4,181.4,39.3,52,94.8,yes
2026-08-16 13:59:59,rule2-hot,"hot, PV=gate-20, ESS in 10..20",-178.8,18.5,16.0,181.4,158.8,39.3,52,94.8,yes
2026-08-16 14:00:09,rule2-hot,"hot, PV=gate-20, raise to keep ESS>=10",-185.8,6.2,8.9,158.8,175.8,39.3,52,94.8,yes
2026-08-16 14:00:19,rule2-hot,"hot, PV=gate-20, raise to keep ESS>=10",-181.6,8.3,10.8,175.8,171.6,39.3,52,94.8,yes
2026-08-16 14:00:29,rule2-hot,"hot, PV=gate-20, raise to keep ESS>=10",-178.0,13.1,6.5,171.6,168.0,39.3,52,94.8,yes
2026-08-16 14:00:39,rule2-hot,"hot, PV=gate-20, raise to keep ESS>=10",-177.8,1.5,11.4,168.0,167.8,39.3,52,94.8,yes
2026-08-16 14:00:49,rule2-hot,"hot, PV=gate-20, raise to keep ESS>=10",-176.8,10.3,-1.3,167.8,166.8,39.3,52,94.8,yes
2026-08-16 14:01:00,rule2-hot,"hot, PV=gate-20, raise to keep ESS>=10",-179.8,11.5,6.5,166.8,169.8,39.3,52,94.8,yes
2026-08-16 14:01:10,rule2-hot,"hot, PV=gate-20, ESS in 10..20",-177.4,10.5,12.0,169.8,157.4,39.3,52,94.9,yes
2026-08-16 14:01:20,rule2-hot,"hot, PV=gate-20, raise to keep ESS>=10",-192.2,2.2,0.4,157.4,182.2,39.3,52,94.9,yes
2026-08-16 14:01:30,rule2-hot,"hot, PV=gate-20, raise to keep ESS>=10",-190.4,1.5,4.8,182.2,180.4,39.3,52,94.9,yes
2026-08-16 14:01:40,rule2-hot,"hot, PV=gate-20, raise to keep ESS>=10",-190.2,9.8,6.3,180.4,180.2,39.3,52,94.9,yes
2026-08-16 14:01:50,rule2-hot,"hot, PV=gate-20, raise to keep ESS>=10",-189.4,8.5,11.8,180.2,179.4,39.3,52,94.9,yes
2026-08-16 14:02:01,rule2-hot,"hot, PV=gate-20, ESS in 10..20",-190.8,11.8,13.3,179.4,170.8,39.3,52,94.9,yes
2026-08-16 14:02:11,rule3-soc-high,"SOC>=95, ESS at -30 target, hold",-190.8,-5.0,-0.7,170.8,170.8,39.3,52,95.0,no
2026-08-16 14:02:21,rule3-soc-high,"SOC>=95, lower PV until an ESS reaches -30",-178.0,10.1,4.5,170.8,160.8,39.3,52,95.0,yes
2026-08-16 14:02:31,rule3-soc-high,"SOC>=95, lower PV until an ESS reaches -30",-1.2,0.0,0.0,160.8,150.8,39.3,52,95.0,yes
2026-08-16 14:02:41,rule3-soc-high,"SOC>=95, lower PV until an ESS reaches -30",-1.2,0.0,0.0,150.8,140.8,39.3,52,95.0,yes
2026-08-16 14:02:51,rule3-soc-high,"SOC>=95, lower PV until an ESS reaches -30",-1.2,0.0,0.0,140.8,130.8,39.4,55,95.0,yes
2026-08-16 14:03:14,rule3-soc-high,"SOC>=95, lower PV until an ESS reaches -30",-1.2,0.0,0.0,130.8,120.8,39.4,55,95.0,yes
2026-08-16 14:03:24,rule3-soc-high,"SOC>=95, lower PV until an ESS reaches -30",-1.2,0.0,0.0,120.8,110.8,39.4,55,95.0,yes
2026-08-16 14:03:45,rule3-soc-high,"SOC>=95, an ESS reached -30, stop lowering",-40.8,-30.8,0.0,110.8,110.8,39.4,55,95.0,no
2026-08-16 14:03:55,rule3-soc-high,"SOC>=95, ESS at -30 target, hold",-40.8,-41.2,0.0,110.8,110.8,39.4,55,95.0,no
2026-08-16 14:04:05,rule3-soc-high,"SOC>=95, ESS at -30 target, hold",-49.0,-39.3,0.0,110.8,110.8,39.4,55,95.0,no
2026-08-16 14:04:15,rule3-soc-high,"SOC>=95, ESS at -30 target, hold",-56.2,-58.4,0.0,110.8,110.8,39.4,55,95.0,no
2026-08-16 14:04:25,rule3-soc-high,"SOC>=95, ESS at -30 target, hold",-51.6,-26.6,-26.0,110.8,110.8,39.4,55,95.0,no
2026-08-16 14:04:35,rule2-hot,"hot, PV=gate-20, raise to keep ESS>=10",-50.6,-25.1,-24.9,110.8,40.6,39.4,55,94.9,yes
2026-08-16 14:04:45,rule2-hot,"hot, PV=gate-20, raise to keep ESS>=10",-51.8,-25.0,-25.1,40.6,41.8,39.4,55,94.9,yes
2026-08-16 14:04:55,rule2-hot,"hot, PV=gate-20, raise to keep ESS>=10",-51.0,-25.1,-25.1,41.8,41.0,39.4,55,94.9,yes
2026-08-16 14:05:05,rule2-hot,"hot, PV=gate-20, raise to keep ESS>=10",-50.0,-25.0,-25.3,41.0,40.0,39.4,55,94.8,yes
2026-08-16 14:05:15,rule2-hot,"hot, PV=gate-20, raise to keep ESS>=10",-54.6,-26.3,-26.7,40.0,44.6,39.4,55,94.8,yes
2026-08-16 14:05:25,rule2-hot,"hot, PV=gate-20, raise to keep ESS>=10",-54.0,-26.3,-26.0,44.6,44.0,39.4,55,94.8,yes
2026-08-16 14:05:35,rule2-hot,"hot, PV=gate-20, raise to keep ESS>=10",-53.4,-14.1,-14.1,44.0,43.4,39.4,55,94.8,yes
2026-08-16 14:05:45,rule2-hot,"hot, PV=gate-20, raise to keep ESS>=10",-55.8,-4.7,-4.2,43.4,45.8,39.4,55,94.8,yes
2026-08-16 14:05:55,rule2-hot,"hot, PV=gate-20, raise to keep ESS>=10",-70.8,-8.9,-7.6,45.8,60.8,39.4,55,94.8,yes
2026-08-16 14:06:06,rule2-hot,"hot, PV=gate-20, raise to keep ESS>=10",-63.0,-4.0,-3.7,60.8,53.0,39.4,55,94.8,yes
2026-08-16 14:06:16,rule2-hot,"hot, PV=gate-20, raise to keep ESS>=10",-61.6,-0.6,-0.8,53.0,51.6,39.4,55,94.8,yes
2026-08-16 14:06:26,rule2-hot,"hot, PV=gate-20, raise to keep ESS>=10",-67.6,-2.0,-3.0,51.6,57.6,39.4,55,94.8,yes
2026-08-16 14:06:36,rule2-hot,"hot, PV=gate-20, raise to keep ESS>=10",-75.8,-4.2,-4.4,57.6,65.8,39.4,55,94.8,yes
2026-08-16 14:06:46,rule2-hot,"hot, PV=gate-20, raise to keep ESS>=10",-102.8,-15.5,-16.4,65.8,92.8,39.4,55,94.8,yes
2026-08-16 14:06:56,rule2-hot,"hot, PV=gate-20, raise to keep ESS>=10",-110.8,-8.6,-7.1,92.8,100.8,39.4,55,94.8,yes
2026-08-16 14:07:07,rule2-hot,"hot, PV=gate-20, raise to keep ESS>=10",-117.2,-0.9,-2.0,100.8,107.2,39.4,55,94.8,yes
2026-08-16 14:07:17,rule2-hot,"hot, PV=gate-20, raise to keep ESS>=10",-138.6,-16.8,-17.8,107.2,128.6,39.4,55,94.8,yes
2026-08-16 14:07:27,rule2-hot,"hot, PV=gate-20, raise to keep ESS>=10",-134.4,-2.8,-2.5,128.6,124.4,39.4,55,94.8,yes
2026-08-16 14:07:38,rule2-hot,"hot, PV=gate-20, raise to keep ESS>=10",-133.6,6.4,3.2,124.4,123.6,39.4,55,94.8,yes
2026-08-16 14:07:48,rule2-hot,"hot, PV=gate-20, raise to keep ESS>=10",-137.0,-2.7,-4.2,123.6,127.0,39.4,55,94.8,yes
2026-08-16 14:07:58,rule2-hot,"hot, PV=gate-20, raise to keep ESS>=10",-136.2,6.5,4.8,127.0,126.2,39.4,55,94.8,yes
2026-08-16 14:08:08,rule2-hot,"hot, PV=gate-20, raise to keep ESS>=10",-123.0,7.3,10.2,126.2,113.0,39.4,55,94.8,yes
2026-08-16 14:08:18,rule2-hot,"hot, PV=gate-20, raise to keep ESS>=10",-127.8,6.5,3.6,113.0,117.8,39.4,55,94.8,yes
2026-08-16 14:08:28,rule2-hot,"hot, PV=gate-20, raise to keep ESS>=10",-124.8,5.3,5.5,117.8,114.8,39.4,55,94.8,yes
2026-08-16 14:08:38,rule2-hot,"hot, PV=gate-20, raise to keep ESS>=10",-125.2,4.4,7.4,114.8,115.2,39.4,55,94.8,yes
2026-08-16 14:08:48,rule2-hot,"hot, PV=gate-20, raise to keep ESS>=10",-123.0,4.8,7.2,115.2,113.0,39.4,55,94.8,yes
2026-08-16 14:08:58,rule2-hot,"hot, PV=gate-20, raise to keep ESS>=10",-132.6,2.4,1.7,113.0,122.6,39.4,55,94.8,yes
2026-08-16 14:09:08,rule2-hot,"hot, PV=gate-20, raise to keep ESS>=10",-139.4,0.4,2.6,122.6,129.4,39.4,55,94.8,yes
2026-08-16 14:09:19,rule2-hot,"hot, PV=gate-20, raise to keep ESS>=10",-149.8,1.2,-0.2,129.4,139.8,39.4,55,94.8,yes
2026-08-16 14:09:29,rule2-hot,"hot, PV=gate-20, raise to keep ESS>=10",-146.4,3.9,7.2,139.8,136.4,39.4,55,94.8,yes
2026-08-16 14:09:39,rule2-hot,"hot, PV=gate-20, raise to keep ESS>=10",-146.8,7.6,2.9,136.4,136.8,39.4,55,94.8,yes
2026-08-16 14:09:49,rule2-hot,"hot, PV=gate-20, raise to keep ESS>=10",-160.4,-8.5,-3.2,136.8,150.4,39.4,55,94.8,yes
2026-08-16 14:09:59,rule2-hot,"hot, PV=gate-20, raise to keep ESS>=10",-161.8,-1.5,2.3,150.4,151.8,39.4,55,94.8,yes
2026-08-16 14:10:11,rule2-hot,"hot, PV=gate-20, raise to keep ESS>=10",-162.6,5.0,9.5,151.8,152.6,39.4,55,94.8,yes
2026-08-16 14:10:21,rule2-hot,"hot, PV=gate-20, raise to keep ESS>=10",-164.6,8.9,10.4,152.6,154.6,39.4,55,94.8,yes
2026-08-16 14:10:31,rule2-hot,"hot, PV=gate-20, raise to keep ESS>=10",-164.8,13.1,5.7,154.6,154.8,39.4,55,94.8,yes
2026-08-16 14:10:41,rule2-hot,"hot, PV=gate-20, raise to keep ESS>=10",-165.6,9.9,8.9,154.8,155.6,39.4,55,94.8,yes
2026-08-16 14:10:51,rule2-hot,"hot, PV=gate-20, raise to keep ESS>=10",-170.8,9.5,1.5,155.6,160.8,39.4,55,94.8,yes
2026-08-16 14:11:01,rule2-hot,"hot, PV=gate-20, raise to keep ESS>=10",-170.0,6.0,5.4,160.8,160.0,39.4,55,94.8,yes
2026-08-16 14:11:11,rule2-hot,"hot, PV=gate-20, raise to keep ESS>=10",-167.8,7.3,11.9,160.0,157.8,39.4,55,94.8,yes
2026-08-16 14:11:21,rule2-hot,"hot, PV=gate-20, raise to keep ESS>=10",-166.0,11.3,6.0,157.8,156.0,39.4,55,94.8,yes
2026-08-16 14:11:31,rule2-hot,"hot, PV=gate-20, raise to keep ESS>=10",-166.8,8.1,7.1,156.0,156.8,39.4,55,94.8,yes
2026-08-16 14:11:41,rule2-hot,"hot, PV=gate-20, raise to keep ESS>=10",-165.4,8.0,4.6,156.8,155.4,39.4,55,94.8,yes
2026-08-16 14:11:52,rule2-hot,"hot, PV=gate-20, ESS in 10..20",-152.4,16.8,16.2,155.4,132.4,39.4,55,94.8,yes
2026-08-16 14:12:02,rule2-hot,"hot, PV=gate-20",-150.8,9.1,,132.4,130.8,39.4,55,94.8,yes
2026-08-16 14:12:12,rule2-hot,"hot, PV=gate-20, raise to keep ESS>=10",-152.2,1.6,5.0,130.8,142.2,39.4,55,94.8,yes
2026-08-16 14:12:22,rule2-hot,"hot, PV=gate-20, raise to keep ESS>=10",-151.6,4.1,1.8,142.2,141.6,39.4,55,94.8,yes
2026-08-16 14:12:32,rule2-hot,"hot, PV=gate-20, raise to keep ESS>=10",-151.4,8.6,-1.5,141.6,141.4,39.4,55,94.8,yes
2026-08-16 14:12:42,rule2-hot,"hot, PV=gate-20, raise to keep ESS>=10",-150.4,5.2,8.0,141.4,140.4,39.4,55,94.8,yes
2026-08-16 14:12:52,rule2-hot,"hot, PV=gate-20, raise to keep ESS>=10",-151.0,5.5,5.7,140.4,141.0,39.4,55,94.8,yes
2026-08-16 14:13:15,rule2-hot,"hot, PV=gate-20, raise to keep ESS>=10",-170.4,5.2,5.4,141.0,160.4,39.4,55,94.8,yes
2026-08-16 14:13:26,rule2-hot,"hot, PV=gate-20, raise to keep ESS>=10",-166.6,1.9,3.1,160.4,156.6,39.4,55,94.8,yes
2026-08-16 14:13:36,rule2-hot,"hot, PV=gate-20, raise to keep ESS>=10",-168.0,7.8,8.5,156.6,158.0,39.4,55,94.8,yes
2026-08-16 14:13:46,rule2-hot,"hot, PV=gate-20, ESS in 10..20",-164.8,10.0,14.7,158.0,144.8,39.4,55,94.8,yes
2026-08-16 14:13:56,rule2-hot,"hot, PV=gate-20, raise to keep ESS>=10",-164.2,-6.2,6.9,144.8,154.2,39.4,55,94.8,yes
2026-08-16 14:14:06,rule2-hot,"hot, PV=gate-20, raise to keep ESS>=10",-166.0,4.7,8.2,154.2,156.0,39.4,55,94.8,yes
2026-08-16 14:14:16,rule2-hot,"hot, PV=gate-20, ESS in 10..20",-153.2,15.9,18.3,156.0,133.2,39.4,55,94.8,yes
2026-08-16 14:14:26,rule2-hot,"hot, PV=gate-20, raise to keep ESS>=10",-149.6,8.1,12.4,133.2,139.6,39.4,55,94.8,yes
2026-08-16 14:14:36,rule2-hot,"hot, PV=gate-20, raise to keep ESS>=10",-150.6,7.1,5.7,139.6,140.6,39.4,55,94.8,yes
2026-08-16 14:14:46,rule2-hot,"hot, PV=gate-20, raise to keep ESS>=10",-151.6,9.4,5.0,140.6,141.6,39.4,55,94.8,yes
2026-08-16 14:14:57,rule2-hot,"hot, PV=gate-20, raise to keep ESS>=10",-151.2,6.0,11.5,141.6,141.2,39.4,55,94.8,yes
2026-08-16 14:15:07,rule2-hot,"hot, PV=gate-20, raise to keep ESS>=10",-149.0,9.8,12.8,141.2,139.0,39.4,55,94.8,yes
2026-08-16 14:15:17,rule2-hot,"hot, PV=gate-20, raise to keep ESS>=10",-150.6,7.3,9.3,139.0,140.6,39.4,55,94.8,yes
2026-08-16 14:15:27,rule2-hot,"hot, PV=gate-20, raise to keep ESS>=10",-149.4,11.2,6.0,140.6,139.4,39.4,55,94.8,yes
2026-08-16 14:15:37,rule2-hot,"hot, PV=gate-20, raise to keep ESS>=10",-162.4,-0.6,-0.6,139.4,152.4,39.4,55,94.8,yes
2026-08-16 14:15:47,rule2-hot,"hot, PV=gate-20, raise to keep ESS>=10",-163.4,-0.4,6.5,152.4,153.4,39.4,55,94.8,yes
2026-08-16 14:15:57,rule2-hot,"hot, PV=gate-20, raise to keep ESS>=10",-162.2,10.0,9.1,153.4,152.2,39.4,55,94.8,yes
2026-08-16 14:16:07,rule2-hot,"hot, PV=gate-20, ESS in 10..20",-161.6,13.6,11.8,152.2,141.6,39.4,55,94.8,yes
2026-08-16 14:16:17,rule2-hot,"hot, PV=gate-20, raise to keep ESS>=10",-161.4,6.2,6.5,141.6,151.4,39.4,55,94.8,yes
2026-08-16 14:16:28,rule2-hot,"hot, PV=gate-20, raise to keep ESS>=10",-147.6,8.1,15.1,151.4,137.6,39.4,55,94.8,yes
2026-08-16 14:16:38,rule2-hot,"hot, PV=gate-20, raise to keep ESS>=10",-148.6,8.6,11.4,137.6,138.6,39.4,55,94.8,yes
2026-08-16 14:16:48,rule2-hot,"hot, PV=gate-20, raise to keep ESS>=10",-146.0,1.9,8.3,138.6,136.0,39.4,55,94.8,yes
2026-08-16 14:16:58,rule2-hot,"hot, PV=gate-20, raise to keep ESS>=10",-147.6,7.3,7.8,136.0,137.6,39.4,55,94.8,yes
2026-08-16 14:17:08,rule2-hot,"hot, PV=gate-20, raise to keep ESS>=10",-144.8,9.7,6.3,137.6,134.8,39.4,55,94.8,yes
2026-08-16 14:17:18,rule2-hot,"hot, PV=gate-20, raise to keep ESS>=10",-148.8,8.5,8.4,134.8,138.8,39.4,55,94.8,yes
2026-08-16 14:17:28,rule2-hot,"hot, PV=gate-20, raise to keep ESS>=10",-149.6,5.2,2.8,138.8,139.6,39.4,55,94.8,yes
2026-08-16 14:17:38,rule2-hot,"hot, PV=gate-20, raise to keep ESS>=10",-148.8,8.1,8.9,139.6,138.8,39.4,55,94.8,yes
2026-08-16 14:17:48,rule2-hot,"hot, PV=gate-20, raise to keep ESS>=10",-176.2,-6.7,-6.9,138.8,166.2,39.4,55,94.8,yes
2026-08-16 14:17:59,rule2-hot,"hot, PV=gate-20, raise to keep ESS>=10",-188.4,-7.8,-4.8,166.2,178.4,39.4,55,94.8,yes
2026-08-16 14:18:09,rule2-hot,"hot, PV=gate-20, ESS in 10..20",-166.2,14.4,15.6,178.4,146.2,39.4,55,94.8,yes
2026-08-16 14:18:19,rule2-hot,"hot, PV=gate-20, raise to keep ESS>=10",-163.6,7.4,8.8,146.2,153.6,39.4,55,94.8,yes
2026-08-16 14:18:29,rule2-hot,"hot, PV=gate-20, raise to keep ESS>=10",-165.0,-68.5,-67.9,153.6,155.0,39.4,55,94.8,yes
2026-08-16 14:18:39,rule2-hot,"hot, PV=gate-20, raise to keep ESS>=10",-163.4,-37.8,-35.4,155.0,153.4,39.4,55,94.9,yes
2026-08-16 14:18:49,rule2-hot,"hot, PV=gate-20, raise to keep ESS>=10",-162.0,-4.5,-10.5,153.4,152.0,39.4,55,94.9,yes
2026-08-16 14:18:59,rule2-hot,"hot, PV=gate-20, raise to keep ESS>=10",-151.6,9.0,10.0,152.0,141.6,39.4,55,94.9,yes
2026-08-16 14:19:09,rule2-hot,"hot, PV=gate-20, raise to keep ESS>=10",-151.2,3.9,8.3,141.6,141.2,39.4,55,94.9,yes
2026-08-16 14:19:19,rule2-hot,"hot, PV=gate-20, raise to keep ESS>=10",-158.0,2.9,5.8,141.2,148.0,39.4,55,94.9,yes
2026-08-16 14:19:29,rule2-hot,"hot, PV=gate-20, raise to keep ESS>=10",-152.6,-0.7,1.7,148.0,142.6,39.4,55,94.9,yes
2026-08-16 14:19:40,rule2-hot,"hot, PV=gate-20, raise to keep ESS>=10",-155.8,4.3,7.3,142.6,145.8,39.4,55,94.9,yes
2026-08-16 14:19:50,rule2-hot,"hot, PV=gate-20, raise to keep ESS>=10",-154.6,0.3,2.9,145.8,144.6,39.4,55,94.9,yes
2026-08-16 14:20:00,rule2-hot,"hot, PV=gate-20, raise to keep ESS>=10",-151.6,5.2,4.4,144.6,141.6,39.4,55,94.9,yes
2026-08-16 14:20:10,rule2-hot,"hot, PV=gate-20, ESS in 10..20",-149.4,10.8,10.7,141.6,129.4,39.4,55,94.9,yes
2026-08-16 14:20:20,rule2-hot,"hot, PV=gate-20, raise to keep ESS>=10",-149.2,0.9,7.2,129.4,139.2,39.4,55,94.9,yes
2026-08-16 14:20:30,rule2-hot,"hot, PV=gate-20, raise to keep ESS>=10",-163.4,3.9,4.2,139.2,153.4,39.4,55,94.9,yes
2026-08-16 14:20:40,rule2-hot,"hot, PV=gate-20, raise to keep ESS>=10",-162.4,0.2,-0.6,153.4,152.4,39.4,55,94.9,yes
2026-08-16 14:20:50,rule2-hot,"hot, PV=gate-20, raise to keep ESS>=10",-165.2,1.1,4.1,152.4,155.2,39.4,55,94.9,yes
2026-08-16 14:21:00,rule2-hot,"hot, PV=gate-20, raise to keep ESS>=10",-163.8,-1.6,-1.6,155.2,153.8,39.4,55,94.9,yes
2026-08-16 14:21:10,rule2-hot,"hot, PV=gate-20, raise to keep ESS>=10",-164.2,0.0,0.7,153.8,154.2,39.4,55,94.9,yes
2026-08-16 14:21:21,rule2-hot,"hot, PV=gate-20, raise to keep ESS>=10",-163.4,0.0,0.9,154.2,153.4,39.4,55,94.9,yes
2026-08-16 14:21:31,rule2-hot,"hot, PV=gate-20, raise to keep ESS>=10",-162.4,-5.5,-7.0,153.4,152.4,39.4,55,94.9,yes
2026-08-16 14:21:41,rule2-hot,"hot, PV=gate-20, raise to keep ESS>=10",-146.8,-0.6,-2.5,152.4,136.8,39.4,55,94.9,yes
2026-08-16 14:21:51,rule2-hot,"hot, PV=gate-20, raise to keep ESS>=10",-154.0,4.4,3.4,136.8,144.0,39.4,55,94.9,yes
2026-08-16 14:22:01,rule2-hot,"hot, PV=gate-20, raise to keep ESS>=10",-145.4,4.0,2.2,144.0,135.4,39.4,55,94.9,yes
2026-08-16 14:22:11,rule2-hot,"hot, PV=gate-20, raise to keep ESS>=10",-144.8,-0.5,1.8,135.4,134.8,39.4,55,94.9,yes
2026-08-16 14:22:21,rule2-hot,"hot, PV=gate-20, raise to keep ESS>=10",-144.0,2.8,2.1,134.8,134.0,39.4,55,94.9,yes
2026-08-16 14:22:31,rule2-hot,"hot, PV=gate-20, raise to keep ESS>=10",-142.0,0.5,1.1,134.0,132.0,39.4,55,94.9,yes
2026-08-16 14:22:41,rule2-hot,"hot, PV=gate-20, raise to keep ESS>=10",-146.2,2.1,-0.3,132.0,136.2,39.4,55,94.9,yes
2026-08-16 14:22:51,rule2-hot,"hot, PV=gate-20, raise to keep ESS>=10",-144.8,1.5,0.4,136.2,134.8,39.4,55,94.9,yes
2026-08-16 14:23:01,rule2-hot,"hot, PV=gate-20, raise to keep ESS>=10",-150.2,-1.0,4.6,134.8,140.2,39.5,54,94.9,yes
2026-08-16 14:23:14,rule2-hot,"hot, PV=gate-20, raise to keep ESS>=10",-142.8,5.0,1.9,140.2,132.8,39.5,54,94.9,yes
2026-08-16 14:23:24,rule2-hot,"hot, PV=gate-20, raise to keep ESS>=10",-141.2,2.0,3.1,132.8,131.2,39.5,54,94.9,yes
2026-08-16 14:23:34,rule2-hot,"hot, PV=gate-20, raise to keep ESS>=10",-155.2,-3.5,-2.1,131.2,145.2,39.5,54,94.9,yes
2026-08-16 14:23:45,rule2-hot,"hot, PV=gate-20, raise to keep ESS>=10",-152.6,-4.0,-6.6,145.2,142.6,39.5,54,94.9,yes
2026-08-16 14:23:55,rule2-hot,"hot, PV=gate-20, raise to keep ESS>=10",-153.2,-0.2,-0.3,142.6,143.2,39.5,54,94.9,yes
2026-08-16 14:24:05,rule2-hot,"hot, PV=gate-20, raise to keep ESS>=10",-153.8,-5.8,-1.5,143.2,143.8,39.5,54,94.9,yes
2026-08-16 14:24:15,rule2-hot,"hot, PV=gate-20, raise to keep ESS>=10",-159.4,-5.9,-3.6,143.8,149.4,39.5,54,94.9,yes
2026-08-16 14:24:25,rule2-hot,"hot, PV=gate-20, raise to keep ESS>=10",-143.0,-3.2,-2.3,149.4,133.0,39.5,54,94.9,yes
2026-08-16 14:24:35,rule2-hot,"hot, PV=gate-20, raise to keep ESS>=10",-150.2,1.4,0.5,133.0,140.2,39.5,54,94.9,yes
2026-08-16 14:24:45,rule2-hot,"hot, PV=gate-20, raise to keep ESS>=10",-145.2,0.7,0.5,140.2,135.2,39.5,54,94.9,yes
2026-08-16 14:24:55,rule2-hot,"hot, PV=gate-20, raise to keep ESS>=10",-143.6,1.4,3.2,135.2,133.6,39.5,54,94.9,yes
2026-08-16 14:25:05,rule2-hot,"hot, PV=gate-20",-142.0,1.6,,133.6,122.0,39.5,54,94.9,yes
2026-08-16 14:25:15,rule2-hot,"hot, PV=gate-20, raise to keep ESS>=10",-145.6,-1.2,-1.5,122.0,135.6,39.5,54,94.9,yes
2026-08-16 14:25:25,rule2-hot,"hot, PV=gate-20, raise to keep ESS>=10",-144.4,-1.3,-1.7,135.6,134.4,39.5,54,94.9,yes
2026-08-16 14:25:36,rule2-hot,"hot, PV=gate-20, raise to keep ESS>=10",-153.4,1.0,1.7,134.4,143.4,39.5,54,94.9,yes
2026-08-16 14:25:46,rule2-hot,"hot, PV=gate-20, raise to keep ESS>=10",-145.8,-0.1,1.8,143.4,135.8,39.5,54,94.9,yes
2026-08-16 14:25:56,rule2-hot,"hot, PV=gate-20, raise to keep ESS>=10",-142.6,0.6,0.8,135.8,132.6,39.5,54,94.9,yes
2026-08-16 14:26:06,rule2-hot,"hot, PV=gate-20, raise to keep ESS>=10",-160.8,-7.4,-5.7,132.6,150.8,39.5,54,94.9,yes
2026-08-16 14:26:16,rule2-hot,"hot, PV=gate-20, raise to keep ESS>=10",-161.0,-14.9,-9.7,150.8,151.0,39.5,54,94.9,yes
2026-08-16 14:26:26,rule2-hot,"hot, PV=gate-20, raise to keep ESS>=10",-180.2,-12.0,-12.9,151.0,170.2,39.5,54,94.9,yes
2026-08-16 14:26:36,rule2-hot,"hot, PV=gate-20, raise to keep ESS>=10",-177.4,-10.2,-14.6,170.2,167.4,39.5,54,94.9,yes
2026-08-16 14:26:46,rule2-hot,"hot, PV=gate-20, raise to keep ESS>=10",-169.4,-11.4,-15.6,167.4,159.4,39.5,54,94.9,yes
2026-08-16 14:26:56,rule2-hot,"hot, PV=gate-20, raise to keep ESS>=10",-167.6,-8.9,-10.1,159.4,157.6,39.5,54,94.9,yes
2026-08-16 14:27:07,rule2-hot,"hot, PV=gate-20, raise to keep ESS>=10",-156.4,-3.6,-10.1,157.6,146.4,39.5,54,94.8,yes
2026-08-16 14:27:17,rule2-hot,"hot, PV=gate-20, raise to keep ESS>=10",-149.2,-0.7,-1.4,146.4,139.2,39.5,54,94.8,yes
2026-08-16 14:27:27,rule2-hot,"hot, PV=gate-20, raise to keep ESS>=10",-154.6,-5.7,-1.3,139.2,144.6,39.5,54,94.8,yes
2026-08-16 14:27:37,rule2-hot,"hot, PV=gate-20, raise to keep ESS>=10",-159.6,-9.5,-6.7,144.6,149.6,39.5,54,94.8,yes
2026-08-16 14:27:47,rule2-hot,"hot, PV=gate-20, raise to keep ESS>=10",-153.8,-4.6,-5.1,149.6,143.8,39.5,54,94.8,yes
2026-08-16 14:27:57,rule2-hot,"hot, PV=gate-20, raise to keep ESS>=10",-155.8,-6.5,-6.4,143.8,145.8,39.5,54,94.8,yes
2026-08-16 14:28:07,rule2-hot,"hot, PV=gate-20, raise to keep ESS>=10",-155.2,-8.2,-5.4,145.8,145.2,39.5,54,94.8,yes
2026-08-16 14:28:17,rule2-hot,"hot, PV=gate-20, raise to keep ESS>=10",-155.2,-9.0,-8.7,145.2,145.2,39.5,54,94.8,no
2026-08-16 14:28:27,rule2-hot,"hot, PV=gate-20, raise to keep ESS>=10",-158.0,-8.4,-8.5,145.2,148.0,39.5,54,94.8,yes
2026-08-16 14:28:37,rule2-hot,"hot, PV=gate-20, raise to keep ESS>=10",-159.4,-8.1,-11.1,148.0,149.4,39.5,54,94.7,yes
2026-08-16 14:28:48,rule2-hot,"hot, PV=gate-20, raise to keep ESS>=10",-156.0,-7.8,-13.2,149.4,146.0,39.5,54,94.7,yes
2026-08-16 14:28:58,rule2-hot,"hot, PV=gate-20, raise to keep ESS>=10",-156.0,-9.0,-9.4,146.0,146.0,39.5,54,94.7,no
2026-08-16 14:29:08,rule2-hot,"hot, PV=gate-20, raise to keep ESS>=10",-157.4,-11.3,-10.8,146.0,147.4,39.5,54,94.7,yes
2026-08-16 14:29:18,rule2-hot,"hot, PV=gate-20, raise to keep ESS>=10",-154.4,-9.7,-10.4,147.4,144.4,39.5,54,94.7,yes
2026-08-16 14:29:28,rule2-hot,"hot, PV=gate-20, raise to keep ESS>=10",-164.6,-10.9,-10.9,144.4,154.6,39.5,54,94.7,yes
2026-08-16 14:29:38,rule2-hot,"hot, PV=gate-20, raise to keep ESS>=10",-159.4,-13.0,-12.6,154.6,149.4,39.5,54,94.7,yes
2026-08-16 14:29:48,rule2-hot,"hot, PV=gate-20, raise to keep ESS>=10",-159.4,-14.2,-13.6,149.4,149.4,39.5,54,94.7,no
2026-08-16 14:29:58,rule2-hot,"hot, PV=gate-20, raise to keep ESS>=10",-159.6,-13.4,-13.7,149.4,149.6,39.5,54,94.7,yes
2026-08-16 14:30:08,rule2-hot,"hot, PV=gate-20, raise to keep ESS>=10",-155.6,-13.1,-12.5,149.6,145.6,39.5,54,94.6,yes
2026-08-16 14:30:18,rule2-hot,"hot, PV=gate-20, raise to keep ESS>=10",-168.2,-20.5,-18.9,145.6,158.2,39.5,54,94.6,yes
2026-08-16 14:30:29,rule2-hot,"hot, PV=gate-20, raise to keep ESS>=10",-166.6,-19.0,-19.7,158.2,156.6,39.5,54,94.6,yes
2026-08-16 14:30:39,rule2-hot,"hot, PV=gate-20, raise to keep ESS>=10",-164.8,-19.1,-18.4,156.6,154.8,39.5,54,94.6,yes
2026-08-16 14:30:49,rule2-hot,"hot, PV=gate-20, raise to keep ESS>=10",-165.8,-18.8,-21.1,154.8,155.8,39.5,54,94.6,yes
2026-08-16 14:30:59,rule2-hot,"hot, PV=gate-20, raise to keep ESS>=10",-165.2,-19.6,-20.1,155.8,155.2,39.5,54,94.6,yes
2026-08-16 14:31:09,rule2-hot,"hot, PV=gate-20, raise to keep ESS>=10",-154.4,-16.9,-22.0,155.2,144.4,39.5,54,94.6,yes
2026-08-16 14:31:20,rule2-hot,"hot, PV=gate-20, raise to keep ESS>=10",-180.8,-28.6,-29.5,144.4,170.8,39.5,54,94.6,yes
2026-08-16 14:31:30,rule2-hot,"hot, PV=gate-20, raise to keep ESS>=10",-175.2,-29.1,-28.0,170.8,165.2,39.5,54,94.6,yes
2026-08-16 14:31:40,rule2-hot,"hot, PV=gate-20, raise to keep ESS>=10",-153.6,-18.0,-16.2,165.2,143.6,39.5,54,94.6,yes
2026-08-16 14:31:51,rule2-hot,"hot, PV=gate-20, raise to keep ESS>=10",-153.8,-15.1,-15.8,143.6,143.8,39.5,54,94.6,yes
2026-08-16 14:32:01,rule2-hot,"hot, PV=gate-20, raise to keep ESS>=10",-151.6,-15.8,-15.6,143.8,141.6,39.5,54,94.6,yes
2026-08-16 14:32:11,rule2-hot,"hot, PV=gate-20, raise to keep ESS>=10",-155.0,-16.7,-16.4,141.6,145.0,39.5,54,94.6,yes
2026-08-16 14:32:21,rule2-hot,"hot, PV=gate-20, raise to keep ESS>=10",-150.0,-14.9,-15.6,145.0,140.0,39.5,54,94.6,yes
2026-08-16 14:32:32,rule2-hot,"hot, PV=gate-20, raise to keep ESS>=10",-148.8,-15.1,-14.7,140.0,138.8,39.5,54,94.2,yes
2026-08-16 14:32:42,rule2-hot,"hot, PV=gate-20, raise to keep ESS>=10",-153.0,-21.4,-15.3,138.8,143.0,39.5,54,94.2,yes
2026-08-16 14:32:52,rule2-hot,"hot, PV=gate-20, raise to keep ESS>=10",-152.4,-18.5,-16.7,143.0,142.4,39.5,54,94.2,yes
2026-08-16 14:33:02,rule2-hot,"hot, PV=gate-20, raise to keep ESS>=10",-148.8,-15.9,-15.3,142.4,138.8,39.6,48,94.2,yes
2026-08-16 14:33:34,rule2-hot,"hot, PV=gate-20, raise to keep ESS>=10",-151.2,-18.4,-18.6,138.8,141.2,39.6,48,94.2,yes
2026-08-16 14:33:44,rule2-hot,"hot, PV=gate-20, raise to keep ESS>=10",-151.4,-18.3,-18.5,141.2,141.4,39.6,48,94.2,yes
2026-08-16 14:33:54,rule2-hot,"hot, PV=gate-20, raise to keep ESS>=10",-153.2,-19.4,-20.4,141.4,143.2,39.6,48,94.2,yes
2026-08-16 14:34:04,rule2-hot,"hot, PV=gate-20, raise to keep ESS>=10",-154.2,-19.4,-18.8,143.2,144.2,39.6,48,94.2,yes
2026-08-16 14:34:14,rule2-hot,"hot, PV=gate-20, raise to keep ESS>=10",-154.8,-20.4,-21.4,144.2,144.8,39.6,48,94.2,yes
2026-08-16 14:34:24,rule2-hot,"hot, PV=gate-20, raise to keep ESS>=10",-154.2,-20.7,-21.1,144.8,144.2,39.6,48,94.2,yes
2026-08-16 14:34:35,rule2-hot,"hot, PV=gate-20, raise to keep ESS>=10",-155.6,-20.0,-21.2,144.2,145.6,39.6,48,94.2,yes
2026-08-16 14:34:45,rule2-hot,"hot, PV=gate-20, raise to keep ESS>=10",-159.2,-22.3,-22.5,145.6,149.2,39.6,48,94.2,yes
2026-08-16 14:34:55,rule2-hot,"hot, PV=gate-20, raise to keep ESS>=10",-158.6,-23.1,-23.2,149.2,148.6,39.6,48,94.2,yes
2026-08-16 14:35:06,rule2-hot,"hot, PV=gate-20, raise to keep ESS>=10",-157.0,-22.0,-22.2,148.6,147.0,39.6,48,94.2,yes
2026-08-16 14:35:16,rule2-hot,"hot, PV=gate-20, raise to keep ESS>=10",-155.2,-22.5,-22.3,147.0,145.2,39.6,48,94.2,yes
2026-08-16 14:35:26,rule2-hot,"hot, PV=gate-20, raise to keep ESS>=10",-151.8,-20.1,-19.8,145.2,141.8,39.6,48,94.2,yes
2026-08-16 14:35:37,rule2-hot,"hot, PV=gate-20, raise to keep ESS>=10",-155.0,-21.2,-19.4,141.8,145.0,39.6,48,93.8,yes
2026-08-16 14:35:47,rule2-hot,"hot, PV=gate-20, raise to keep ESS>=10",-153.8,-21.1,-20.8,145.0,143.8,39.6,48,93.8,yes
2026-08-16 14:35:57,rule2-hot,"hot, PV=gate-20, raise to keep ESS>=10",-153.2,-19.6,-20.2,143.8,143.2,39.6,48,93.8,yes
2026-08-16 14:36:08,rule2-hot,"hot, PV=gate-20, raise to keep ESS>=10",-153.2,-20.3,-20.0,143.2,143.2,39.6,48,93.8,no
2026-08-16 14:36:18,rule2-hot,"hot, PV=gate-20, raise to keep ESS>=10",-153.6,-19.8,-19.3,143.2,143.6,39.6,48,93.8,yes
2026-08-16 14:36:28,rule2-hot,"hot, PV=gate-20, raise to keep ESS>=10",-153.4,-19.5,-19.4,143.6,143.4,39.6,48,93.8,yes
2026-08-16 14:36:38,rule2-hot,"hot, PV=gate-20, raise to keep ESS>=10",-151.4,-19.2,-19.1,143.4,141.4,39.6,48,93.8,yes
2026-08-16 14:36:49,rule2-hot,"hot, PV=gate-20, raise to keep ESS>=10",-151.8,-18.6,-18.8,141.4,141.8,39.6,48,93.8,yes
2026-08-16 14:36:59,rule2-hot,"hot, PV=gate-20, raise to keep ESS>=10",-165.0,-18.8,-21.7,141.8,155.0,39.6,48,93.8,yes
2026-08-16 14:37:09,rule2-hot,"hot, PV=gate-20, raise to keep ESS>=10",-151.8,-18.9,-19.0,155.0,141.8,39.6,48,93.8,yes
2026-08-16 14:37:19,rule2-hot,"hot, PV=gate-20, raise to keep ESS>=10",-151.6,-18.9,-19.0,141.8,141.6,39.6,48,93.8,yes
2026-08-16 14:37:29,rule2-hot,"hot, PV=gate-20, raise to keep ESS>=10",-155.6,-21.4,-22.8,141.6,145.6,39.6,48,93.8,yes
2026-08-16 14:37:39,rule2-hot,"hot, PV=gate-20, raise to keep ESS>=10",-154.0,-19.5,-19.2,145.6,144.0,39.6,48,93.4,yes
2026-08-16 14:37:50,rule2-hot,"hot, PV=gate-20, raise to keep ESS>=10",-151.8,-19.0,-19.9,144.0,141.8,39.6,48,93.4,yes
2026-08-16 14:38:00,rule2-hot,"hot, PV=gate-20",-151.2,-17.5,,141.8,131.2,39.6,48,93.4,yes
2026-08-16 14:38:10,rule2-hot,"hot, PV=gate-20",-152.6,-17.9,,131.2,132.6,39.6,48,93.4,yes
2026-08-16 14:38:20,rule2-hot,"hot, PV=gate-20, raise to keep ESS>=10",-157.6,-19.4,-20.0,132.6,147.6,39.6,48,93.4,yes
2026-08-16 14:38:30,rule2-hot,"hot, PV=gate-20, raise to keep ESS>=10",-151.2,-16.9,-16.8,147.6,141.2,39.6,48,93.4,yes
2026-08-16 14:38:41,rule2-hot,"hot, PV=gate-20, raise to keep ESS>=10",-150.2,-16.2,-16.7,141.2,140.2,39.6,48,93.4,yes
2026-08-16 14:38:51,rule2-hot,"hot, PV=gate-20, raise to keep ESS>=10",-151.6,-16.9,-16.0,140.2,141.6,39.6,48,93.4,yes
2026-08-16 14:39:02,rule2-hot,"hot, PV=gate-20, raise to keep ESS>=10",-150.8,-16.5,-15.9,141.6,140.8,39.6,48,93.4,yes
2026-08-16 14:39:12,rule2-hot,"hot, PV=gate-20, raise to keep ESS>=10",-150.2,-15.8,-15.5,140.8,140.2,39.6,48,93.4,yes
2026-08-16 14:39:22,rule2-hot,"hot, PV=gate-20, raise to keep ESS>=10",-151.8,-16.0,-16.1,140.2,141.8,39.6,48,93.4,yes
2026-08-16 14:39:32,rule2-hot,"hot, PV=gate-20, raise to keep ESS>=10",-150.8,-15.9,-16.7,141.8,140.8,39.6,48,93.4,yes
2026-08-16 14:39:43,rule2-hot,"hot, PV=gate-20, raise to keep ESS>=10",-150.2,-15.8,-16.0,140.8,140.2,39.6,48,93.4,yes
2026-08-16 14:39:54,rule2-hot,"hot, PV=gate-20, raise to keep ESS>=10",-150.8,-15.3,-16.1,140.2,140.8,39.6,48,93.4,yes
2026-08-16 14:40:04,rule2-hot,"hot, PV=gate-20, raise to keep ESS>=10",-150.0,-15.6,-15.8,140.8,140.0,39.6,48,93.4,yes
2026-08-16 14:40:14,rule2-hot,"hot, PV=gate-20, raise to keep ESS>=10",-150.6,-14.7,-15.5,140.0,140.6,39.6,48,93.4,yes
2026-08-16 14:40:24,rule2-hot,"hot, PV=gate-20, raise to keep ESS>=10",-149.8,-15.2,-15.6,140.6,139.8,39.6,48,93.4,yes
2026-08-16 14:40:35,rule2-hot,"hot, PV=gate-20, raise to keep ESS>=10",-148.0,-14.7,-16.3,139.8,138.0,39.6,48,93.1,yes
2026-08-16 14:40:45,rule2-hot,"hot, PV=gate-20, raise to keep ESS>=10",-148.2,-13.9,-14.4,138.0,138.2,39.6,48,93.1,yes
2026-08-16 14:40:55,rule2-hot,"hot, PV=gate-20, raise to keep ESS>=10",-148.0,-14.7,-14.1,138.2,138.0,39.6,48,93.1,yes
2026-08-16 14:41:05,rule2-hot,"hot, PV=gate-20, raise to keep ESS>=10",-148.6,-14.6,-14.8,138.0,138.6,39.6,48,93.1,yes
2026-08-16 14:41:16,rule2-hot,"hot, PV=gate-20, raise to keep ESS>=10",-147.8,-13.9,-13.4,138.6,137.8,39.6,48,93.1,yes
2026-08-16 14:41:26,rule2-hot,"hot, PV=gate-20, raise to keep ESS>=10",-148.0,-12.9,-13.1,137.8,138.0,39.6,48,93.1,yes
2026-08-16 14:41:36,rule2-hot,"hot, PV=gate-20, raise to keep ESS>=10",-148.0,-13.8,-13.7,138.0,138.0,39.6,48,93.1,no
2026-08-16 14:41:47,rule2-hot,"hot, PV=gate-20, raise to keep ESS>=10",-147.8,-13.4,-13.8,138.0,137.8,39.6,48,93.1,yes
2026-08-16 14:41:57,rule2-hot,"hot, PV=gate-20, raise to keep ESS>=10",-148.0,-12.8,-12.4,137.8,138.0,39.6,48,93.1,yes
2026-08-16 14:42:07,rule2-hot,"hot, PV=gate-20, raise to keep ESS>=10",-147.4,-13.0,-12.7,138.0,137.4,39.6,48,93.1,yes
2026-08-16 14:42:18,rule2-hot,"hot, PV=gate-20, raise to keep ESS>=10",-147.6,-12.2,-12.6,137.4,137.6,39.6,48,93.1,yes
2026-08-16 14:42:28,rule2-hot,"hot, PV=gate-20, raise to keep ESS>=10",-147.0,-11.5,-11.7,137.6,137.0,39.6,48,93.1,yes
2026-08-16 14:42:38,rule2-hot,"hot, PV=gate-20, raise to keep ESS>=10",-149.2,-10.4,-10.6,137.0,139.2,39.6,48,93.1,yes
2026-08-16 14:42:49,rule2-hot,"hot, PV=gate-20, raise to keep ESS>=10",-150.6,-12.4,-12.6,139.2,140.6,39.6,48,93.1,yes
2026-08-16 14:42:59,rule2-hot,"hot, PV=gate-20, raise to keep ESS>=10",-155.2,-14.3,-14.8,140.6,145.2,39.6,48,93.1,yes
2026-08-16 14:43:09,rule2-hot,"hot, PV=gate-20, raise to keep ESS>=10",-154.6,-14.3,-14.0,145.2,144.6,39.5,48,93.1,yes
2026-08-16 14:43:32,rule2-hot,"hot, PV=gate-20, raise to keep ESS>=10",-165.6,-17.7,-17.4,144.6,155.6,39.5,48,93.1,yes
2026-08-16 14:43:43,rule2-hot,"hot, PV=gate-20, raise to keep ESS>=10",-169.2,-20.5,-20.9,155.6,159.2,39.5,48,93.1,yes
2026-08-16 14:43:53,rule2-hot,"hot, PV=gate-20, raise to keep ESS>=10",-172.0,-21.1,-21.8,159.2,162.0,39.5,48,93.1,yes
2026-08-16 14:44:03,rule2-hot,"hot, PV=gate-20, raise to keep ESS>=10",-170.0,-19.4,-20.9,162.0,160.0,39.5,48,93.1,yes
2026-08-16 14:44:13,rule2-hot,"hot, PV=gate-20, raise to keep ESS>=10",-170.0,-20.2,-19.5,160.0,160.0,39.5,48,92.7,no
2026-08-16 14:44:23,rule2-hot,"hot, PV=gate-20, raise to keep ESS>=10",-174.0,-19.7,-20.2,160.0,164.0,39.5,48,92.7,yes
2026-08-16 14:44:33,rule2-hot,"hot, PV=gate-20, raise to keep ESS>=10",-182.2,-25.9,-24.9,164.0,172.2,39.5,48,92.7,yes
2026-08-16 14:44:43,rule2-hot,"hot, PV=gate-20, raise to keep ESS>=10",-179.4,-21.4,-21.8,172.2,169.4,39.5,48,92.7,yes
2026-08-16 14:44:53,rule2-hot,"hot, PV=gate-20, raise to keep ESS>=10",-176.2,-22.0,-21.7,169.4,166.2,39.5,48,92.7,yes
2026-08-16 14:45:03,rule2-hot,"hot, PV=gate-20, raise to keep ESS>=10",-179.8,-22.0,-27.8,166.2,169.8,39.5,48,92.7,yes
2026-08-16 14:45:14,rule2-hot,"hot, PV=gate-20, raise to keep ESS>=10",-186.4,-26.4,-27.1,169.8,176.4,39.5,48,92.7,yes
2026-08-16 14:45:24,rule2-hot,"hot, PV=gate-20, raise to keep ESS>=10",-189.2,-28.9,-28.1,176.4,179.2,39.5,48,92.7,yes
2026-08-16 14:45:34,rule2-hot,"hot, PV=gate-20, raise to keep ESS>=10",-181.0,-27.5,-24.6,179.2,171.0,39.5,48,92.7,yes
2026-08-16 14:45:44,rule2-hot,"hot, PV=gate-20, raise to keep ESS>=10",-189.4,-27.5,-27.3,171.0,179.4,39.5,48,92.7,yes
2026-08-16 14:45:55,rule2-hot,"hot, PV=gate-20, raise to keep ESS>=10",-188.8,-24.7,-24.7,179.4,178.8,39.5,48,92.7,yes
2026-08-16 14:46:05,rule2-hot,"hot, PV=gate-20, raise to keep ESS>=10",-187.8,-26.6,-27.2,178.8,177.8,39.5,48,92.3,yes
2026-08-16 14:46:15,rule2-hot,"hot, PV=gate-20, raise to keep ESS>=10",-183.8,-25.4,-24.7,177.8,173.8,39.5,48,92.3,yes
2026-08-16 14:46:26,rule2-hot,"hot, PV=gate-20, raise to keep ESS>=10",-190.2,-23.8,-23.7,173.8,180.2,39.5,48,92.3,yes
2026-08-16 14:46:36,rule2-hot,"hot, PV=gate-20, raise to keep ESS>=10",-185.0,-25.2,-25.2,180.2,175.0,39.5,48,92.3,yes
2026-08-16 14:46:46,rule2-hot,"hot, PV=gate-20, raise to keep ESS>=10",-182.4,-23.6,-24.4,175.0,172.4,39.5,48,92.3,yes
2026-08-16 14:46:57,rule2-hot,"hot, PV=gate-20, raise to keep ESS>=10",-182.0,-22.7,-23.1,172.4,172.0,39.5,48,92.3,yes
2026-08-16 14:47:07,rule2-hot,"hot, PV=gate-20, raise to keep ESS>=10",-181.6,-22.5,-22.6,172.0,171.6,39.5,48,92.3,yes
2026-08-16 14:47:17,rule2-hot,"hot, PV=gate-20, raise to keep ESS>=10",-182.8,-22.4,-22.6,171.6,172.8,39.5,48,92.3,yes
2026-08-16 14:47:28,rule2-hot,"hot, PV=gate-20, raise to keep ESS>=10",-182.0,-21.7,-21.2,172.8,172.0,39.5,48,92.3,yes
2026-08-16 14:47:38,rule2-hot,"hot, PV=gate-20, raise to keep ESS>=10",-182.4,-21.0,-21.6,172.0,172.4,39.5,48,92.3,yes
2026-08-16 14:47:48,rule2-hot,"hot, PV=gate-20, raise to keep ESS>=10",-180.4,-20.1,-20.1,172.4,170.4,39.5,48,92.3,yes
2026-08-16 14:47:59,rule2-hot,"hot, PV=gate-20, raise to keep ESS>=10",-181.4,-18.4,-18.9,170.4,171.4,39.5,48,92.3,yes
2026-08-16 14:48:09,rule2-hot,"hot, PV=gate-20, raise to keep ESS>=10",-185.8,-19.4,-19.8,171.4,175.8,39.5,48,91.9,yes
2026-08-16 14:48:19,rule2-hot,"hot, PV=gate-20, raise to keep ESS>=10",-185.2,-18.9,-18.5,175.8,175.2,39.5,48,91.9,yes
2026-08-16 14:48:30,rule2-hot,"hot, PV=gate-20, raise to keep ESS>=10",-180.4,-16.2,-16.0,175.2,170.4,39.5,48,91.9,yes
2026-08-16 14:48:40,rule2-hot,"hot, PV=gate-20, raise to keep ESS>=10",-181.4,-16.1,-16.4,170.4,171.4,39.5,48,91.9,yes
2026-08-16 14:48:50,rule2-hot,"hot, PV=gate-20, raise to keep ESS>=10",-185.8,-19.0,-20.8,171.4,175.8,39.5,48,91.9,yes
2026-08-16 14:49:01,rule2-hot,"hot, PV=gate-20, raise to keep ESS>=10",-181.0,-18.9,-19.4,175.8,171.0,39.5,48,91.9,yes
2026-08-16 14:49:11,rule2-hot,"hot, PV=gate-20, raise to keep ESS>=10",-180.8,-14.3,-17.0,171.0,170.8,39.5,48,91.9,yes
2026-08-16 14:49:21,rule2-hot,"hot, PV=gate-20, raise to keep ESS>=10",-180.2,-15.1,-15.3,170.8,170.2,39.5,48,91.9,yes
2026-08-16 14:49:32,rule2-hot,"hot, PV=gate-20, raise to keep ESS>=10",-179.0,-14.0,-13.4,170.2,169.0,39.5,48,91.9,yes
2026-08-16 14:49:42,rule2-hot,"hot, PV=gate-20, raise to keep ESS>=10",-180.0,-13.5,-12.8,169.0,170.0,39.5,48,91.9,yes
2026-08-16 14:49:52,rule2-hot,"hot, PV=gate-20, raise to keep ESS>=10",-180.2,-10.5,-10.7,170.0,170.2,39.5,48,91.9,yes
2026-08-16 14:50:03,rule2-hot,"hot, PV=gate-20, raise to keep ESS>=10",-179.6,-5.1,-6.2,170.2,169.6,39.5,48,91.9,yes
2026-08-16 14:50:13,rule2-hot,"hot, PV=gate-20, raise to keep ESS>=10",-177.4,-3.4,-2.6,169.6,167.4,39.5,48,91.9,yes
2026-08-16 14:50:23,rule2-hot,"hot, PV=gate-20, raise to keep ESS>=10",-178.0,0.0,0.9,167.4,168.0,39.5,48,91.9,yes
2026-08-16 14:50:34,rule2-hot,"hot, PV=gate-20, raise to keep ESS>=10",-177.8,2.5,2.1,168.0,167.8,39.5,48,91.9,yes
2026-08-16 14:50:44,rule2-hot,"hot, PV=gate-20, raise to keep ESS>=10",-179.2,5.5,4.6,167.8,169.2,39.5,48,91.9,yes
2026-08-16 14:50:54,rule2-hot,"hot, PV=gate-20, raise to keep ESS>=10",-178.2,7.5,8.5,169.2,168.2,39.5,48,91.9,yes
2026-08-16 14:51:05,rule2-hot,"hot, PV=gate-20",-182.4,4.8,,168.2,162.4,39.5,48,91.9,yes
2026-08-16 14:51:15,rule2-hot,"hot, PV=gate-20",-176.8,4.6,,162.4,156.8,39.5,48,91.9,yes
2026-08-16 14:51:25,rule2-hot,"hot, PV=gate-20, raise to keep ESS>=10",-176.8,3.9,3.0,156.8,166.8,39.5,48,91.9,yes
2026-08-16 14:51:36,rule2-hot,"hot, PV=gate-20, raise to keep ESS>=10",-177.4,1.2,0.9,166.8,167.4,39.5,48,91.9,yes
2026-08-16 14:51:46,rule2-hot,"hot, PV=gate-20, raise to keep ESS>=10",-176.2,0.8,3.8,167.4,166.2,39.5,48,91.9,yes
2026-08-16 14:51:56,rule2-hot,"hot, PV=gate-20, raise to keep ESS>=10",-176.8,4.2,2.2,166.2,166.8,39.5,48,91.9,yes
2026-08-16 14:52:06,rule2-hot,"hot, PV=gate-20, raise to keep ESS>=10",-174.4,6.8,6.8,166.8,164.4,39.5,48,91.9,yes
2026-08-16 14:52:16,rule2-hot,"hot, PV=gate-20, raise to keep ESS>=10",-174.4,1.9,5.0,164.4,164.4,39.5,48,91.9,no
2026-08-16 14:52:26,rule2-hot,"hot, PV=gate-20, raise to keep ESS>=10",-173.2,6.6,10.2,164.4,163.2,39.5,48,91.9,yes
2026-08-16 14:52:37,rule2-hot,"hot, PV=gate-20, raise to keep ESS>=10",-175.6,9.8,7.0,163.2,165.6,39.5,48,91.9,yes
2026-08-16 14:52:47,rule2-hot,"hot, PV=gate-20, raise to keep ESS>=10",-175.4,9.7,8.4,165.6,165.4,39.5,48,91.9,yes
2026-08-16 14:52:57,rule2-hot,"hot, PV=gate-20, raise to keep ESS>=10",-176.2,3.0,10.0,165.4,166.2,39.5,48,91.9,yes
2026-08-16 14:53:08,rule2-hot,"hot, PV=gate-20, raise to keep ESS>=10",-174.0,12.2,2.0,166.2,164.0,39.5,48,91.9,yes
2026-08-16 14:53:18,rule2-hot,"hot, PV=gate-20, ESS in 10..20",-177.6,11.0,10.3,164.0,157.6,39.6,33,91.9,yes
2026-08-16 14:53:30,rule2-hot,"hot, PV=gate-20, raise to keep ESS>=10",-177.0,3.5,5.9,157.6,167.0,39.6,33,91.9,yes
2026-08-16 14:53:40,rule2-hot,"hot, PV=gate-20, ESS in 10..20",-174.4,10.5,10.0,167.0,154.4,39.6,33,91.9,yes
2026-08-16 14:53:50,rule2-hot,"hot, PV=gate-20, raise to keep ESS>=10",-174.2,1.6,4.7,154.4,164.2,39.6,33,91.9,yes
2026-08-16 14:54:01,rule2-hot,"hot, PV=gate-20, raise to keep ESS>=10",-183.2,4.2,4.3,164.2,173.2,39.6,33,91.9,yes
2026-08-16 14:54:11,rule2-hot,"hot, PV=gate-20, raise to keep ESS>=10",-181.4,7.7,7.4,173.2,171.4,39.6,33,91.9,yes
2026-08-16 14:54:21,rule2-hot,"hot, PV=gate-20, raise to keep ESS>=10",-179.8,7.5,8.4,171.4,169.8,39.6,33,91.9,yes
2026-08-16 14:54:31,rule2-hot,"hot, PV=gate-20, raise to keep ESS>=10",-181.6,7.1,7.6,169.8,171.6,39.6,33,91.9,yes
2026-08-16 14:54:41,rule2-hot,"hot, PV=gate-20, raise to keep ESS>=10",-180.4,7.7,6.2,171.6,170.4,39.6,33,91.9,yes
2026-08-16 14:54:51,rule2-hot,"hot, PV=gate-20, raise to keep ESS>=10",-180.8,8.4,9.9,170.4,170.8,39.6,33,91.9,yes
2026-08-16 14:55:01,rule2-hot,"hot, PV=gate-20, raise to keep ESS>=10",-182.4,8.6,8.7,170.8,172.4,39.6,33,91.9,yes
2026-08-16 14:55:11,rule2-hot,"hot, PV=gate-20, ESS in 10..20",-181.0,11.0,10.3,172.4,161.0,39.6,33,91.9,yes
2026-08-16 14:55:22,rule2-hot,"hot, PV=gate-20, raise to keep ESS>=10",-181.4,8.1,8.6,161.0,171.4,39.6,33,91.9,yes
2026-08-16 14:55:32,rule2-hot,"hot, PV=gate-20, raise to keep ESS>=10",-185.4,6.1,6.5,171.4,175.4,39.6,33,91.9,yes
2026-08-16 14:55:42,rule2-hot,"hot, PV=gate-20, raise to keep ESS>=10",-189.4,6.2,5.2,175.4,179.4,39.6,33,91.9,yes
2026-08-16 14:55:52,rule2-hot,"hot, PV=gate-20, ESS in 10..20",-189.2,10.4,10.6,179.4,169.2,39.6,33,91.9,yes
2026-08-16 14:56:02,rule2-hot,"hot, PV=gate-20, raise to keep ESS>=10",-188.4,6.4,6.8,169.2,178.4,39.6,33,91.9,yes
2026-08-16 14:56:13,rule2-hot,"hot, PV=gate-20, raise to keep ESS>=10",-188.4,7.3,8.2,178.4,178.4,39.6,33,91.9,no
2026-08-16 14:56:23,rule2-hot,"hot, PV=gate-20, raise to keep ESS>=10",-187.2,10.9,9.9,178.4,177.2,39.6,33,91.9,yes
2026-08-16 14:56:33,rule2-hot,"hot, PV=gate-20, raise to keep ESS>=10",-188.4,9.0,3.8,177.2,178.4,39.6,33,91.9,yes
2026-08-16 14:56:43,rule2-hot,"hot, PV=gate-20, raise to keep ESS>=10",-188.8,5.0,7.4,178.4,178.8,39.6,33,91.9,yes
2026-08-16 14:56:53,rule2-hot,"hot, PV=gate-20, raise to keep ESS>=10",-186.8,6.8,7.5,178.8,176.8,39.6,33,91.9,yes
2026-08-16 14:57:03,rule2-hot,"hot, PV=gate-20, ESS in 10..20",-186.6,12.3,11.3,176.8,166.6,39.6,33,91.9,yes
2026-08-16 14:57:14,rule2-hot,"hot, PV=gate-20, raise to keep ESS>=10",-187.0,10.2,8.0,166.6,177.0,39.6,33,91.9,yes
2026-08-16 14:57:24,rule2-hot,"hot, PV=gate-20, raise to keep ESS>=10",-187.2,4.0,3.9,177.0,177.2,39.6,33,91.9,yes
2026-08-16 14:57:34,rule2-hot,"hot, PV=gate-20, raise to keep ESS>=10",-186.0,1.3,1.2,177.2,176.0,39.6,33,91.9,yes
2026-08-16 14:57:44,rule2-hot,"hot, PV=gate-20, raise to keep ESS>=10",-192.2,-1.8,-3.5,176.0,182.2,39.6,33,91.9,yes
2026-08-16 14:57:54,rule2-hot,"hot, PV=gate-20, raise to keep ESS>=10",-207.8,-16.8,-17.1,182.2,197.8,39.6,33,91.9,yes
2026-08-16 14:58:04,rule2-hot,"hot, PV=gate-20, raise to keep ESS>=10",-209.2,-20.4,-24.8,197.8,199.2,39.6,33,91.9,yes
2026-08-16 14:58:15,rule2-hot,"hot, PV=gate-20, raise to keep ESS>=10",-211.8,-27.1,-26.3,199.2,201.8,39.6,33,91.9,yes
2026-08-16 14:58:25,rule2-hot,"hot, PV=gate-20, raise to keep ESS>=10",-216.2,-29.7,-31.6,201.8,206.2,39.6,33,91.9,yes
2026-08-16 14:58:35,rule2-hot,"hot, PV=gate-20, raise to keep ESS>=10",-215.0,-31.3,-30.4,206.2,205.0,39.6,33,91.9,yes
2026-08-16 14:58:45,rule2-hot,"hot, PV=gate-20, raise to keep ESS>=10",-214.0,-29.6,-30.1,205.0,204.0,39.6,33,91.9,yes
2026-08-16 14:58:55,rule2-hot,"hot, PV=gate-20, raise to keep ESS>=10",-218.8,-30.0,-30.7,204.0,208.8,39.6,33,91.9,yes
2026-08-16 14:59:05,rule2-hot,"hot, PV=gate-20, raise to keep ESS>=10",-219.0,-36.2,-33.6,208.8,209.0,39.6,33,91.9,yes
2026-08-16 14:59:16,rule2-hot,"hot, PV=gate-20, raise to keep ESS>=10",-215.6,-30.7,-30.6,209.0,205.6,39.6,33,91.9,yes
2026-08-16 14:59:26,rule2-hot,"hot, PV=gate-20, raise to keep ESS>=10",-213.8,-30.2,-30.3,205.6,203.8,39.6,33,91.9,yes
2026-08-16 14:59:36,rule2-hot,"hot, PV=gate-20, raise to keep ESS>=10",-214.0,-29.1,-29.9,203.8,204.0,39.6,33,91.9,yes
2026-08-16 14:59:46,rule2-hot,"hot, PV=gate-20, raise to keep ESS>=10",-214.8,-29.3,-30.0,204.0,204.8,39.6,33,91.9,yes
2026-08-16 14:59:57,rule2-hot,"hot, PV=gate-20, raise to keep ESS>=10",-213.8,-29.9,-30.2,204.8,203.8,39.6,33,91.9,yes
2026-08-16 15:00:07,rule2-hot,"hot, PV=gate-20, raise to keep ESS>=10",-215.4,-30.2,-30.2,203.8,205.4,39.6,33,91.5,yes
2026-08-16 15:00:17,rule2-hot,"hot, PV=gate-20, raise to keep ESS>=10",-215.2,-29.3,-30.0,205.4,205.2,39.6,33,91.5,yes
2026-08-16 15:00:27,rule2-hot,"hot, PV=gate-20, raise to keep ESS>=10",-214.2,-29.7,-29.6,205.2,204.2,39.6,33,91.5,yes
2026-08-16 15:00:37,rule2-hot,"hot, PV=gate-20, raise to keep ESS>=10",-212.0,-28.2,-28.3,204.2,202.0,39.6,33,91.5,yes
2026-08-16 15:00:47,rule2-hot,"hot, PV=gate-20, raise to keep ESS>=10",-216.2,-27.4,-28.6,202.0,206.2,39.6,33,91.5,yes
2026-08-16 15:00:58,rule2-hot,"hot, PV=gate-20, raise to keep ESS>=10",-218.2,-30.1,-30.3,206.2,208.2,39.6,33,91.5,yes
2026-08-16 15:01:08,rule2-hot,"hot, PV=gate-20, raise to keep ESS>=10",-216.4,-29.3,-29.6,208.2,206.4,39.6,33,91.5,yes
2026-08-16 15:01:18,rule2-hot,"hot, PV=gate-20, raise to keep ESS>=10",-216.4,-28.8,-28.7,206.4,206.4,39.6,33,91.5,no
2026-08-16 15:01:28,rule2-hot,"hot, PV=gate-20, raise to keep ESS>=10",-254.0,-45.2,-45.1,206.4,244.0,39.6,33,91.5,yes
2026-08-16 15:01:38,rule2-hot,"hot, PV=gate-20, raise to keep ESS>=10",-256.8,-46.4,-46.3,244.0,246.8,39.6,33,91.1,yes
2026-08-16 15:01:48,rule2-hot,"hot, PV=gate-20, raise to keep ESS>=10",-256.8,-44.7,-44.7,246.8,246.8,39.6,33,91.1,no
2026-08-16 15:01:58,rule2-hot,"hot, PV=gate-20, raise to keep ESS>=10",-256.2,-45.2,-45.4,246.8,246.2,39.6,33,91.1,yes
2026-08-16 15:02:08,rule2-hot,"hot, PV=gate-20, raise to keep ESS>=10",-256.8,-46.5,-46.5,246.2,246.8,39.6,33,91.1,yes
2026-08-16 15:02:19,rule2-hot,"hot, PV=gate-20, raise to keep ESS>=10",-258.6,-48.8,-48.9,246.8,248.6,39.6,33,91.1,yes
2026-08-16 15:02:29,rule2-hot,"hot, PV=gate-20, raise to keep ESS>=10",-267.4,-52.7,-53.6,248.6,257.4,39.6,33,91.1,yes
2026-08-16 15:02:39,rule2-hot,"hot, PV=gate-20, raise to keep ESS>=10",-261.4,-51.5,-51.7,257.4,251.4,39.6,33,90.7,yes
2026-08-16 15:02:49,rule2-hot,"hot, PV=gate-20, raise to keep ESS>=10",-261.4,-52.5,-52.5,251.4,251.4,39.6,33,90.7,no
2026-08-16 15:02:59,rule2-hot,"hot, PV=gate-20, raise to keep ESS>=10",-266.6,-55.7,-55.5,251.4,256.6,39.6,33,90.7,yes
2026-08-16 15:03:09,rule2-hot,"hot, PV=gate-20, raise to keep ESS>=10",-266.2,-55.9,-56.1,256.6,256.2,39.6,33,90.7,yes
2026-08-16 15:03:20,rule2-hot,"hot, PV=gate-20, raise to keep ESS>=10",-266.6,-55.7,-56.0,256.2,256.6,39.6,23,90.7,yes
2026-08-16 15:03:35,rule2-hot,"hot, PV=gate-20, raise to keep ESS>=10",-265.0,-54.5,-54.7,256.6,255.0,39.6,23,90.3,yes
2026-08-16 15:03:45,rule2-hot,"hot, PV=gate-20, raise to keep ESS>=10",-267.4,-55.1,-55.2,255.0,257.4,39.6,23,90.3,yes
2026-08-16 15:03:55,rule2-hot,"hot, PV=gate-20, raise to keep ESS>=10",-278.2,-60.4,-60.2,257.4,268.2,39.6,23,90.3,yes
2026-08-16 15:04:05,rule2-hot,"hot, PV=gate-20",-270.8,-57.9,,268.2,250.8,39.6,23,90.3,yes
2026-08-16 15:04:15,rule2-hot,"hot, PV=gate-20",-271.4,-57.9,,250.8,251.4,39.6,23,90.3,yes
2026-08-16 15:04:26,rule2-hot,"hot, PV=gate-20, raise to keep ESS>=10",-271.8,-58.0,-58.1,251.4,261.8,39.6,23,90.3,yes
2026-08-16 15:04:36,rule2-hot,"hot, PV=gate-20, raise to keep ESS>=10",-270.8,-59.4,-60.1,261.8,260.8,39.6,23,89.9,yes
2026-08-16 15:04:46,rule2-hot,"hot, PV=gate-20, raise to keep ESS>=10",-271.8,-61.2,-62.2,260.8,261.8,39.6,23,89.9,yes
2026-08-16 15:04:56,rule2-hot,"hot, PV=gate-20, raise to keep ESS>=10",-274.8,-63.2,-63.1,261.8,264.8,39.6,23,89.9,yes
2026-08-16 15:05:06,rule2-hot,"hot, PV=gate-20, raise to keep ESS>=10",-273.2,-64.8,-63.9,264.8,263.2,39.6,23,89.6,yes
2026-08-16 15:05:16,rule2-hot,"hot, PV=gate-20, raise to keep ESS>=10",-274.2,-63.8,-64.3,263.2,264.2,39.6,23,89.6,yes
2026-08-16 15:05:26,rule2-hot,"hot, PV=gate-20, raise to keep ESS>=10",-273.8,-63.8,-64.6,264.2,263.8,39.6,23,89.6,yes
2026-08-16 15:05:36,rule2-hot,"hot, PV=gate-20, raise to keep ESS>=10",-278.4,-66.8,-66.5,263.8,268.4,39.6,23,89.6,yes
2026-08-16 15:05:46,rule2-hot,"hot, PV=gate-20, raise to keep ESS>=10",-272.6,-64.3,-64.2,268.4,262.6,39.6,23,89.6,yes
2026-08-16 15:05:57,rule2-hot,"hot, PV=gate-20, raise to keep ESS>=10",-273.0,-63.1,-63.7,262.6,263.0,39.6,23,89.6,yes
2026-08-16 15:06:07,rule2-hot,"hot, PV=gate-20, raise to keep ESS>=10",-276.4,-63.4,-64.2,263.0,266.4,39.6,23,89.2,yes
2026-08-16 15:06:17,rule2-hot,"hot, PV=gate-20, raise to keep ESS>=10",-273.6,-63.1,-63.6,266.4,263.6,39.6,23,89.2,yes
2026-08-16 15:06:27,rule2-hot,"hot, PV=gate-20, raise to keep ESS>=10",-271.8,-62.5,-63.1,263.6,261.8,39.6,23,89.2,yes
2026-08-16 15:06:37,rule2-hot,"hot, PV=gate-20, raise to keep ESS>=10",-271.6,-64.9,-64.4,261.8,261.6,39.6,23,88.8,yes
2026-08-16 15:06:47,rule2-hot,"hot, PV=gate-20, raise to keep ESS>=10",-270.0,-62.1,-62.3,261.6,260.0,39.6,23,88.8,yes
2026-08-16 15:06:57,rule2-hot,"hot, PV=gate-20, raise to keep ESS>=10",-270.8,-60.7,-61.4,260.0,260.8,39.6,23,88.8,yes
2026-08-16 15:07:07,rule2-hot,"hot, PV=gate-20, raise to keep ESS>=10",-272.0,-61.9,-61.4,260.8,262.0,39.6,23,88.8,yes
2026-08-16 15:07:17,rule2-hot,"hot, PV=gate-20, raise to keep ESS>=10",-271.8,-61.2,-61.4,262.0,261.8,39.6,23,88.8,yes
2026-08-16 15:07:28,rule2-hot,"hot, PV=gate-20, raise to keep ESS>=10",-272.6,-61.7,-61.8,261.8,262.6,39.6,23,88.8,yes
2026-08-16 15:07:38,rule2-hot,"hot, PV=gate-20, raise to keep ESS>=10",-269.6,-59.6,-59.7,262.6,259.6,39.6,23,88.4,yes
2026-08-16 15:07:48,rule2-hot,"hot, PV=gate-20, raise to keep ESS>=10",-269.6,-59.5,-61.0,259.6,259.6,39.6,23,88.4,no
2026-08-16 15:07:58,rule2-hot,"hot, PV=gate-20, raise to keep ESS>=10",-250.8,-49.6,-49.1,259.6,240.8,39.6,23,88.4,yes
2026-08-16 15:08:08,rule2-hot,"hot, PV=gate-20, raise to keep ESS>=10",-251.4,-47.3,-47.4,240.8,241.4,39.6,23,88.4,yes
2026-08-16 15:08:18,rule2-hot,"hot, PV=gate-20, raise to keep ESS>=10",-263.4,-44.7,-45.2,241.4,253.4,39.6,23,88.4,yes
2026-08-16 15:08:28,rule2-hot,"hot, PV=gate-20, raise to keep ESS>=10",-252.0,-42.6,-42.4,253.4,242.0,39.6,23,88.4,yes
2026-08-16 15:08:38,rule2-hot,"hot, PV=gate-20, raise to keep ESS>=10",-248.8,-35.6,-35.9,242.0,238.8,39.6,23,88.0,yes
2026-08-16 15:08:48,rule2-hot,"hot, PV=gate-20, raise to keep ESS>=10",-245.6,-29.9,-29.9,238.8,235.6,39.6,23,88.0,yes
2026-08-16 15:08:58,rule2-hot,"hot, PV=gate-20, raise to keep ESS>=10",-253.2,-31.6,-32.1,235.6,243.2,39.6,23,88.0,yes
2026-08-16 15:09:08,rule2-hot,"hot, PV=gate-20, raise to keep ESS>=10",-255.2,-32.6,-32.2,243.2,245.2,39.6,23,88.0,yes
2026-08-16 15:09:19,rule2-hot,"hot, PV=gate-20, raise to keep ESS>=10",-252.8,-31.5,-31.4,245.2,242.8,39.6,23,88.0,yes
2026-08-16 15:09:29,rule2-hot,"hot, PV=gate-20, raise to keep ESS>=10",-256.0,-33.1,-33.2,242.8,246.0,39.6,23,88.0,yes
2026-08-16 15:09:39,rule2-hot,"hot, PV=gate-20, raise to keep ESS>=10",-254.6,-33.5,-34.5,246.0,244.6,39.6,23,88.0,yes
2026-08-16 15:09:49,rule2-hot,"hot, PV=gate-20, raise to keep ESS>=10",-255.0,-35.9,-36.4,244.6,245.0,39.6,23,88.0,yes
2026-08-16 15:09:59,rule2-hot,"hot, PV=gate-20, raise to keep ESS>=10",-253.6,-38.4,-38.3,245.0,243.6,39.6,23,88.0,yes
2026-08-16 15:10:09,rule2-hot,"hot, PV=gate-20, raise to keep ESS>=10",-254.6,-44.0,-43.9,243.6,244.6,39.6,23,,yes
2026-08-16 15:10:19,rule2-hot,"hot, PV=gate-20, raise to keep ESS>=10",-246.6,-43.4,-44.0,244.6,236.6,39.6,23,87.6,yes
2026-08-16 15:10:29,rule2-hot,"hot, PV=gate-20, raise to keep ESS>=10",-248.2,-46.1,-47.0,236.6,238.2,39.6,23,87.6,yes
2026-08-16 15:10:39,rule2-hot,"hot, PV=gate-20, raise to keep ESS>=10",-247.0,-47.6,-48.0,238.2,237.0,39.6,23,87.6,yes
2026-08-16 15:10:50,rule2-hot,"hot, PV=gate-20, raise to keep ESS>=10",-248.2,-47.6,-47.4,237.0,238.2,39.6,23,87.6,yes
2026-08-16 15:11:00,rule2-hot,"hot, PV=gate-20, raise to keep ESS>=10",-251.0,-50.7,-50.7,238.2,241.0,39.6,23,87.6,yes
2026-08-16 15:11:10,rule2-hot,"hot, PV=gate-20, raise to keep ESS>=10",-248.2,-49.9,-49.7,241.0,238.2,39.6,23,87.2,yes
2026-08-16 15:11:20,rule2-hot,"hot, PV=gate-20, raise to keep ESS>=10",-248.8,-49.8,-50.6,238.2,238.8,39.6,23,87.2,yes
2026-08-16 15:11:30,rule2-hot,"hot, PV=gate-20, raise to keep ESS>=10",-254.4,-51.0,-51.5,238.8,244.4,39.6,23,87.2,yes
2026-08-16 15:11:40,rule2-hot,"hot, PV=gate-20, raise to keep ESS>=10",-252.2,-53.6,-53.2,244.4,242.2,39.6,23,87.2,yes
2026-08-16 15:11:50,rule2-hot,"hot, PV=gate-20, raise to keep ESS>=10",-251.8,-52.6,-52.1,242.2,241.8,39.6,23,87.2,yes
2026-08-16 15:12:00,rule2-hot,"hot, PV=gate-20, raise to keep ESS>=10",-252.2,-52.8,-52.8,241.8,242.2,39.6,23,87.2,yes
2026-08-16 15:12:11,rule2-hot,"hot, PV=gate-20, raise to keep ESS>=10",-262.6,-54.0,-55.3,242.2,252.6,39.6,23,86.8,yes
2026-08-16 15:12:21,rule2-hot,"hot, PV=gate-20, raise to keep ESS>=10",-270.6,-61.9,-61.3,252.6,260.6,39.6,23,86.8,yes
2026-08-16 15:12:31,rule2-hot,"hot, PV=gate-20, raise to keep ESS>=10",-267.8,-60.7,-60.3,260.6,257.8,39.6,23,86.8,yes
2026-08-16 15:12:41,rule2-hot,"hot, PV=gate-20, raise to keep ESS>=10",-269.8,-61.4,-61.3,257.8,259.8,39.6,23,86.4,yes
2026-08-16 15:12:51,rule2-hot,"hot, PV=gate-20, raise to keep ESS>=10",-267.0,-60.9,-61.1,259.8,257.0,39.6,23,86.4,yes
2026-08-16 15:13:01,rule2-hot,"hot, PV=gate-20, raise to keep ESS>=10",-267.4,-59.0,-59.1,257.0,257.4,39.6,23,86.4,yes
2026-08-16 15:13:11,rule2-hot,"hot, PV=gate-20, raise to keep ESS>=10",-266.2,-58.2,-58.6,257.4,256.2,39.6,23,86.4,yes
2026-08-16 15:13:21,rule2-hot,"hot, PV=gate-20, raise to keep ESS>=10",-246.4,-45.4,-45.5,256.2,236.4,39.6,23,86.4,yes
2026-08-16 15:13:44,rule2-hot,"hot, PV=gate-20, raise to keep ESS>=10",-252.8,-40.6,-40.6,236.4,242.8,39.6,23,86.1,yes
2026-08-16 15:13:54,rule2-hot,"hot, PV=gate-20, raise to keep ESS>=10",-253.2,-35.6,-35.7,242.8,243.2,39.6,23,86.1,yes
2026-08-16 15:14:05,rule2-hot,"hot, PV=gate-20, raise to keep ESS>=10",-255.0,-36.3,-36.3,243.2,245.0,39.6,23,86.1,yes
2026-08-16 15:14:15,rule2-hot,"hot, PV=gate-20, raise to keep ESS>=10",-262.2,-40.5,-41.0,245.0,252.2,39.6,23,86.1,yes
2026-08-16 15:14:25,rule2-hot,"hot, PV=gate-20, raise to keep ESS>=10",-259.8,-39.3,-39.6,252.2,249.8,39.6,23,86.1,yes
2026-08-16 15:14:35,rule2-hot,"hot, PV=gate-20, raise to keep ESS>=10",-259.4,-41.6,-42.1,249.8,249.4,39.6,23,86.1,yes
2026-08-16 15:14:45,rule2-hot,"hot, PV=gate-20, raise to keep ESS>=10",-258.0,-44.0,-44.4,249.4,248.0,39.6,23,86.1,yes
2026-08-16 15:14:55,rule2-hot,"hot, PV=gate-20, raise to keep ESS>=10",-259.0,-43.6,-43.4,248.0,249.0,39.6,23,86.1,yes
2026-08-16 15:15:05,rule3-charge,"ESS below 30 kW, raise PV to charge until 95%",-273.0,-45.3,-46.2,249.0,259.0,39.6,23,85.7,yes
2026-08-16 15:15:15,rule3-charge,"ESS below 30 kW, raise PV to charge until 95%",-274.6,-42.7,-42.5,259.0,269.0,39.6,23,85.7,yes
2026-08-16 15:15:25,rule3-charge,"ESS below 30 kW, raise PV to charge until 95%",-275.0,-40.8,-40.4,269.0,279.0,39.6,23,85.7,yes
2026-08-16 15:15:35,rule3-charge,"gate stable, stop raising",-275.8,-36.6,-36.1,279.0,279.0,39.6,23,85.7,no
2026-08-16 15:15:45,rule3-charge,"ESS below 30 kW, raise PV to charge until 95%",-274.4,-35.7,-36.7,279.0,289.0,39.6,23,85.7,yes
2026-08-16 15:15:56,rule3-charge,"ESS below 30 kW, raise PV to charge until 95%",-276.4,-34.9,-35.1,289.0,299.0,39.6,23,85.7,yes
2026-08-16 15:16:06,rule3-charge,"ESS below 30 kW, raise PV to charge until 95%",-277.6,-32.0,-31.9,299.0,309.0,39.6,23,85.3,yes
2026-08-16 15:16:16,rule3-charge,"ESS below 30 kW, raise PV to charge until 95%",-283.0,-31.4,-31.5,309.0,319.0,39.6,23,85.3,yes
2026-08-16 15:16:26,rule3-charge,"ESS below 30 kW, raise PV to charge until 95%",-282.4,-32.8,-32.8,319.0,329.0,39.6,23,85.3,yes
2026-08-16 15:16:36,rule3-charge,"ESS below 30 kW, raise PV to charge until 95%",-284.6,-28.3,-28.7,329.0,339.0,39.6,23,85.3,yes
2026-08-16 15:16:46,rule3-charge,"ESS below 30 kW, raise PV to charge until 95%",-284.2,-27.0,-27.3,339.0,349.0,39.6,23,85.3,yes
2026-08-16 15:16:56,rule3-charge,"ESS below 30 kW, raise PV to charge until 95%",-286.6,-33.3,-30.6,349.0,359.0,39.6,23,85.3,yes
2026-08-16 15:17:06,rule3-charge,"ESS below 30 kW, raise PV to charge until 95%",-285.0,-31.0,-30.5,359.0,369.0,39.6,23,85.3,yes
2026-08-16 15:17:17,rule3-charge,"charging until 95%, waiting for ESS data",-285.4,-22.9,,369.0,369.0,39.6,23,85.3,no
2026-08-16 15:17:27,rule3-charge,"ESS below 30 kW, raise PV to charge until 95%",-282.6,-17.4,-17.3,369.0,379.0,39.6,23,85.3,yes
2026-08-16 15:17:37,rule3-charge,"ESS below 30 kW, raise PV to charge until 95%",-284.2,-15.7,-16.2,379.0,389.0,39.6,23,84.9,yes
2026-08-16 15:17:47,rule3-charge,"ESS below 30 kW, raise PV to charge until 95%",-284.6,-22.7,-23.1,389.0,399.0,39.6,23,84.9,yes
2026-08-16 15:17:57,rule3-charge,"gate stable, stop raising",-285.4,-28.2,-26.8,399.0,399.0,39.6,23,84.9,no
2026-08-16 15:18:07,rule3-charge,"gate stable, stop raising",-284.8,-24.8,-25.2,399.0,399.0,39.6,23,84.9,no
2026-08-16 15:18:17,rule3-charge,"ESS below 30 kW, raise PV to charge until 95%",-271.6,-11.2,-10.8,399.0,400.0,39.6,23,84.9,yes
2026-08-16 15:18:27,rule3-charge,"ESS below 30 kW, raise PV to charge until 95%",-270.6,-4.1,-3.6,400.0,400.0,39.6,23,84.9,no
2026-08-16 15:18:37,rule3-charge,"ESS below 30 kW, raise PV to charge until 95%",-268.8,0.7,-0.4,400.0,400.0,39.6,23,84.9,no
2026-08-16 15:18:47,rule3-charge,"ESS below 30 kW, raise PV to charge until 95%",-269.6,1.4,0.8,400.0,400.0,39.6,23,84.9,no
2026-08-16 15:18:57,rule3-charge,"ESS below 30 kW, raise PV to charge until 95%",-268.0,2.1,2.1,400.0,400.0,39.6,23,84.9,no
2026-08-16 15:19:07,rule3-charge,"ESS below 30 kW, raise PV to charge until 95%",-269.0,1.6,1.8,400.0,400.0,39.6,23,84.9,no
2026-08-16 15:19:17,rule3-charge,"gate stable, stop raising",-268.4,2.9,2.1,400.0,400.0,39.6,23,84.9,no
2026-08-16 15:19:27,rule3-charge,"ESS below 30 kW, raise PV to charge until 95%",-270.8,1.4,1.9,400.0,400.0,39.6,23,84.9,no
2026-08-16 15:19:37,rule3-charge,"ESS below 30 kW, raise PV to charge until 95%",-267.6,3.2,3.7,400.0,400.0,39.6,23,84.9,no
2026-08-16 15:19:47,rule3-charge,"ESS below 30 kW, raise PV to charge until 95%",-269.6,3.5,3.5,400.0,400.0,39.6,23,84.9,no
2026-08-16 15:19:57,rule3-charge,"ESS below 30 kW, raise PV to charge until 95%",-264.4,3.9,4.3,400.0,400.0,39.6,23,84.9,no
2026-08-16 15:20:07,rule3-charge,"ESS below 30 kW, raise PV to charge until 95%",-279.4,-4.0,-4.3,400.0,400.0,39.6,23,84.9,no
2026-08-16 15:20:17,rule3-charge,"ESS below 30 kW, raise PV to charge until 95%",-279.6,-4.5,-5.4,400.0,400.0,39.6,23,84.9,no
2026-08-16 15:20:27,rule3-charge,"ESS below 30 kW, raise PV to charge until 95%",-282.4,-7.7,-8.9,400.0,400.0,39.6,23,84.9,no
2026-08-16 15:20:37,rule3-charge,"ESS below 30 kW, raise PV to charge until 95%",-279.8,-7.1,-7.3,400.0,400.0,39.6,23,84.9,no
2026-08-16 15:20:47,rule3-charge,"ESS below 30 kW, raise PV to charge until 95%",-281.8,-6.9,-7.2,400.0,400.0,39.6,23,84.9,no
2026-08-16 15:20:57,rule3-charge,"ESS below 30 kW, raise PV to charge until 95%",-281.6,-7.8,-8.1,400.0,400.0,39.6,23,84.9,no
2026-08-16 15:21:07,rule3-charge,"gate stable, stop raising",-282.4,-6.8,-7.2,400.0,400.0,39.6,23,84.9,no
2026-08-16 15:21:18,rule3-charge,"ESS below 30 kW, raise PV to charge until 95%",-267.4,-0.3,-0.2,400.0,400.0,39.6,23,84.9,no
2026-08-16 15:21:28,rule3-charge,"ESS below 30 kW, raise PV to charge until 95%",-269.2,-1.3,-1.2,400.0,400.0,39.6,23,84.9,no
2026-08-16 15:21:38,rule3-charge,"ESS below 30 kW, raise PV to charge until 95%",-269.4,-0.4,-0.1,400.0,400.0,39.6,23,84.9,no
2026-08-16 15:21:48,rule3-charge,"gate stable, stop raising",-270.2,-0.9,-0.2,400.0,400.0,39.6,23,84.9,no
2026-08-16 15:21:58,rule3-charge,"gate stable, stop raising",-269.4,-0.8,-1.1,400.0,400.0,39.6,23,84.9,no
2026-08-16 15:22:08,rule3-charge,"gate stable, stop raising",-269.4,-1.3,-2.2,400.0,400.0,39.6,23,84.9,no
2026-08-16 15:22:18,rule3-charge,"ESS below 30 kW, raise PV to charge until 95%",-266.2,0.5,0.2,400.0,400.0,39.6,23,84.9,no
2026-08-16 15:22:28,rule3-charge,"ESS below 30 kW, raise PV to charge until 95%",-267.6,-1.3,-1.5,400.0,400.0,39.6,23,84.9,no
2026-08-16 15:22:38,rule3-charge,"ESS below 30 kW, raise PV to charge until 95%",-282.6,-4.8,-4.1,400.0,400.0,39.6,23,84.9,no
2026-08-16 15:22:48,rule3-charge,"ESS below 30 kW, raise PV to charge until 95%",-281.8,-12.6,-12.8,400.0,400.0,39.6,23,84.9,no
2026-08-16 15:22:58,rule3-charge,"gate stable, stop raising",-281.2,-12.6,-12.5,400.0,400.0,39.6,23,84.9,no
2026-08-16 15:23:09,rule3-charge,"gate stable, stop raising",-281.2,-17.0,-16.2,400.0,400.0,39.6,23,84.9,no
2026-08-16 15:23:19,rule3-charge,"gate stable, stop raising",-281.2,-21.4,-21.7,400.0,400.0,39.6,23,84.9,no
2026-08-16 15:23:29,rule3-charge,"gate stable, stop raising",-282.0,-23.4,-23.8,400.0,400.0,39.6,20,84.9,no
2026-08-16 15:23:39,rule3-charge,"ESS below 30 kW, raise PV to charge until 95%",-283.8,-23.6,-23.8,400.0,400.0,39.6,20,84.9,no
2026-08-16 15:23:49,rule3-charge,"ESS below 30 kW, raise PV to charge until 95%",-261.8,-10.4,-10.0,400.0,400.0,39.6,20,84.9,no
2026-08-16 15:23:59,rule3-charge,"ESS below 30 kW, raise PV to charge until 95%",-262.2,-11.8,-11.8,400.0,400.0,39.6,20,84.9,no
2026-08-16 15:24:10,rule3-charge,"ESS below 30 kW, raise PV to charge until 95%",-263.4,-20.9,-21.5,400.0,400.0,39.6,20,84.5,no
2026-08-16 15:24:20,rule3-charge,"ESS below 30 kW, raise PV to charge until 95%",-262.2,-24.7,-24.7,400.0,400.0,39.6,20,84.5,no
2026-08-16 15:24:30,rule3-charge,"ESS below 30 kW, raise PV to charge until 95%",-262.2,-26.0,-26.0,400.0,400.0,39.6,20,84.5,no
2026-08-16 15:24:40,rule3-charge,"gate stable, stop raising",-262.0,-23.4,-23.3,400.0,400.0,39.6,20,84.5,no
2026-08-16 15:24:50,rule3-charge,"gate stable, stop raising",-262.8,-17.4,-16.7,400.0,400.0,39.6,20,84.5,no
2026-08-16 15:25:00,rule3-charge,"gate stable, stop raising",-262.4,-12.2,-12.9,400.0,400.0,39.6,20,84.5,no
2026-08-16 15:25:11,rule3-charge,"ESS below 30 kW, raise PV to charge until 95%",-264.0,-11.8,-11.9,400.0,400.0,39.6,20,84.5,no
2026-08-16 15:25:21,rule3-charge,"ESS below 30 kW, raise PV to charge until 95%",-265.8,-10.2,-10.6,400.0,400.0,39.6,20,84.5,no
2026-08-16 15:25:31,rule3-charge,"ESS below 30 kW, raise PV to charge until 95%",-280.0,-14.8,-15.5,400.0,400.0,39.6,20,84.5,no
2026-08-16 15:25:41,rule3-charge,"ESS below 30 kW, raise PV to charge until 95%",-279.0,-15.9,-17.0,400.0,400.0,39.6,20,84.5,no
2026-08-16 15:25:51,rule3-charge,"gate stable, stop raising",-278.2,-18.3,-17.8,400.0,400.0,39.6,20,84.5,no
2026-08-16 15:26:01,rule3-charge,"ESS below 30 kW, raise PV to charge until 95%",-275.8,-10.4,-12.4,400.0,400.0,39.6,20,84.5,no
2026-08-16 15:26:12,rule3-charge,"ESS below 30 kW, raise PV to charge until 95%",-276.6,-6.9,-6.6,400.0,400.0,39.6,20,84.5,no
2026-08-16 15:26:22,rule3-charge,"ESS below 30 kW, raise PV to charge until 95%",-261.0,-5.3,0.6,400.0,400.0,39.6,20,84.5,no
2026-08-16 15:26:32,rule3-charge,"ESS below 30 kW, raise PV to charge until 95%",-262.8,-0.4,-0.3,400.0,400.0,39.6,20,84.5,no
2026-08-16 15:26:42,rule3-charge,"ESS below 30 kW, raise PV to charge until 95%",-261.4,-0.9,-1.1,400.0,400.0,39.6,20,84.5,no
2026-08-16 15:26:52,rule3-charge,"ESS below 30 kW, raise PV to charge until 95%",-262.0,-1.7,-1.3,400.0,400.0,39.6,20,84.5,no
2026-08-16 15:27:02,rule3-charge,"ESS below 30 kW, raise PV to charge until 95%",-260.6,-1.4,-1.3,400.0,400.0,39.6,20,84.5,no
2026-08-16 15:27:13,rule3-charge,"ESS below 30 kW, raise PV to charge until 95%",-262.0,-5.5,-5.3,400.0,400.0,39.6,20,84.5,no
2026-08-16 15:27:23,rule3-charge,"ESS below 30 kW, raise PV to charge until 95%",-260.8,-11.4,-10.0,400.0,400.0,39.6,20,84.5,no
2026-08-16 15:27:33,rule3-charge,"ESS below 30 kW, raise PV to charge until 95%",-262.8,-13.7,-14.3,400.0,400.0,39.6,20,84.5,no
2026-08-16 15:27:43,rule3-charge,"ESS below 30 kW, raise PV to charge until 95%",-268.8,-12.8,-12.6,400.0,400.0,39.6,20,84.5,no
2026-08-16 15:27:53,rule3-charge,"ESS below 30 kW, raise PV to charge until 95%",-284.8,-19.2,-14.5,400.0,400.0,39.6,20,84.5,no
2026-08-16 15:28:03,rule3-charge,"ESS below 30 kW, raise PV to charge until 95%",-283.8,-14.6,-15.1,400.0,400.0,39.6,20,84.5,no
2026-08-16 15:28:14,rule3-charge,"ESS below 30 kW, raise PV to charge until 95%",-286.8,-14.9,-15.3,400.0,400.0,39.6,20,84.1,no
2026-08-16 15:28:24,rule3-charge,"ESS below 30 kW, raise PV to charge until 95%",-286.8,-22.7,-22.6,400.0,400.0,39.6,20,84.1,no
2026-08-16 15:28:34,rule3-charge,"ESS below 30 kW, raise PV to charge until 95%",-288.8,-28.4,-28.4,400.0,400.0,39.6,20,84.1,no
2026-08-16 15:28:44,rule3-charge,"ESS below 30 kW, raise PV to charge until 95%",-284.8,-31.9,-31.0,400.0,400.0,39.6,20,84.1,no
2026-08-16 15:28:54,rule3-charge,"ESS below 30 kW, raise PV to charge until 95%",-282.6,-29.8,-28.6,400.0,400.0,39.6,20,84.1,no
2026-08-16 15:29:04,rule3-charge,"ESS below 30 kW, raise PV to charge until 95%",-268.8,-17.1,-17.3,400.0,400.0,39.6,20,84.1,no
2026-08-16 15:29:15,rule3-charge,"ESS below 30 kW, raise PV to charge until 95%",-269.4,-9.0,-9.9,400.0,400.0,39.6,20,84.1,no
2026-08-16 15:29:25,rule3-charge,"gate stable, stop raising",-269.0,-3.8,-5.0,400.0,400.0,39.6,20,84.1,no
2026-08-16 15:29:35,rule3-charge,"gate stable, stop raising",-269.6,-3.2,-3.2,400.0,400.0,39.6,20,84.1,no
2026-08-16 15:29:45,rule3-charge,"ESS below 30 kW, raise PV to charge until 95%",-265.4,-3.5,-4.1,400.0,400.0,39.6,20,84.1,no
2026-08-16 15:29:55,rule3-charge,"ESS below 30 kW, raise PV to charge until 95%",-266.8,-6.7,-7.1,400.0,400.0,39.6,20,84.1,no
2026-08-16 15:30:05,rule3-charge,"ESS below 30 kW, raise PV to charge until 95%",-264.4,-6.1,-6.2,400.0,400.0,39.6,20,84.1,no
2026-08-16 15:30:16,rule3-charge,"charging until 95%, waiting for ESS data",-265.2,-4.7,,400.0,400.0,39.6,20,84.1,no
2026-08-16 15:30:26,rule3-charge,"charging until 95%, waiting for ESS data",-260.8,-2.2,,400.0,400.0,39.6,20,84.1,no
2026-08-16 15:30:36,rule3-charge,"ESS below 30 kW, raise PV to charge until 95%",-264.0,-0.1,-0.5,400.0,400.0,39.6,20,84.1,no
2026-08-16 15:30:46,rule3-charge,"ESS below 30 kW, raise PV to charge until 95%",-274.8,-7.6,-0.4,400.0,400.0,39.6,20,84.1,no
2026-08-16 15:30:56,rule3-charge,"ESS below 30 kW, raise PV to charge until 95%",-276.6,-10.7,-11.9,400.0,400.0,39.6,20,84.1,no
2026-08-16 15:31:06,rule3-charge,"ESS below 30 kW, raise PV to charge until 95%",-276.2,-17.9,-16.9,400.0,400.0,39.6,20,84.1,no
2026-08-16 15:31:16,rule3-charge,"gate stable, stop raising",-276.0,-22.9,-24.6,400.0,400.0,39.6,20,84.1,no
2026-08-16 15:31:26,rule3-charge,"ESS below 30 kW, raise PV to charge until 95%",-277.8,-29.0,-28.3,400.0,400.0,39.6,20,84.1,no
2026-08-16 15:31:37,rule3-charge,"ESS below 30 kW, raise PV to charge until 95%",-277.2,-29.1,-29.3,400.0,400.0,39.6,20,83.7,no
2026-08-16 15:31:47,rule3-charge,"ESS below 30 kW, raise PV to charge until 95%",-263.0,-23.3,-22.9,400.0,400.0,39.6,20,83.7,no
2026-08-16 15:31:57,rule3-charge,"ESS below 30 kW, raise PV to charge until 95%",-283.8,-21.4,-22.5,400.0,400.0,39.6,20,83.7,no
2026-08-16 15:32:07,rule3-charge,"ESS below 30 kW, raise PV to charge until 95%",-286.4,-29.7,-31.1,400.0,400.0,39.6,20,83.7,no
2026-08-16 15:32:17,rule3-charge,"ESS below 30 kW, raise PV to charge until 95%",-279.6,-19.4,-18.1,400.0,400.0,39.6,20,83.7,no
2026-08-16 15:32:27,rule3-charge,"ESS below 30 kW, raise PV to charge until 95%",-260.2,-3.5,-0.5,400.0,400.0,39.6,20,83.7,no
2026-08-16 15:32:37,rule3-charge,"ESS below 30 kW, raise PV to charge until 95%",-260.0,3.6,4.1,400.0,400.0,39.6,20,83.7,no
2026-08-16 15:32:48,rule3-charge,"gate stable, stop raising",-260.4,1.3,2.1,400.0,400.0,39.6,20,83.7,no
2026-08-16 15:32:58,rule3-charge,"gate stable, stop raising",-260.8,-3.7,-2.2,400.0,400.0,39.6,20,83.7,no
2026-08-16 15:33:08,rule3-charge,"ESS below 30 kW, raise PV to charge until 95%",-271.6,-8.0,-14.2,400.0,400.0,39.6,20,83.7,no
2026-08-16 15:33:18,rule3-charge,"ESS below 30 kW, raise PV to charge until 95%",-270.6,-18.1,-18.3,400.0,400.0,39.6,20,83.7,no
2026-08-16 15:33:28,rule3-charge,"gate stable, stop raising",-271.6,-18.3,-18.6,400.0,400.0,39.6,20,83.7,no
2026-08-16 15:33:38,rule3-charge,"ESS below 30 kW, raise PV to charge until 95%",-269.8,-15.6,-15.7,400.0,400.0,39.6,20,83.7,no
2026-08-16 15:34:00,rule3-charge,"ESS below 30 kW, raise PV to charge until 95%",-266.0,-7.6,-7.4,400.0,400.0,39.6,20,83.7,no
2026-08-16 15:34:10,rule3-charge,"ESS below 30 kW, raise PV to charge until 95%",-250.4,-5.5,-5.7,400.0,400.0,39.6,20,83.7,no
2026-08-16 15:34:20,rule3-charge,"ESS below 30 kW, raise PV to charge until 95%",-240.8,5.3,4.6,400.0,400.0,39.6,20,83.7,no
2026-08-16 15:34:30,rule3-charge,"ESS below 30 kW, raise PV to charge until 95%",-243.8,1.1,2.2,400.0,400.0,39.6,20,83.7,no
2026-08-16 15:34:40,rule3-charge,"ESS below 30 kW, raise PV to charge until 95%",-243.4,-2.8,-2.4,400.0,400.0,39.6,20,83.7,no
2026-08-16 15:34:50,rule3-charge,"ESS below 30 kW, raise PV to charge until 95%",-245.4,-3.5,-3.3,400.0,400.0,39.6,20,83.7,no
2026-08-16 15:35:00,rule3-charge,"ESS below 30 kW, raise PV to charge until 95%",-236.0,3.2,0.0,400.0,400.0,39.6,20,83.7,no
2026-08-16 15:35:10,rule3-charge,"ESS below 30 kW, raise PV to charge until 95%",-234.8,5.9,4.8,400.0,400.0,39.6,20,83.7,no
2026-08-16 15:35:20,rule3-charge,"ESS below 30 kW, raise PV to charge until 95%",-234.6,4.9,5.4,400.0,400.0,39.6,20,83.7,no
2026-08-16 15:35:31,rule3-charge,"ESS below 30 kW, raise PV to charge until 95%",-233.2,2.0,0.7,400.0,400.0,39.6,20,83.7,no
2026-08-16 15:35:41,rule3-charge,"ESS below 30 kW, raise PV to charge until 95%",-230.8,-0.4,-1.6,400.0,400.0,39.6,20,83.7,no
2026-08-16 15:35:51,rule3-charge,"ESS below 30 kW, raise PV to charge until 95%",-229.4,-5.3,-6.1,400.0,400.0,39.6,20,83.7,no
2026-08-16 15:36:01,rule3-charge,"ESS below 30 kW, raise PV to charge until 95%",-226.6,-8.1,-8.4,400.0,400.0,39.6,20,83.7,no
2026-08-16 15:36:11,rule3-charge,"ESS below 30 kW, raise PV to charge until 95%",-230.0,-3.3,-2.7,400.0,400.0,39.6,20,83.7,no
2026-08-16 15:36:21,rule3-charge,"ESS below 30 kW, raise PV to charge until 95%",-226.6,-1.9,-3.8,400.0,400.0,39.6,20,83.7,no
2026-08-16 15:36:31,rule3-charge,"ESS below 30 kW, raise PV to charge until 95%",-227.0,-4.0,-4.9,400.0,400.0,39.6,20,83.7,no
2026-08-16 15:36:41,rule3-charge,"ESS below 30 kW, raise PV to charge until 95%",-225.4,-6.0,-5.5,400.0,400.0,39.6,20,83.7,no
2026-08-16 15:36:52,rule3-charge,"ESS below 30 kW, raise PV to charge until 95%",-222.8,-7.1,-7.7,400.0,400.0,39.6,20,83.7,no
2026-08-16 15:37:02,rule3-charge,"ESS below 30 kW, raise PV to charge until 95%",-233.4,-6.9,-7.1,400.0,400.0,39.6,20,83.7,no
2026-08-16 15:37:12,rule3-charge,"ESS below 30 kW, raise PV to charge until 95%",-226.6,-5.6,-5.8,400.0,400.0,39.6,20,83.3,no
2026-08-16 15:37:22,rule3-charge,"ESS below 30 kW, raise PV to charge until 95%",-228.2,-2.5,-2.5,400.0,400.0,39.6,20,83.3,no
2026-08-16 15:37:32,rule3-charge,"ESS below 30 kW, raise PV to charge until 95%",-229.0,-2.8,-0.9,400.0,400.0,39.6,20,83.3,no
2026-08-16 15:37:42,rule3-charge,"gate stable, stop raising",-229.0,-3.8,-3.3,400.0,400.0,39.6,20,83.3,no
2026-08-16 15:37:53,rule3-charge,"gate stable, stop raising",-228.0,-6.9,-7.8,400.0,400.0,39.6,20,83.3,no
2026-08-16 15:38:03,rule3-charge,"ESS below 30 kW, raise PV to charge until 95%",-234.2,-13.0,-14.4,400.0,400.0,39.6,20,83.3,no
2026-08-16 15:38:13,rule3-charge,"ESS below 30 kW, raise PV to charge until 95%",-233.4,-12.6,-13.2,400.0,400.0,39.6,20,83.3,no
2026-08-16 15:38:23,rule3-charge,"gate stable, stop raising",-232.8,-12.4,-11.8,400.0,400.0,39.6,20,83.3,no
2026-08-16 15:38:33,rule3-charge,"ESS below 30 kW, raise PV to charge until 95%",-237.6,-11.8,-11.5,400.0,400.0,39.6,20,83.3,no
2026-08-16 15:38:43,rule3-charge,"ESS below 30 kW, raise PV to charge until 95%",-233.2,-10.5,-10.3,400.0,400.0,39.6,20,83.3,no
2026-08-16 15:38:54,rule3-charge,"ESS below 30 kW, raise PV to charge until 95%",-247.4,-10.9,-12.1,400.0,400.0,39.6,20,83.3,no
2026-08-16 15:39:04,rule3-charge,"ESS below 30 kW, raise PV to charge until 95%",-252.8,-10.2,-11.0,400.0,400.0,39.6,20,83.3,no
2026-08-16 15:39:14,rule3-charge,"ESS below 30 kW, raise PV to charge until 95%",-253.8,-11.1,-11.5,400.0,400.0,39.6,20,83.3,no
2026-08-16 15:39:24,rule3-charge,"gate stable, stop raising",-252.8,-15.9,-15.3,400.0,400.0,39.6,20,83.3,no
2026-08-16 15:39:34,rule3-charge,"ESS below 30 kW, raise PV to charge until 95%",-250.8,-16.1,-16.1,400.0,400.0,39.6,20,83.3,no
2026-08-16 15:39:44,rule3-charge,"ESS below 30 kW, raise PV to charge until 95%",-234.0,-9.6,-9.4,400.0,400.0,39.6,20,83.3,no
2026-08-16 15:39:55,rule3-charge,"ESS below 30 kW, raise PV to charge until 95%",-247.4,-14.5,-17.1,400.0,400.0,39.6,20,83.3,no
2026-08-16 15:40:05,rule3-charge,"ESS below 30 kW, raise PV to charge until 95%",-245.2,-21.0,-21.7,400.0,400.0,39.6,20,83.3,no
2026-08-16 15:40:15,rule3-charge,"ESS below 30 kW, raise PV to charge until 95%",-242.6,-22.3,-21.7,400.0,400.0,39.6,20,83.3,no
2026-08-16 15:40:25,rule3-charge,"ESS below 30 kW, raise PV to charge until 95%",-245.4,-21.8,-21.9,400.0,400.0,39.6,20,83.3,no
2026-08-16 15:40:35,rule3-charge,"ESS below 30 kW, raise PV to charge until 95%",-242.6,-20.7,-21.7,400.0,400.0,39.6,20,83.3,no
2026-08-16 15:40:45,rule3-charge,"ESS below 30 kW, raise PV to charge until 95%",-243.4,-19.4,-19.6,400.0,400.0,39.6,20,83.3,no
2026-08-16 15:40:56,rule3-charge,"ESS below 30 kW, raise PV to charge until 95%",-246.0,-20.2,-19.4,400.0,400.0,39.6,20,83.3,no
2026-08-16 15:41:06,rule3-charge,"ESS below 30 kW, raise PV to charge until 95%",-264.0,-29.0,-29.2,400.0,400.0,39.6,20,82.9,no
2026-08-16 15:41:16,rule3-charge,"ESS below 30 kW, raise PV to charge until 95%",-264.6,-32.6,-31.3,400.0,400.0,39.6,20,82.9,no
2026-08-16 15:41:26,rule3-charge,"ESS below 30 kW, raise PV to charge until 95%",-256.4,-33.7,-33.2,400.0,400.0,39.6,20,82.9,no
2026-08-16 15:41:36,rule3-charge,"ESS below 30 kW, raise PV to charge until 95%",-252.4,-29.3,-28.1,400.0,400.0,39.6,20,82.9,no
2026-08-16 15:41:46,rule3-charge,"ESS below 30 kW, raise PV to charge until 95%",-265.4,-39.8,-40.9,400.0,400.0,39.6,20,82.9,no
2026-08-16 15:41:57,rule3-charge,"ESS below 30 kW, raise PV to charge until 95%",-262.6,-44.8,-45.9,400.0,400.0,39.6,20,82.9,no
2026-08-16 15:42:07,rule3-charge,"ESS below 30 kW, raise PV to charge until 95%",-254.4,-43.0,-43.9,400.0,400.0,39.6,20,82.9,no
2026-08-16 15:42:17,rule3-charge,"ESS below 30 kW, raise PV to charge until 95%",-245.2,-35.9,-36.4,400.0,400.0,39.6,20,82.9,no
2026-08-16 15:42:27,rule3-charge,"ESS below 30 kW, raise PV to charge until 95%",-247.2,-35.5,-36.0,400.0,400.0,39.6,20,82.9,no
2026-08-16 15:42:37,rule3-charge,"ESS below 30 kW, raise PV to charge until 95%",-248.2,-34.0,-33.5,400.0,400.0,39.6,20,82.6,no
2026-08-16 15:42:47,rule3-charge,"ESS below 30 kW, raise PV to charge until 95%",-249.8,-34.2,-34.5,400.0,400.0,39.6,20,82.6,no
2026-08-16 15:42:58,rule3-charge,"ESS below 30 kW, raise PV to charge until 95%",-248.8,-34.9,-34.2,400.0,400.0,39.6,20,82.6,no
2026-08-16 15:43:08,rule3-charge,"ESS below 30 kW, raise PV to charge until 95%",-250.4,-37.1,-37.5,400.0,400.0,39.6,20,82.6,no
2026-08-16 15:43:18,rule3-charge,"charging until 95%, waiting for ESS data",-248.8,-38.2,,400.0,400.0,39.6,20,82.6,no
2026-08-16 15:43:28,rule3-charge,"charging until 95%, waiting for ESS data",-250.0,-40.6,,400.0,400.0,39.6,20,82.6,no
2026-08-16 15:43:38,rule3-charge,"ESS below 30 kW, raise PV to charge until 95%",-248.2,-40.0,-40.9,400.0,400.0,39.6,20,82.2,no
2026-08-16 15:43:48,rule3-charge,"ESS below 30 kW, raise PV to charge until 95%",-248.6,-41.6,-42.2,400.0,400.0,39.6,20,82.2,no
2026-08-16 15:44:11,rule3-charge,"ESS below 30 kW, raise PV to charge until 95%",-251.4,-47.3,-47.2,400.0,400.0,39.6,20,82.2,no
2026-08-16 15:44:21,rule3-charge,"ESS below 30 kW, raise PV to charge until 95%",-251.0,-47.4,-47.7,400.0,400.0,39.6,20,82.2,no
2026-08-16 15:44:31,rule3-charge,"ESS below 30 kW, raise PV to charge until 95%",-252.2,-48.7,-48.9,400.0,400.0,39.6,20,82.2,no
2026-08-16 15:44:41,rule3-charge,"ESS below 30 kW, raise PV to charge until 95%",-253.2,-49.8,-49.7,400.0,400.0,39.6,20,82.2,no
2026-08-16 15:44:51,rule3-charge,"gate stable, stop raising",-253.0,-50.8,-50.6,400.0,400.0,39.6,20,82.2,no
2026-08-16 15:45:01,rule3-charge,"ESS below 30 kW, raise PV to charge until 95%",-251.6,-49.9,-49.9,400.0,400.0,39.6,20,82.2,no
2026-08-16 15:45:11,rule3-charge,"ESS below 30 kW, raise PV to charge until 95%",-266.0,-50.6,-50.5,400.0,400.0,39.6,20,81.8,no
2026-08-16 15:45:21,rule3-charge,"ESS below 30 kW, raise PV to charge until 95%",-265.4,-57.3,-57.6,400.0,400.0,39.6,20,81.8,no
2026-08-16 15:45:31,rule3-charge,"ESS below 30 kW, raise PV to charge until 95%",-270.6,-59.5,-62.7,400.0,400.0,39.6,20,81.8,no
2026-08-16 15:45:41,rule3-charge,"ESS below 30 kW, raise PV to charge until 95%",-264.4,-58.0,-58.6,400.0,400.0,39.6,20,81.4,no
2026-08-16 15:45:51,rule3-charge,"ESS below 30 kW, raise PV to charge until 95%",-264.4,-55.1,-54.7,400.0,400.0,39.6,20,81.4,no
2026-08-16 15:46:01,rule3-charge,"gate stable, stop raising",-264.6,-54.3,-54.0,400.0,400.0,39.6,20,81.4,no
2026-08-16 15:46:11,rule3-charge,"ESS below 30 kW, raise PV to charge until 95%",-255.4,-56.2,-55.9,400.0,400.0,39.6,20,81.4,no
2026-08-16 15:46:21,rule3-charge,"ESS below 30 kW, raise PV to charge until 95%",-254.0,-50.0,-49.6,400.0,400.0,39.6,20,81.4,no
2026-08-16 15:46:31,rule3-charge,"ESS below 30 kW, raise PV to charge until 95%",-254.8,-51.7,-49.9,400.0,400.0,39.6,20,81.4,no
2026-08-16 15:46:41,rule3-charge,"ESS below 30 kW, raise PV to charge until 95%",-252.2,-49.8,-49.5,400.0,400.0,39.6,20,81.0,no
2026-08-16 15:46:51,rule3-charge,"ESS below 30 kW, raise PV to charge until 95%",-253.8,-49.9,-50.2,400.0,400.0,39.6,20,81.0,no
2026-08-16 15:47:01,rule3-charge,"ESS below 30 kW, raise PV to charge until 95%",-252.4,-49.3,-49.6,400.0,400.0,39.6,20,81.0,no
2026-08-16 15:47:12,rule3-charge,"ESS below 30 kW, raise PV to charge until 95%",-253.8,-47.2,-47.2,400.0,400.0,39.6,20,81.0,no
2026-08-16 15:47:22,rule3-charge,"ESS below 30 kW, raise PV to charge until 95%",-254.4,-47.8,-47.8,400.0,400.0,39.6,20,81.0,no
2026-08-16 15:47:32,rule3-charge,"ESS below 30 kW, raise PV to charge until 95%",-252.6,-50.7,-50.7,400.0,400.0,39.6,20,80.6,no
2026-08-16 15:47:42,rule3-charge,"ESS below 30 kW, raise PV to charge until 95%",-255.0,-54.4,-54.6,400.0,400.0,39.6,20,80.6,no
2026-08-16 15:47:52,rule3-charge,"ESS below 30 kW, raise PV to charge until 95%",-246.0,-51.5,-50.8,400.0,400.0,39.6,20,80.6,no
2026-08-16 15:48:02,rule3-charge,"ESS below 30 kW, raise PV to charge until 95%",-242.2,-51.3,-51.0,400.0,400.0,39.6,20,80.6,no
2026-08-16 15:48:12,rule3-charge,"ESS below 30 kW, raise PV to charge until 95%",-240.4,-49.9,-50.2,400.0,400.0,39.6,20,80.6,no
2026-08-16 15:48:22,rule3-charge,"ESS below 30 kW, raise PV to charge until 95%",-239.6,-50.4,-50.2,400.0,400.0,39.6,20,80.6,no
2026-08-16 15:48:33,rule3-charge,"gate stable, stop raising",-239.4,-49.2,-50.4,400.0,400.0,39.6,20,80.2,no
2026-08-16 15:48:43,rule3-charge,"ESS below 30 kW, raise PV to charge until 95%",-255.4,-53.3,-53.0,400.0,400.0,39.6,20,80.2,no
2026-08-16 15:48:53,rule3-charge,"ESS below 30 kW, raise PV to charge until 95%",-249.4,-55.6,-55.6,400.0,400.0,39.6,20,80.2,no
2026-08-16 15:49:03,rule3-charge,"ESS below 30 kW, raise PV to charge until 95%",-251.6,-56.5,-56.2,400.0,400.0,39.6,20,80.2,no
2026-08-16 15:49:13,rule3-charge,"ESS below 30 kW, raise PV to charge until 95%",-250.6,-56.7,-57.5,400.0,400.0,39.6,20,80.2,no
2026-08-16 15:49:23,rule3-charge,"gate stable, stop raising",-251.2,-58.9,-57.8,400.0,400.0,39.6,20,80.2,no
2026-08-16 15:49:34,rule3-charge,"ESS below 30 kW, raise PV to charge until 95%",-245.6,-55.9,-55.3,400.0,400.0,39.6,20,79.8,no
2026-08-16 15:49:44,rule3-charge,"ESS below 30 kW, raise PV to charge until 95%",-246.2,-55.4,-55.9,400.0,400.0,39.6,20,79.8,no
2026-08-16 15:49:54,rule3-charge,"gate stable, stop raising",-246.4,-56.3,-55.9,400.0,400.0,39.6,20,79.8,no
2026-08-16 15:50:04,rule3-charge,"ESS below 30 kW, raise PV to charge until 95%",-247.6,-55.4,-57.1,400.0,400.0,39.6,20,79.8,no
2026-08-16 15:50:14,rule3-charge,"ESS below 30 kW, raise PV to charge until 95%",-247.8,-56.9,-56.9,400.0,400.0,39.6,20,79.8,no
2026-08-16 15:50:24,rule3-charge,"gate stable, stop raising",-247.8,-56.2,-57.9,400.0,400.0,39.6,20,79.8,no
2026-08-16 15:50:35,rule3-charge,"ESS below 30 kW, raise PV to charge until 95%",-251.6,-59.5,-58.7,400.0,400.0,39.6,20,79.4,no
2026-08-16 15:50:45,rule3-charge,"ESS below 30 kW, raise PV to charge until 95%",-251.8,-58.7,-58.9,400.0,400.0,39.6,20,79.4,no
2026-08-16 15:50:55,rule3-charge,"ESS below 30 kW, raise PV to charge until 95%",-253.0,-59.7,-60.1,400.0,400.0,39.6,20,79.4,no
2026-08-16 15:51:05,rule3-charge,"ESS below 30 kW, raise PV to charge until 95%",-248.0,-57.0,-57.5,400.0,400.0,39.6,20,79.1,no
2026-08-16 15:51:15,rule3-charge,"ESS below 30 kW, raise PV to charge until 95%",-246.8,-56.8,-57.3,400.0,400.0,39.6,20,79.1,no
2026-08-16 15:51:26,rule3-charge,"ESS below 30 kW, raise PV to charge until 95%",-246.4,-56.1,-56.6,400.0,400.0,39.6,20,79.1,no
2026-08-16 15:51:36,rule3-charge,"ESS below 30 kW, raise PV to charge until 95%",-257.6,-61.5,-62.2,400.0,400.0,39.6,20,79.1,no
2026-08-16 15:51:46,rule3-charge,"ESS below 30 kW, raise PV to charge until 95%",-252.0,-59.4,-58.6,400.0,400.0,39.6,20,79.1,no
2026-08-16 15:51:56,rule3-charge,"ESS below 30 kW, raise PV to charge until 95%",-260.0,-62.7,-62.5,400.0,400.0,39.6,20,79.1,no
2026-08-16 15:52:06,rule3-charge,"ESS below 30 kW, raise PV to charge until 95%",-254.6,-59.7,-59.9,400.0,400.0,39.6,20,78.7,no
2026-08-16 15:52:16,rule3-charge,"ESS below 30 kW, raise PV to charge until 95%",-256.4,-60.1,-59.8,400.0,400.0,39.6,20,78.7,no
2026-08-16 15:52:26,rule3-charge,"ESS below 30 kW, raise PV to charge until 95%",-254.4,-58.1,-58.7,400.0,400.0,39.6,20,78.7,no
2026-08-16 15:52:37,rule3-charge,"ESS below 30 kW, raise PV to charge until 95%",-257.0,-58.7,-58.8,400.0,400.0,39.6,20,78.7,no
2026-08-16 15:52:47,rule3-charge,"ESS below 30 kW, raise PV to charge until 95%",-255.8,-58.6,-61.4,400.0,400.0,39.6,20,78.7,no
2026-08-16 15:52:57,rule3-charge,"ESS below 30 kW, raise PV to charge until 95%",-255.8,-56.5,-56.4,400.0,400.0,39.6,20,78.7,no
2026-08-16 15:53:08,rule3-charge,"ESS below 30 kW, raise PV to charge until 95%",-251.0,-50.5,-51.5,400.0,400.0,39.6,20,78.3,no
2026-08-16 15:53:18,rule3-charge,"ESS below 30 kW, raise PV to charge until 95%",-247.4,-42.3,-43.4,400.0,400.0,39.6,20,78.3,no
2026-08-16 15:53:28,rule3-charge,"ESS below 30 kW, raise PV to charge until 95%",-248.2,-40.3,-39.8,400.0,400.0,39.6,20,78.3,no
2026-08-16 15:53:38,rule3-charge,"gate stable, stop raising",-247.8,-37.2,-37.6,400.0,400.0,39.6,20,77.9,no
2026-08-16 15:53:48,rule3-charge,"gate stable, stop raising",-247.0,-34.2,-35.0,400.0,400.0,39.6,20,77.9,no
2026-08-16 15:53:58,rule3-charge,"ESS below 30 kW, raise PV to charge until 95%",-245.6,-32.0,-31.8,400.0,400.0,39.5,23,77.9,no
2026-08-16 15:54:10,rule3-charge,"ESS below 30 kW, raise PV to charge until 95%",-247.0,-32.7,-33.1,400.0,400.0,39.5,23,77.9,no
2026-08-16 15:54:20,rule3-charge,"ESS below 30 kW, raise PV to charge until 95%",-245.4,-31.8,-31.8,400.0,400.0,39.5,23,77.9,no
2026-08-16 15:54:30,rule3-charge,"ESS below 30 kW, raise PV to charge until 95%",-243.4,-28.5,-29.3,400.0,400.0,39.5,23,77.9,no
2026-08-16 15:54:40,rule3-charge,"ESS below 30 kW, raise PV to charge until 95%",-243.0,-26.8,-26.7,400.0,400.0,39.5,23,77.9,no
2026-08-16 15:54:50,rule3-charge,"gate stable, stop raising",-243.6,-27.5,-27.1,400.0,400.0,39.5,23,77.9,no
2026-08-16 15:55:00,rule3-charge,"ESS below 30 kW, raise PV to charge until 95%",-241.2,-27.3,-27.4,400.0,400.0,39.5,23,77.9,no
2026-08-16 15:55:10,rule3-charge,"ESS below 30 kW, raise PV to charge until 95%",-242.0,-28.6,-28.7,400.0,400.0,39.5,23,77.9,no
2026-08-16 15:55:20,rule3-charge,"gate stable, stop raising",-241.8,-29.2,-27.9,400.0,400.0,39.5,23,77.9,no
2026-08-16 15:55:30,rule3-charge,"gate stable, stop raising",-242.6,-28.6,-28.1,400.0,400.0,39.5,23,77.9,no
2026-08-16 15:55:40,rule3-charge,"ESS below 30 kW, raise PV to charge until 95%",-240.6,-31.0,-30.8,400.0,400.0,39.5,23,77.5,no
2026-08-16 15:55:50,rule3-charge,"ESS below 30 kW, raise PV to charge until 95%",-243.8,-36.7,-35.7,400.0,400.0,39.5,23,77.5,no
2026-08-16 15:56:00,rule3-charge,"ESS below 30 kW, raise PV to charge until 95%",-245.4,-39.2,-39.4,400.0,400.0,39.5,23,77.5,no
2026-08-16 15:56:10,rule3-charge,"ESS below 30 kW, raise PV to charge until 95%",-247.8,-37.4,-37.6,400.0,400.0,39.5,23,77.5,no
2026-08-16 15:56:20,rule3-charge,"charging until 95%, waiting for ESS data",-243.6,-32.8,,400.0,400.0,39.5,23,77.5,no
2026-08-16 15:56:30,rule3-charge,"charging until 95%, waiting for ESS data",-243.8,-26.7,,400.0,400.0,39.5,23,77.5,no
2026-08-16 15:56:41,rule3-charge,"ESS below 30 kW, raise PV to charge until 95%",-244.4,-24.8,-23.9,400.0,400.0,39.5,23,77.5,no
2026-08-16 15:56:51,rule3-charge,"ESS below 30 kW, raise PV to charge until 95%",-244.4,-22.2,-22.2,400.0,400.0,39.5,23,77.5,no
2026-08-16 15:57:01,rule3-charge,"ESS below 30 kW, raise PV to charge until 95%",-243.0,-20.5,-21.4,400.0,400.0,39.5,23,77.5,no
2026-08-16 15:57:12,rule3-charge,"ESS below 30 kW, raise PV to charge until 95%",-243.8,-22.2,-21.6,400.0,400.0,39.5,23,77.1,no
2026-08-16 15:57:22,rule3-charge,"gate stable, stop raising",-244.6,-24.4,-24.3,400.0,400.0,39.5,23,77.1,no
2026-08-16 15:57:32,rule3-charge,"ESS below 30 kW, raise PV to charge until 95%",-246.6,-27.6,-28.8,400.0,400.0,39.5,23,77.1,no
2026-08-16 15:57:42,rule3-charge,"ESS below 30 kW, raise PV to charge until 95%",-246.8,-32.6,-32.7,400.0,400.0,39.5,23,77.1,no
2026-08-16 15:57:52,rule3-charge,"gate stable, stop raising",-246.4,-37.1,-37.0,400.0,400.0,39.5,23,77.1,no
2026-08-16 15:58:02,rule3-charge,"ESS below 30 kW, raise PV to charge until 95%",-244.0,-40.3,-41.3,400.0,400.0,39.5,23,77.1,no
2026-08-16 15:58:12,rule3-charge,"ESS below 30 kW, raise PV to charge until 95%",-243.6,-42.7,-42.6,400.0,400.0,39.5,23,77.1,no
2026-08-16 15:58:22,rule3-charge,"ESS below 30 kW, raise PV to charge until 95%",-245.2,-44.6,-44.0,400.0,400.0,39.5,23,77.1,no
2026-08-16 15:58:32,rule3-charge,"ESS below 30 kW, raise PV to charge until 95%",-244.6,-44.8,-44.8,400.0,400.0,39.5,23,76.7,no
2026-08-16 15:58:43,rule3-charge,"gate stable, stop raising",-244.6,-44.3,-44.7,400.0,400.0,39.5,23,76.7,no
2026-08-16 15:58:53,rule3-charge,"gate stable, stop raising",-244.8,-43.3,-44.3,400.0,400.0,39.5,23,76.7,no
2026-08-16 15:59:03,rule3-charge,"gate stable, stop raising",-245.4,-42.4,-42.9,400.0,400.0,39.5,23,76.7,no
2026-08-16 15:59:13,rule3-charge,"ESS below 30 kW, raise PV to charge until 95%",-248.2,-43.3,-43.0,400.0,400.0,39.5,23,76.7,no
2026-08-16 15:59:23,rule3-charge,"ESS below 30 kW, raise PV to charge until 95%",-246.4,-40.8,-41.1,400.0,400.0,39.5,23,76.7,no
2026-08-16 15:59:33,rule3-charge,"ESS below 30 kW, raise PV to charge until 95%",-239.6,-35.1,-36.2,400.0,400.0,39.5,23,76.3,no
2026-08-16 15:59:44,rule3-charge,"ESS below 30 kW, raise PV to charge until 95%",-239.8,-32.9,-32.2,400.0,400.0,39.5,23,76.3,no
2026-08-16 15:59:54,rule3-charge,"ESS below 30 kW, raise PV to charge until 95%",-242.4,-30.1,-30.8,400.0,400.0,39.5,23,76.3,no
2026-08-16 16:00:04,rule3-charge,"ESS below 30 kW, raise PV to charge until 95%",-240.4,-27.7,-27.8,400.0,400.0,39.5,23,76.3,no
2026-08-16 16:00:15,rule3-charge,"ESS below 30 kW, raise PV to charge until 95%",-243.2,-26.5,-28.2,400.0,400.0,39.5,23,76.3,no
2026-08-16 16:00:25,rule3-charge,"ESS below 30 kW, raise PV to charge until 95%",-241.4,-28.1,-28.1,400.0,400.0,39.5,23,76.3,no
2026-08-16 16:00:35,rule3-charge,"ESS below 30 kW, raise PV to charge until 95%",-244.4,-30.1,-30.8,400.0,400.0,39.5,23,76.3,no
2026-08-16 16:00:45,rule3-charge,"ESS below 30 kW, raise PV to charge until 95%",-244.4,-31.9,-31.8,400.0,400.0,39.5,23,76.3,no
2026-08-16 16:00:55,rule3-charge,"gate stable, stop raising",-244.0,-33.1,-32.6,400.0,400.0,39.5,23,76.3,no
2026-08-16 16:01:05,rule3-charge,"ESS below 30 kW, raise PV to charge until 95%",-240.6,-31.5,-31.2,400.0,400.0,39.5,23,75.9,no
2026-08-16 16:01:15,rule3-charge,"ESS below 30 kW, raise PV to charge until 95%",-243.0,-33.5,-32.7,400.0,400.0,39.5,23,75.9,no
2026-08-16 16:01:25,rule3-charge,"ESS below 30 kW, raise PV to charge until 95%",-240.4,-32.9,-32.8,400.0,400.0,39.5,23,75.9,no
2026-08-16 16:01:35,rule3-charge,"ESS below 30 kW, raise PV to charge until 95%",-239.6,-33.1,-33.0,400.0,400.0,39.5,23,75.9,no
2026-08-16 16:01:46,rule3-charge,"gate stable, stop raising",-240.6,-32.2,-32.8,400.0,400.0,39.5,23,75.9,no
2026-08-16 16:01:56,rule3-charge,"ESS below 30 kW, raise PV to charge until 95%",-239.0,-30.4,-30.8,400.0,400.0,39.5,23,75.9,no
2026-08-16 16:02:06,rule3-charge,"ESS below 30 kW, raise PV to charge until 95%",-243.8,-32.1,-31.4,400.0,400.0,39.5,23,75.9,no
2026-08-16 16:02:16,rule3-charge,"ESS below 30 kW, raise PV to charge until 95%",-245.4,-30.6,-30.6,400.0,400.0,39.5,23,75.9,no
2026-08-16 16:02:26,rule3-charge,"ESS below 30 kW, raise PV to charge until 95%",-243.0,-29.8,-30.0,400.0,400.0,39.5,23,75.9,no
2026-08-16 16:02:36,rule3-charge,"ESS below 30 kW, raise PV to charge until 95%",-241.6,-26.5,-27.2,400.0,400.0,39.5,23,75.6,no
2026-08-16 16:02:47,rule3-charge,"ESS below 30 kW, raise PV to charge until 95%",-238.0,-24.4,-24.6,400.0,400.0,39.5,23,75.6,no
2026-08-16 16:02:57,rule3-charge,"ESS below 30 kW, raise PV to charge until 95%",-237.8,-22.8,-22.7,400.0,400.0,39.5,23,75.6,no
2026-08-16 16:03:07,rule3-charge,"gate stable, stop raising",-237.4,-20.7,-21.2,400.0,400.0,39.5,23,75.6,no
2026-08-16 16:03:17,rule3-charge,"ESS below 30 kW, raise PV to charge until 95%",-235.2,-19.5,-19.6,400.0,400.0,39.5,23,75.6,no
2026-08-16 16:03:27,rule3-charge,"ESS below 30 kW, raise PV to charge until 95%",-236.8,-18.0,-18.2,400.0,400.0,39.5,23,75.6,no
2026-08-16 16:03:37,rule3-charge,"ESS below 30 kW, raise PV to charge until 95%",-244.8,-18.7,-18.8,400.0,400.0,39.5,23,75.6,no
2026-08-16 16:03:48,rule3-charge,"ESS below 30 kW, raise PV to charge until 95%",-247.4,-22.8,-22.9,400.0,400.0,39.5,23,75.6,no
2026-08-16 16:03:58,rule3-charge,"ESS below 30 kW, raise PV to charge until 95%",-252.6,-25.3,-24.8,400.0,400.0,39.5,23,75.6,no
2026-08-16 16:04:08,rule3-charge,"ESS below 30 kW, raise PV to charge until 95%",-253.0,-27.9,-27.1,400.0,400.0,39.4,31,75.6,no
2026-08-16 16:04:18,rule3-charge,"gate stable, stop raising",-254.0,-29.0,-29.1,400.0,400.0,39.4,31,75.6,no
2026-08-16 16:04:28,rule3-charge,"ESS below 30 kW, raise PV to charge until 95%",-256.6,-30.7,-29.8,400.0,400.0,39.4,31,75.6,no
2026-08-16 16:04:38,rule3-charge,"ESS below 30 kW, raise PV to charge until 95%",-257.8,-32.6,-32.2,400.0,400.0,39.4,31,75.2,no
2026-08-16 16:04:48,rule3-charge,"ESS below 30 kW, raise PV to charge until 95%",-256.8,-32.8,-33.7,400.0,400.0,39.4,31,75.2,no
2026-08-16 16:04:58,rule3-charge,"ESS below 30 kW, raise PV to charge until 95%",-266.8,-33.8,-33.5,400.0,400.0,39.4,31,75.2,no
2026-08-16 16:05:08,rule3-charge,"ESS below 30 kW, raise PV to charge until 95%",-256.2,-35.3,-36.0,400.0,400.0,39.4,31,75.2,no
2026-08-16 16:05:19,rule3-charge,"ESS below 30 kW, raise PV to charge until 95%",-256.2,-33.2,-33.6,400.0,400.0,39.4,31,75.2,no
2026-08-16 16:05:29,rule3-charge,"gate stable, stop raising",-256.2,-33.1,-33.1,400.0,400.0,39.4,31,75.2,no
2026-08-16 16:05:39,rule3-charge,"gate stable, stop raising",-256.4,-33.0,-32.5,400.0,400.0,39.4,31,75.2,no
2026-08-16 16:05:49,rule3-charge,"ESS below 30 kW, raise PV to charge until 95%",-254.8,-31.9,-32.7,400.0,400.0,39.4,31,75.2,no
2026-08-16 16:05:59,rule3-charge,"ESS below 30 kW, raise PV to charge until 95%",-255.8,-32.8,-32.7,400.0,400.0,39.4,31,75.2,no
2026-08-16 16:06:09,rule3-charge,"ESS below 30 kW, raise PV to charge until 95%",-254.6,-32.8,-32.7,400.0,400.0,39.4,31,74.8,no
2026-08-16 16:06:20,rule3-charge,"ESS below 30 kW, raise PV to charge until 95%",-250.2,-31.4,-31.6,400.0,400.0,39.4,31,74.8,no
2026-08-16 16:06:30,rule3-charge,"ESS below 30 kW, raise PV to charge until 95%",-250.0,-31.9,-31.9,400.0,400.0,39.4,31,74.8,no
2026-08-16 16:06:40,rule3-charge,"gate stable, stop raising",-249.8,-33.1,-32.5,400.0,400.0,39.4,31,74.8,no
2026-08-16 16:06:50,rule3-charge,"ESS below 30 kW, raise PV to charge until 95%",-245.2,-32.0,-32.0,400.0,400.0,39.4,31,74.8,no
2026-08-16 16:07:00,rule3-charge,"ESS below 30 kW, raise PV to charge until 95%",-243.4,-31.9,-32.0,400.0,400.0,39.4,31,74.8,no
2026-08-16 16:07:10,rule3-charge,"ESS below 30 kW, raise PV to charge until 95%",-244.8,-33.6,-35.9,400.0,400.0,39.4,31,74.8,no
2026-08-16 16:07:21,rule3-charge,"ESS below 30 kW, raise PV to charge until 95%",-242.2,-34.2,-34.4,400.0,400.0,39.4,31,74.8,no
2026-08-16 16:07:31,rule3-charge,"ESS below 30 kW, raise PV to charge until 95%",-243.4,-35.9,-35.6,400.0,400.0,39.4,31,74.8,no
2026-08-16 16:07:41,rule3-charge,"ESS below 30 kW, raise PV to charge until 95%",-241.6,-38.5,-39.7,400.0,400.0,39.4,31,74.4,no
2026-08-16 16:07:51,rule3-charge,"ESS below 30 kW, raise PV to charge until 95%",-239.4,-40.4,-40.5,400.0,400.0,39.4,31,74.4,no
2026-08-16 16:08:01,rule3-charge,"ESS below 30 kW, raise PV to charge until 95%",-239.8,-42.9,-42.9,400.0,400.0,39.4,31,74.4,no
2026-08-16 16:08:11,rule3-charge,"ESS below 30 kW, raise PV to charge until 95%",-231.2,-44.2,-44.5,400.0,400.0,39.4,31,74.4,no
2026-08-16 16:08:22,rule3-charge,"ESS below 30 kW, raise PV to charge until 95%",-229.2,-38.7,-38.9,400.0,400.0,39.4,31,74.4,no
2026-08-16 16:08:32,rule3-charge,"ESS below 30 kW, raise PV to charge until 95%",-228.0,-34.2,-34.3,400.0,400.0,39.4,31,74.4,no
2026-08-16 16:08:42,rule3-charge,"ESS below 30 kW, raise PV to charge until 95%",-230.0,-30.2,-30.2,400.0,400.0,39.4,31,74.4,no
2026-08-16 16:08:53,rule3-charge,"ESS below 30 kW, raise PV to charge until 95%",-226.6,-27.6,-28.2,400.0,400.0,39.4,31,74.4,no
2026-08-16 16:09:03,rule3-charge,"ESS below 30 kW, raise PV to charge until 95%",-224.6,-27.0,-26.9,400.0,400.0,39.4,31,74.4,no
2026-08-16 16:09:13,rule3-charge,"ESS below 30 kW, raise PV to charge until 95%",-223.2,-27.8,-27.8,400.0,400.0,39.4,31,74.0,no
2026-08-16 16:09:23,rule3-charge,"charging until 95%, waiting for ESS data",-227.8,-30.7,,400.0,400.0,39.4,31,74.0,no
2026-08-16 16:09:33,rule3-charge,"charging until 95%, waiting for ESS data",-219.4,-29.4,,400.0,400.0,39.4,31,74.0,no
2026-08-16 16:09:43,rule3-charge,"ESS below 30 kW, raise PV to charge until 95%",-220.6,-29.4,-29.2,400.0,400.0,39.4,31,74.0,no
2026-08-16 16:09:54,rule3-charge,"ESS below 30 kW, raise PV to charge until 95%",-220.6,-30.5,-30.2,400.0,400.0,39.4,31,74.0,no
2026-08-16 16:10:04,rule3-charge,"ESS below 30 kW, raise PV to charge until 95%",-218.4,-30.7,-30.2,400.0,400.0,39.4,31,74.0,no
2026-08-16 16:10:14,rule3-charge,"ESS below 30 kW, raise PV to charge until 95%",-218.4,-30.2,-30.8,400.0,400.0,39.4,31,74.0,no
2026-08-16 16:10:24,rule3-charge,"ESS below 30 kW, raise PV to charge until 95%",-216.0,-30.9,-31.3,400.0,400.0,39.4,31,74.0,no
2026-08-16 16:10:34,rule3-charge,"ESS below 30 kW, raise PV to charge until 95%",-215.8,-32.0,-32.9,400.0,400.0,39.4,31,73.6,no
2026-08-16 16:10:44,rule3-charge,"gate stable, stop raising",-215.8,-32.8,-32.8,400.0,400.0,39.4,31,73.6,no
2026-08-16 16:10:54,rule3-charge,"gate stable, stop raising",-215.2,-35.0,-34.9,400.0,400.0,39.4,31,73.6,no
2026-08-16 16:11:04,rule3-charge,"gate stable, stop raising",-215.2,-37.2,-36.6,400.0,400.0,39.4,31,73.6,no
2026-08-16 16:11:14,rule3-charge,"ESS below 30 kW, raise PV to charge until 95%",-221.2,-42.2,-41.9,400.0,400.0,39.4,31,73.6,no
2026-08-16 16:11:25,rule3-charge,"ESS below 30 kW, raise PV to charge until 95%",-218.6,-45.2,-45.3,400.0,400.0,39.4,31,73.6,no
2026-08-16 16:11:35,rule3-charge,"ESS below 30 kW, raise PV to charge until 95%",-217.0,-47.8,-47.2,400.0,400.0,39.4,31,73.6,no
2026-08-16 16:11:45,rule3-charge,"ESS below 30 kW, raise PV to charge until 95%",-217.2,-49.9,-49.8,400.0,400.0,39.4,31,73.6,no
2026-08-16 16:11:55,rule3-charge,"ESS below 30 kW, raise PV to charge until 95%",-222.4,-53.4,-53.2,400.0,400.0,39.4,31,73.6,no
2026-08-16 16:12:05,rule3-charge,"ESS below 30 kW, raise PV to charge until 95%",-222.6,-55.7,-56.1,400.0,400.0,39.4,31,73.2,no
2026-08-16 16:12:15,rule3-charge,"ESS below 30 kW, raise PV to charge until 95%",-221.0,-55.9,-55.7,400.0,400.0,39.4,31,73.2,no
2026-08-16 16:12:26,rule3-charge,"ESS below 30 kW, raise PV to charge until 95%",-221.2,-57.0,-56.6,400.0,400.0,39.4,31,73.2,no
2026-08-16 16:12:36,rule3-charge,"ESS below 30 kW, raise PV to charge until 95%",-224.4,-59.0,-58.9,400.0,400.0,39.4,31,72.8,no
2026-08-16 16:12:46,rule3-charge,"ESS below 30 kW, raise PV to charge until 95%",-225.2,-59.2,-59.2,400.0,400.0,39.4,31,72.8,no
2026-08-16 16:12:56,rule3-charge,"gate stable, stop raising",-224.6,-60.6,-60.7,400.0,400.0,39.4,31,72.8,no
2026-08-16 16:13:06,rule3-charge,"ESS below 30 kW, raise PV to charge until 95%",-209.0,-52.0,-52.7,400.0,400.0,39.4,31,72.8,no
2026-08-16 16:13:16,rule3-charge,"ESS below 30 kW, raise PV to charge until 95%",-209.4,-53.4,-52.9,400.0,400.0,39.4,31,72.8,no
2026-08-16 16:13:27,rule3-charge,"gate stable, stop raising",-209.0,-53.6,-53.4,400.0,400.0,39.4,31,72.8,no
2026-08-16 16:13:37,rule3-charge,"ESS below 30 kW, raise PV to charge until 95%",-210.8,-54.4,-54.6,400.0,400.0,39.4,31,72.4,no
2026-08-16 16:13:47,rule3-charge,"ESS below 30 kW, raise PV to charge until 95%",-209.6,-54.6,-54.7,400.0,400.0,39.4,31,72.4,no
2026-08-16 16:13:57,rule3-charge,"ESS below 30 kW, raise PV to charge until 95%",-210.0,-55.1,-55.4,400.0,400.0,39.4,31,72.4,no
2026-08-16 16:14:07,rule3-charge,"ESS below 30 kW, raise PV to charge until 95%",-211.4,-56.0,-56.3,400.0,400.0,39.4,31,72.4,no
2026-08-16 16:14:18,rule3-charge,"ESS below 30 kW, raise PV to charge until 95%",-211.0,-56.2,-56.2,400.0,400.0,39.4,31,72.4,no
2026-08-16 16:14:40,rule3-charge,"ESS below 30 kW, raise PV to charge until 95%",-209.2,-55.8,-55.9,400.0,400.0,39.4,31,72.1,no
2026-08-16 16:14:50,rule3-charge,"ESS below 30 kW, raise PV to charge until 95%",-206.4,-56.7,-56.1,400.0,400.0,39.4,31,72.1,no
2026-08-16 16:15:00,rule3-charge,"ESS below 30 kW, raise PV to charge until 95%",-206.4,-55.3,-56.0,400.0,400.0,39.4,31,72.1,no
2026-08-16 16:15:10,rule3-charge,"gate stable, stop raising",-207.0,-56.6,-56.6,400.0,400.0,39.4,31,72.1,no
2026-08-16 16:15:20,rule3-charge,"ESS below 30 kW, raise PV to charge until 95%",-205.4,-55.6,-55.2,400.0,400.0,39.4,31,72.1,no
2026-08-16 16:15:30,rule3-charge,"ESS below 30 kW, raise PV to charge until 95%",-208.2,-55.8,-56.4,400.0,400.0,39.4,31,72.1,no
2026-08-16 16:15:40,rule3-charge,"ESS below 30 kW, raise PV to charge until 95%",-207.8,-57.9,-58.0,400.0,400.0,39.4,31,71.7,no
2026-08-16 16:15:50,rule3-charge,"gate stable, stop raising",-208.8,-57.4,-57.7,400.0,400.0,39.4,31,71.7,no
2026-08-16 16:16:00,rule3-charge,"gate stable, stop raising",-208.2,-58.5,-58.9,400.0,400.0,39.4,31,71.7,no
2026-08-16 16:16:10,rule3-charge,"gate stable, stop raising",-208.2,-57.5,-57.6,400.0,400.0,39.4,31,71.3,no
2026-08-16 16:16:20,rule3-charge,"gate stable, stop raising",-208.6,-58.9,-58.6,400.0,400.0,39.4,31,71.3,no
2026-08-16 16:16:30,rule3-charge,"gate stable, stop raising",-209.4,-58.8,-58.8,400.0,400.0,39.4,31,71.3,no
2026-08-16 16:16:40,rule3-charge,"gate stable, stop raising",-209.6,-59.4,-59.5,400.0,400.0,39.4,31,71.3,no
2026-08-16 16:16:50,rule3-charge,"ESS below 30 kW, raise PV to charge until 95%",-207.2,-58.9,-59.1,400.0,400.0,39.4,31,71.3,no
2026-08-16 16:17:00,rule3-charge,"ESS below 30 kW, raise PV to charge until 95%",-207.2,-58.7,-58.7,400.0,400.0,39.4,31,71.3,no
2026-08-16 16:17:10,rule3-charge,"ESS below 30 kW, raise PV to charge until 95%",-205.6,-57.7,-57.9,400.0,400.0,39.4,31,70.9,no
2026-08-16 16:17:20,rule3-charge,"ESS below 30 kW, raise PV to charge until 95%",-206.6,-59.3,-59.0,400.0,400.0,39.4,31,70.9,no
2026-08-16 16:17:31,rule3-charge,"gate stable, stop raising",-207.6,-59.1,-59.4,400.0,400.0,39.4,31,70.9,no
2026-08-16 16:17:41,rule3-charge,"ESS below 30 kW, raise PV to charge until 95%",-216.8,-67.4,-67.7,400.0,400.0,39.4,31,70.9,no
2026-08-16 16:17:51,rule3-charge,"ESS below 30 kW, raise PV to charge until 95%",-222.2,-65.9,-66.0,400.0,400.0,39.4,31,70.9,no
2026-08-16 16:18:01,rule3-charge,"ESS below 30 kW, raise PV to charge until 95%",-226.2,-68.6,-68.8,400.0,400.0,39.4,31,70.9,no
2026-08-16 16:18:11,rule3-charge,"ESS below 30 kW, raise PV to charge until 95%",-223.4,-68.6,-68.8,400.0,400.0,39.4,31,70.5,no
2026-08-16 16:18:21,rule3-charge,"ESS below 30 kW, raise PV to charge until 95%",-222.4,-68.8,-68.4,400.0,400.0,39.4,31,70.5,no
2026-08-16 16:18:32,rule3-charge,"ESS below 30 kW, raise PV to charge until 95%",-223.6,-70.6,-70.9,400.0,400.0,39.4,31,70.5,no
2026-08-16 16:18:42,rule3-charge,"ESS below 30 kW, raise PV to charge until 95%",-226.0,-69.4,-70.1,400.0,400.0,39.4,31,70.1,no
2026-08-16 16:18:52,rule3-charge,"ESS below 30 kW, raise PV to charge until 95%",-225.8,-71.0,-70.3,400.0,400.0,39.4,31,70.1,no
2026-08-16 16:19:02,rule3-charge,"gate stable, stop raising",-226.2,-70.5,-70.6,400.0,400.0,39.4,31,70.1,no
2026-08-16 16:19:12,rule3-charge,"ESS below 30 kW, raise PV to charge until 95%",-228.0,-71.9,-71.8,400.0,400.0,39.4,31,69.7,no
2026-08-16 16:19:22,rule3-charge,"ESS below 30 kW, raise PV to charge until 95%",-227.2,-72.1,-72.2,400.0,400.0,39.4,31,69.7,no
2026-08-16 16:19:33,rule3-charge,"ESS below 30 kW, raise PV to charge until 95%",-232.2,-75.0,-75.3,400.0,400.0,39.4,31,69.7,no
2026-08-16 16:19:43,rule3-charge,"ESS below 30 kW, raise PV to charge until 95%",-229.6,-74.2,-74.4,400.0,400.0,39.4,31,69.7,no
2026-08-16 16:19:53,rule3-charge,"ESS below 30 kW, raise PV to charge until 95%",-233.2,-75.4,-75.7,400.0,400.0,39.4,31,69.7,no
2026-08-16 16:20:03,rule3-charge,"ESS below 30 kW, raise PV to charge until 95%",-228.4,-74.3,-73.9,400.0,400.0,39.4,31,69.7,no
2026-08-16 16:20:13,rule3-charge,"ESS below 30 kW, raise PV to charge until 95%",-228.8,-73.7,-73.8,400.0,400.0,39.4,31,69.3,no
2026-08-16 16:20:23,rule3-charge,"ESS below 30 kW, raise PV to charge until 95%",-227.4,-73.9,-73.9,400.0,400.0,39.4,31,69.3,no
2026-08-16 16:20:34,rule3-charge,"ESS below 30 kW, raise PV to charge until 95%",-225.8,-72.5,-73.3,400.0,400.0,39.4,31,69.3,no
2026-08-16 16:20:44,rule3-charge,"ESS below 30 kW, raise PV to charge until 95%",-229.0,-74.8,-74.9,400.0,400.0,39.4,31,68.9,no
2026-08-16 16:20:54,rule3-charge,"ESS below 30 kW, raise PV to charge until 95%",-228.6,-74.3,-75.2,400.0,400.0,39.4,31,68.9,no
2026-08-16 16:21:04,rule3-charge,"ESS below 30 kW, raise PV to charge until 95%",-226.0,-74.1,-74.2,400.0,400.0,39.4,31,68.9,no
2026-08-16 16:21:14,rule3-charge,"ESS below 30 kW, raise PV to charge until 95%",-225.0,-73.2,-74.4,400.0,400.0,39.4,31,68.6,no
2026-08-16 16:21:24,rule3-charge,"ESS below 30 kW, raise PV to charge until 95%",-227.6,-74.6,-75.0,400.0,400.0,39.4,31,68.6,no
2026-08-16 16:21:35,rule3-charge,"ESS below 30 kW, raise PV to charge until 95%",-231.4,-76.9,-76.4,400.0,400.0,39.4,31,68.6,no
2026-08-16 16:21:45,rule3-charge,"ESS below 30 kW, raise PV to charge until 95%",-229.8,-75.6,-76.4,400.0,400.0,39.4,31,68.6,no
2026-08-16 16:21:55,rule3-charge,"ESS below 30 kW, raise PV to charge until 95%",-229.0,-76.9,-76.7,400.0,400.0,39.4,31,68.6,no
2026-08-16 16:22:05,rule3-charge,"ESS below 30 kW, raise PV to charge until 95%",-225.6,-74.4,-74.7,400.0,400.0,39.4,31,68.2,no
2026-08-16 16:22:15,rule3-charge,"ESS below 30 kW, raise PV to charge until 95%",-225.0,-75.4,-75.6,400.0,400.0,39.4,31,68.2,no
2026-08-16 16:22:25,rule3-charge,"charging until 95%, waiting for ESS data",-226.8,-75.9,,400.0,400.0,39.4,31,68.2,no
2026-08-16 16:22:36,rule3-charge,"charging until 95%, waiting for ESS data",-225.4,-75.0,,400.0,400.0,39.4,31,68.2,no
2026-08-16 16:22:46,rule3-charge,"ESS below 30 kW, raise PV to charge until 95%",-230.4,-77.8,-78.3,400.0,400.0,39.4,31,68.2,no
2026-08-16 16:22:56,rule3-charge,"ESS below 30 kW, raise PV to charge until 95%",-230.4,-76.3,-77.1,400.0,400.0,39.4,31,68.2,no
2026-08-16 16:23:06,rule3-charge,"gate stable, stop raising",-230.0,-77.2,-78.1,400.0,400.0,39.4,31,67.4,no
2026-08-16 16:23:16,rule3-charge,"gate stable, stop raising",-229.8,-77.8,-77.8,400.0,400.0,39.4,31,67.4,no
2026-08-16 16:23:26,rule3-charge,"ESS below 30 kW, raise PV to charge until 95%",-39.0,-78.1,-80.3,400.0,400.0,39.4,31,67.4,no
2026-08-16 16:23:40,rule3-charge,"ESS below 30 kW, raise PV to charge until 95%",-39.0,0.0,0.0,400.0,400.0,39.4,31,67.4,no
2026-08-16 16:23:50,rule3-charge,"gate stable, stop raising",-39.0,0.0,0.0,400.0,400.0,39.4,31,67.4,no
2026-08-16 16:24:00,rule3-charge,"gate stable, stop raising",-39.0,0.0,0.0,400.0,400.0,39.4,31,67.4,no
2026-08-16 16:24:10,rule3-charge,"gate stable, stop raising",-39.0,0.0,0.0,400.0,400.0,39.4,31,67.4,no
2026-08-16 16:24:20,rule3-charge,"gate stable, stop raising",-39.0,0.0,0.0,400.0,400.0,39.3,46,67.4,no
2026-08-16 16:25:13,rule3-charge,"ESS below 30 kW, raise PV to charge until 95%",-33.0,-27.4,0.0,400.0,400.0,39.3,46,67.4,no
2026-08-16 16:25:23,rule3-charge,"ESS below 30 kW, raise PV to charge until 95%",-38.0,-35.8,0.0,400.0,400.0,39.3,46,67.4,no
2026-08-16 16:25:33,rule3-charge,"ESS below 30 kW, raise PV to charge until 95%",-38.0,-37.7,0.0,400.0,400.0,39.3,46,67.0,no
2026-08-16 16:25:43,rule3-charge,"ESS below 30 kW, raise PV to charge until 95%",-43.8,-31.9,-25.4,400.0,400.0,39.3,46,67.0,no
2026-08-16 16:25:53,rule3-charge,"ESS below 30 kW, raise PV to charge until 95%",-42.8,-21.5,-21.6,400.0,400.0,39.3,46,67.0,no
2026-08-16 16:26:03,rule3-charge,"ESS below 30 kW, raise PV to charge until 95%",-44.8,-20.1,-22.3,400.0,400.0,39.3,46,67.0,no
2026-08-16 16:26:13,rule3-charge,"ESS below 30 kW, raise PV to charge until 95%",-44.4,-22.1,-21.8,400.0,400.0,39.3,46,67.0,no
2026-08-16 16:26:23,rule3-charge,"gate stable, stop raising",-44.4,-22.1,-22.1,400.0,400.0,39.3,46,67.0,no
2026-08-16 16:26:33,rule3-charge,"ESS below 30 kW, raise PV to charge until 95%",-41.6,-21.8,-20.9,400.0,400.0,39.3,46,67.0,no
2026-08-16 16:26:43,rule3-charge,"ESS below 30 kW, raise PV to charge until 95%",-40.6,-20.1,-19.9,400.0,400.0,39.3,46,67.0,no
2026-08-16 16:26:53,rule3-charge,"gate stable, stop raising",-40.4,-21.0,-21.1,400.0,400.0,39.3,46,67.0,no
2026-08-16 16:27:03,rule3-charge,"gate stable, stop raising",-40.6,-3.7,-2.5,400.0,400.0,39.3,46,67.0,no
2026-08-16 16:27:13,rule3-charge,"gate stable, stop raising",-40.2,4.2,5.5,400.0,400.0,39.3,46,67.0,no
2026-08-16 16:27:23,rule3-charge,"gate stable, stop raising",-41.0,10.2,9.8,400.0,400.0,39.3,46,67.0,no
2026-08-16 16:27:33,rule3-charge,"ESS below 30 kW, raise PV to charge until 95%",-61.6,2.3,2.4,400.0,400.0,39.3,46,67.0,no
2026-08-16 16:27:43,rule3-charge,"ESS below 30 kW, raise PV to charge until 95%",-63.0,2.1,1.7,400.0,400.0,39.3,46,67.0,no
2026-08-16 16:27:53,rule3-charge,"ESS below 30 kW, raise PV to charge until 95%",-62.8,1.4,0.7,400.0,400.0,39.3,46,67.0,no
2026-08-16 16:28:04,rule3-charge,"ESS below 30 kW, raise PV to charge until 95%",-67.4,-0.9,-0.6,400.0,400.0,39.3,46,67.0,no
2026-08-16 16:28:14,rule3-charge,"ESS below 30 kW, raise PV to charge until 95%",-72.8,-2.7,-5.9,400.0,400.0,39.3,46,67.0,no
2026-08-16 16:28:24,rule3-charge,"ESS below 30 kW, raise PV to charge until 95%",-80.2,-3.4,-3.4,400.0,400.0,39.3,46,67.0,no
2026-08-16 16:28:34,rule3-charge,"ESS below 30 kW, raise PV to charge until 95%",-81.8,-8.8,-9.2,400.0,400.0,39.3,46,67.0,no
2026-08-16 16:28:44,rule3-charge,"ESS below 30 kW, raise PV to charge until 95%",-81.8,-7.7,-8.0,400.0,400.0,39.3,46,67.0,no
2026-08-16 16:28:54,rule3-charge,"gate stable, stop raising",-82.4,-7.2,-6.7,400.0,400.0,39.3,46,67.0,no
2026-08-16 16:29:05,rule3-charge,"ESS below 30 kW, raise PV to charge until 95%",-83.6,-6.6,-7.0,400.0,400.0,39.3,46,67.0,no
2026-08-16 16:29:15,rule3-charge,"ESS below 30 kW, raise PV to charge until 95%",-82.2,-7.2,-7.0,400.0,400.0,39.3,46,67.0,no
2026-08-16 16:29:25,rule3-charge,"ESS below 30 kW, raise PV to charge until 95%",-89.8,-7.6,-8.1,400.0,400.0,39.3,46,67.0,no
2026-08-16 16:29:35,rule3-charge,"ESS below 30 kW, raise PV to charge until 95%",-89.0,-9.0,-10.0,400.0,400.0,39.3,46,67.0,no
2026-08-16 16:29:45,rule3-charge,"ESS below 30 kW, raise PV to charge until 95%",-96.0,-12.5,-13.3,400.0,400.0,39.3,46,67.0,no
2026-08-16 16:29:55,rule3-charge,"ESS below 30 kW, raise PV to charge until 95%",-95.8,-12.5,-12.6,400.0,400.0,39.3,46,67.0,no
2026-08-16 16:30:06,rule3-charge,"gate stable, stop raising",-96.0,-12.1,-10.9,400.0,400.0,39.3,46,67.0,no
2026-08-16 16:30:16,rule3-charge,"ESS below 30 kW, raise PV to charge until 95%",-97.2,-10.0,-9.0,400.0,400.0,39.3,46,67.0,no
2026-08-16 16:30:26,rule3-charge,"ESS below 30 kW, raise PV to charge until 95%",-101.8,-6.5,-6.8,400.0,400.0,39.3,46,67.0,no
2026-08-16 16:30:36,rule3-charge,"ESS below 30 kW, raise PV to charge until 95%",-111.4,-10.7,-10.9,400.0,400.0,39.3,46,67.0,no
2026-08-16 16:30:46,rule3-charge,"ESS below 30 kW, raise PV to charge until 95%",-115.4,-12.7,-12.3,400.0,400.0,39.3,46,67.0,no
2026-08-16 16:30:56,rule3-charge,"ESS below 30 kW, raise PV to charge until 95%",-124.6,-16.7,-17.5,400.0,400.0,39.3,46,67.0,no
2026-08-16 16:31:07,rule3-charge,"ESS below 30 kW, raise PV to charge until 95%",-128.0,-19.0,-19.1,400.0,400.0,39.3,46,67.0,no
2026-08-16 16:31:17,rule3-charge,"ESS below 30 kW, raise PV to charge until 95%",-127.2,-19.7,-19.5,400.0,400.0,39.3,46,67.0,no
2026-08-16 16:31:27,rule3-charge,"ESS below 30 kW, raise PV to charge until 95%",-138.4,-20.5,-20.0,400.0,400.0,39.3,46,67.0,no
2026-08-16 16:31:38,rule3-charge,"ESS below 30 kW, raise PV to charge until 95%",-145.8,-28.3,-28.2,400.0,400.0,39.3,46,66.6,no
2026-08-16 16:31:48,rule3-charge,"ESS below 30 kW, raise PV to charge until 95%",-153.6,-33.3,-32.5,400.0,400.0,39.3,46,66.6,no
2026-08-16 16:31:58,rule3-charge,"ESS below 30 kW, raise PV to charge until 95%",-153.8,-33.2,-33.1,400.0,400.0,39.3,46,66.6,no
2026-08-16 16:32:09,rule3-charge,"gate stable, stop raising",-153.0,-32.9,-32.1,400.0,400.0,39.3,46,66.6,no
2026-08-16 16:32:19,rule3-charge,"ESS below 30 kW, raise PV to charge until 95%",-158.8,-36.0,-38.6,400.0,400.0,39.3,46,66.6,no
2026-08-16 16:32:29,rule3-charge,"ESS below 30 kW, raise PV to charge until 95%",-173.0,-41.6,-41.2,400.0,400.0,39.3,46,66.6,no
2026-08-16 16:32:40,rule3-charge,"ESS below 30 kW, raise PV to charge until 95%",-169.8,-39.3,-39.0,400.0,400.0,39.3,46,66.6,no
2026-08-16 16:32:50,rule3-charge,"ESS below 30 kW, raise PV to charge until 95%",-167.8,-38.3,-37.4,400.0,400.0,39.3,46,66.6,no
2026-08-16 16:33:00,rule3-charge,"ESS below 30 kW, raise PV to charge until 95%",-173.4,-39.9,-40.5,400.0,400.0,39.3,46,66.6,no
2026-08-16 16:33:11,rule3-charge,"ESS below 30 kW, raise PV to charge until 95%",-158.0,-31.5,-32.4,400.0,400.0,39.3,46,66.2,no
2026-08-16 16:33:21,rule3-charge,"ESS below 30 kW, raise PV to charge until 95%",-157.2,-31.5,-31.4,400.0,400.0,39.3,46,66.2,no
2026-08-16 16:33:31,rule3-charge,"ESS below 30 kW, raise PV to charge until 95%",-166.6,-34.5,-35.5,400.0,400.0,39.3,46,66.2,no
2026-08-16 16:33:42,rule3-charge,"ESS below 30 kW, raise PV to charge until 95%",-168.8,-34.1,-34.5,400.0,400.0,39.3,46,66.2,no
2026-08-16 16:33:52,rule3-charge,"ESS below 30 kW, raise PV to charge until 95%",-171.2,-35.2,-36.0,400.0,400.0,39.3,46,66.2,no
2026-08-16 16:34:02,rule3-charge,"ESS below 30 kW, raise PV to charge until 95%",-167.8,-32.7,-33.6,400.0,400.0,39.3,46,66.2,no
2026-08-16 16:34:13,rule3-charge,"ESS below 30 kW, raise PV to charge until 95%",-158.2,-27.9,-28.1,400.0,400.0,39.3,46,66.2,no
2026-08-16 16:34:23,rule3-charge,"cloudy, stop raising until clouds clear",-159.2,-27.4,-27.8,400.0,400.0,39.1,67,66.2,no
2026-08-16 16:34:34,rule3-charge,"cloudy, stop raising until clouds clear",-160.2,-28.5,-28.7,400.0,400.0,39.1,67,65.8,no
2026-08-16 16:34:44,rule3-charge,"cloudy, stop raising until clouds clear",-157.8,-27.4,-27.3,400.0,400.0,39.1,67,65.8,no
2026-08-16 16:34:54,rule3-charge,"cloudy, stop raising until clouds clear",-160.6,-28.0,-27.7,400.0,400.0,39.1,67,65.8,no
2026-08-16 16:35:04,rule3-charge,"cloudy, stop raising until clouds clear",-158.0,-28.0,-27.6,400.0,400.0,39.1,67,65.8,no
2026-08-16 16:35:15,rule3-charge,"cloudy, stop raising until clouds clear",-158.4,-27.3,-27.2,400.0,400.0,39.1,67,65.8,no
2026-08-16 16:35:25,rule3-charge,"charging until 95%, waiting for ESS data",-155.2,-28.0,,400.0,400.0,39.1,67,65.8,no
2026-08-16 16:35:35,rule3-charge,"charging until 95%, waiting for ESS data",-155.4,-30.7,,400.0,400.0,39.1,67,65.8,no
2026-08-16 16:35:46,rule3-charge,"cloudy, stop raising until clouds clear",-157.2,-33.4,-34.0,400.0,400.0,39.1,67,65.8,no
2026-08-16 16:35:56,rule3-charge,"cloudy, stop raising until clouds clear",-156.6,-38.2,-36.4,400.0,400.0,39.1,67,65.8,no
2026-08-16 16:36:06,rule3-charge,"cloudy, stop raising until clouds clear",-154.4,-37.0,-36.8,400.0,400.0,39.1,67,65.4,no
2026-08-16 16:36:17,rule3-charge,"cloudy, stop raising until clouds clear",-157.8,-37.5,-37.8,400.0,400.0,39.1,67,65.4,no
2026-08-16 16:36:27,rule3-charge,"cloudy, stop raising until clouds clear",-155.0,-35.9,-36.2,400.0,400.0,39.1,67,65.4,no
2026-08-16 16:36:37,rule3-charge,"cloudy, stop raising until clouds clear",-153.0,-33.3,-34.5,400.0,400.0,39.1,67,65.4,no
2026-08-16 16:36:48,rule3-charge,"cloudy, stop raising until clouds clear",-153.4,-32.5,-32.7,400.0,400.0,39.1,67,65.4,no
2026-08-16 16:36:58,rule3-charge,"cloudy, stop raising until clouds clear",-153.8,-29.7,-30.2,400.0,400.0,39.1,67,65.4,no
2026-08-16 16:37:08,rule3-charge,"cloudy, stop raising until clouds clear",-151.0,-27.2,-27.1,400.0,400.0,39.1,67,65.4,no
2026-08-16 16:37:19,rule3-charge,"cloudy, stop raising until clouds clear",-150.6,-24.8,-25.4,400.0,400.0,39.1,67,65.4,no
2026-08-16 16:37:29,rule3-charge,"cloudy, stop raising until clouds clear",-151.4,-23.8,-24.5,400.0,400.0,39.1,67,65.4,no
2026-08-16 16:37:39,rule3-charge,"cloudy, stop raising until clouds clear",-152.6,-25.6,-24.9,400.0,400.0,39.1,67,65.0,no
2026-08-16 16:37:50,rule3-charge,"cloudy, stop raising until clouds clear",-153.0,-24.2,-24.2,400.0,400.0,39.1,67,65.0,no
2026-08-16 16:38:00,rule3-charge,"cloudy, stop raising until clouds clear",-153.2,-25.6,-24.9,400.0,400.0,39.1,67,65.0,no
2026-08-16 16:38:10,rule3-charge,"cloudy, stop raising until clouds clear",-151.4,-24.7,-24.3,400.0,400.0,39.1,67,65.0,no
2026-08-16 16:38:21,rule3-charge,"cloudy, stop raising until clouds clear",-153.8,-25.3,-25.4,400.0,400.0,39.1,67,65.0,no
2026-08-16 16:38:31,rule3-charge,"cloudy, stop raising until clouds clear",-151.8,-25.1,-25.0,400.0,400.0,39.1,67,65.0,no
2026-08-16 16:38:41,rule3-charge,"cloudy, stop raising until clouds clear",-151.8,-25.1,-24.9,400.0,400.0,39.1,67,65.0,no
2026-08-16 16:38:52,rule3-charge,"cloudy, stop raising until clouds clear",-150.6,-24.0,-24.6,400.0,400.0,39.1,67,65.0,no
2026-08-16 16:39:02,rule3-charge,"cloudy, stop raising until clouds clear",-147.8,-23.9,-24.9,400.0,400.0,39.1,67,65.0,no
2026-08-16 16:39:12,rule3-charge,"cloudy, stop raising until clouds clear",-148.6,-24.4,-25.0,400.0,400.0,39.1,67,65.0,no
2026-08-16 16:39:23,rule3-charge,"cloudy, stop raising until clouds clear",-147.4,-24.4,-24.2,400.0,400.0,39.1,67,65.0,no
2026-08-16 16:39:33,rule3-charge,"cloudy, stop raising until clouds clear",-148.8,-25.5,-25.5,400.0,400.0,39.1,67,64.6,no
2026-08-16 16:39:43,rule3-charge,"cloudy, stop raising until clouds clear",-147.6,-25.3,-24.9,400.0,400.0,39.1,67,64.6,no
2026-08-16 16:39:54,rule3-charge,"cloudy, stop raising until clouds clear",-146.8,-24.9,-25.9,400.0,400.0,39.1,67,64.6,no
2026-08-16 16:40:04,rule3-charge,"cloudy, stop raising until clouds clear",-142.4,-23.0,-23.6,400.0,400.0,39.1,67,64.6,no
2026-08-16 16:40:14,rule3-charge,"cloudy, stop raising until clouds clear",-144.2,-23.0,-23.1,400.0,400.0,39.1,67,64.6,no
2026-08-16 16:40:24,rule3-charge,"cloudy, stop raising until clouds clear",-144.8,-24.7,-24.7,400.0,400.0,39.1,67,64.6,no
2026-08-16 16:40:34,rule3-charge,"cloudy, stop raising until clouds clear",-144.2,-25.3,-27.6,400.0,400.0,39.1,67,64.6,no
2026-08-16 16:40:44,rule3-charge,"cloudy, stop raising until clouds clear",-142.0,-24.6,-24.8,400.0,400.0,39.1,67,64.6,no
2026-08-16 16:40:55,rule3-charge,"cloudy, stop raising until clouds clear",-144.8,-24.8,-24.9,400.0,400.0,39.1,67,64.6,no
2026-08-16 16:41:05,rule3-charge,"cloudy, stop raising until clouds clear",-152.4,-25.2,-25.5,400.0,400.0,39.1,67,64.6,no
2026-08-16 16:41:16,rule3-charge,"cloudy, stop raising until clouds clear",-147.4,-25.2,-27.2,400.0,400.0,39.1,67,64.6,no
2026-08-16 16:41:26,rule3-charge,"cloudy, stop raising until clouds clear",-146.2,-25.7,-26.0,400.0,400.0,39.1,67,64.6,no
2026-08-16 16:41:36,rule3-charge,"cloudy, stop raising until clouds clear",-145.2,-25.6,-25.2,400.0,400.0,39.1,67,64.2,no
2026-08-16 16:41:47,rule3-charge,"cloudy, stop raising until clouds clear",-143.0,-26.0,-25.1,400.0,400.0,39.1,67,64.2,no
2026-08-16 16:41:57,rule3-charge,"cloudy, stop raising until clouds clear",-140.8,-24.1,-23.2,400.0,400.0,39.1,67,64.2,no
2026-08-16 16:42:07,rule3-charge,"cloudy, stop raising until clouds clear",-140.2,-22.3,-23.0,400.0,400.0,39.1,67,64.2,no
2026-08-16 16:42:17,rule3-charge,"cloudy, stop raising until clouds clear",-141.4,-23.6,-23.7,400.0,400.0,39.1,67,64.2,no
2026-08-16 16:42:29,rule3-charge,"cloudy, stop raising until clouds clear",-141.4,-23.4,-23.0,400.0,400.0,39.1,67,64.2,no
2026-08-16 16:42:39,rule3-charge,"cloudy, stop raising until clouds clear",-142.8,-24.4,-23.9,400.0,400.0,39.1,67,64.2,no
2026-08-16 16:42:49,rule3-charge,"cloudy, stop raising until clouds clear",-144.4,-25.5,-25.1,400.0,400.0,39.1,67,64.2,no
2026-08-16 16:42:59,rule3-charge,"cloudy, stop raising until clouds clear",-146.2,-27.4,-28.1,400.0,400.0,39.1,67,64.2,no
2026-08-16 16:43:09,rule3-charge,"cloudy, stop raising until clouds clear",-145.4,-27.6,-27.9,400.0,400.0,39.1,67,64.2,no
2026-08-16 16:43:19,rule3-charge,"cloudy, stop raising until clouds clear",-145.8,-28.2,-28.8,400.0,400.0,39.1,67,64.2,no
2026-08-16 16:43:30,rule3-charge,"cloudy, stop raising until clouds clear",-145.8,-29.1,-29.0,400.0,400.0,39.1,67,64.2,no
2026-08-16 16:43:40,rule3-charge,"cloudy, stop raising until clouds clear",-147.0,-29.2,-28.8,400.0,400.0,39.1,67,63.8,no
2026-08-16 16:43:50,rule3-charge,"cloudy, stop raising until clouds clear",-145.8,-30.8,-31.9,400.0,400.0,39.1,67,63.8,no
2026-08-16 16:44:01,rule3-charge,"cloudy, stop raising until clouds clear",-146.4,-28.3,-28.7,400.0,400.0,39.1,67,63.8,no
2026-08-16 16:44:11,rule3-charge,"cloudy, stop raising until clouds clear",-146.6,-28.2,-29.4,400.0,400.0,39.1,67,63.8,no
2026-08-16 16:44:21,rule3-charge,"cloudy, stop raising until clouds clear",-148.4,-28.2,-28.0,400.0,400.0,39.1,67,63.8,no
2026-08-16 16:44:32,rule3-charge,"cloudy, stop raising until clouds clear",-145.2,-27.2,-26.8,400.0,400.0,39.1,67,63.8,no
2026-08-16 16:44:55,rule3-charge,"cloudy, stop raising until clouds clear",-148.8,-30.0,-30.4,400.0,400.0,39.1,67,63.8,no
2026-08-16 16:45:05,rule3-charge,"cloudy, stop raising until clouds clear",-143.4,-27.2,-27.4,400.0,400.0,39.1,67,63.8,no
2026-08-16 16:45:15,rule3-charge,"cloudy, stop raising until clouds clear",-140.8,-26.2,-26.0,400.0,400.0,39.1,67,63.8,no
2026-08-16 16:45:25,rule3-charge,"cloudy, stop raising until clouds clear",-143.2,-26.7,-26.8,400.0,400.0,39.1,67,63.8,no
2026-08-16 16:45:35,rule3-charge,"cloudy, stop raising until clouds clear",-142.6,-27.3,-27.2,400.0,400.0,39.1,67,63.5,no
2026-08-16 16:45:45,rule3-charge,"cloudy, stop raising until clouds clear",-143.8,-28.1,-28.0,400.0,400.0,39.1,67,63.5,no
2026-08-16 16:45:55,rule3-charge,"cloudy, stop raising until clouds clear",-142.2,-27.1,-27.1,400.0,400.0,39.1,67,63.5,no
2026-08-16 16:46:05,rule3-charge,"cloudy, stop raising until clouds clear",-141.8,-27.8,-27.9,400.0,400.0,39.1,67,63.5,no
2026-08-16 16:46:15,rule3-charge,"cloudy, stop raising until clouds clear",-141.0,-26.5,-27.3,400.0,400.0,39.1,67,63.5,no
2026-08-16 16:46:25,rule3-charge,"cloudy, stop raising until clouds clear",-152.6,-32.5,-32.4,400.0,400.0,39.1,67,63.5,no
2026-08-16 16:46:36,rule3-charge,"cloudy, stop raising until clouds clear",-149.8,-32.1,-32.1,400.0,400.0,39.1,67,63.5,no
2026-08-16 16:46:46,rule3-charge,"cloudy, stop raising until clouds clear",-152.0,-32.0,-32.0,400.0,400.0,39.1,67,63.5,no
2026-08-16 16:46:56,rule3-charge,"cloudy, stop raising until clouds clear",-151.0,-32.2,-31.6,400.0,400.0,39.1,67,63.5,no
2026-08-16 16:47:07,rule3-charge,"cloudy, stop raising until clouds clear",-142.2,-29.2,-28.2,400.0,400.0,39.1,67,63.1,no
2026-08-16 16:47:17,rule3-charge,"cloudy, stop raising until clouds clear",-140.4,-25.8,-26.6,400.0,400.0,39.1,67,63.1,no
2026-08-16 16:47:27,rule3-charge,"cloudy, stop raising until clouds clear",-142.2,-26.2,-26.6,400.0,400.0,39.1,67,63.1,no
2026-08-16 16:47:37,rule3-charge,"cloudy, stop raising until clouds clear",-144.6,-29.0,-29.8,400.0,400.0,39.1,67,63.1,no
2026-08-16 16:47:47,rule3-charge,"cloudy, stop raising until clouds clear",-148.0,-30.2,-30.5,400.0,400.0,39.1,67,63.1,no
2026-08-16 16:47:57,rule3-charge,"cloudy, stop raising until clouds clear",-146.8,-29.5,-29.5,400.0,400.0,39.1,67,63.1,no
2026-08-16 16:48:08,rule3-charge,"cloudy, stop raising until clouds clear",-150.8,-29.6,-30.0,400.0,400.0,39.1,67,63.1,no
2026-08-16 16:48:18,rule3-charge,"cloudy, stop raising until clouds clear",-147.6,-29.4,-29.0,400.0,400.0,39.1,67,63.1,no
2026-08-16 16:48:28,rule3-charge,"charging until 95%, waiting for ESS data",-150.2,-30.8,,400.0,400.0,39.1,67,63.1,no
2026-08-16 16:48:38,rule3-charge,"charging until 95%, waiting for ESS data",-150.6,-30.9,,400.0,400.0,39.1,67,63.1,no
2026-08-16 16:48:48,rule3-charge,"cloudy, stop raising until clouds clear",-151.0,-30.6,-31.3,400.0,400.0,39.1,67,63.1,no
2026-08-16 16:48:58,rule3-charge,"cloudy, stop raising until clouds clear",-151.4,-31.1,-31.0,400.0,400.0,39.1,67,63.1,no
2026-08-16 16:49:09,rule3-charge,"cloudy, stop raising until clouds clear",-151.0,-29.6,-30.1,400.0,400.0,39.1,67,62.7,no
2026-08-16 16:49:19,rule3-charge,"cloudy, stop raising until clouds clear",-152.4,-30.6,-31.4,400.0,400.0,39.1,67,62.7,no
2026-08-16 16:49:29,rule3-charge,"cloudy, stop raising until clouds clear",-153.0,-31.1,-31.4,400.0,400.0,39.1,67,62.7,no
2026-08-16 16:49:39,rule3-charge,"cloudy, stop raising until clouds clear",-153.6,-31.5,-32.0,400.0,400.0,39.1,67,62.7,no
2026-08-16 16:49:49,rule3-charge,"cloudy, stop raising until clouds clear",-152.4,-30.5,-30.5,400.0,400.0,39.1,67,62.7,no
2026-08-16 16:49:59,rule3-charge,"cloudy, stop raising until clouds clear",-153.2,-30.4,-31.3,400.0,400.0,39.1,67,62.7,no
2026-08-16 16:50:10,rule3-charge,"cloudy, stop raising until clouds clear",-157.6,-33.8,-32.8,400.0,400.0,39.1,67,62.7,no
2026-08-16 16:50:20,rule3-charge,"cloudy, stop raising until clouds clear",-157.8,-33.7,-33.2,400.0,400.0,39.1,67,62.7,no
2026-08-16 16:50:30,rule3-charge,"cloudy, stop raising until clouds clear",-154.2,-32.8,-31.8,400.0,400.0,39.1,67,62.7,no
2026-08-16 16:50:41,rule3-charge,"cloudy, stop raising until clouds clear",-150.2,-30.7,-29.7,400.0,400.0,39.1,67,62.3,no
2026-08-16 16:50:51,rule3-charge,"cloudy, stop raising until clouds clear",-152.4,-31.2,-31.0,400.0,400.0,39.1,67,62.3,no
2026-08-16 16:51:01,rule3-charge,"cloudy, stop raising until clouds clear",-153.6,-31.5,-31.5,400.0,400.0,39.1,67,62.3,no
2026-08-16 16:51:11,rule3-charge,"cloudy, stop raising until clouds clear",-151.4,-30.4,-30.1,400.0,400.0,39.1,67,62.3,no
2026-08-16 16:51:21,rule3-charge,"cloudy, stop raising until clouds clear",-152.2,-31.0,-30.8,400.0,400.0,39.1,67,62.3,no
2026-08-16 16:51:31,rule3-charge,"cloudy, stop raising until clouds clear",-152.2,-30.9,-30.4,400.0,400.0,39.1,67,62.3,no
2026-08-16 16:51:42,rule3-charge,"cloudy, stop raising until clouds clear",-154.4,-31.3,-31.5,400.0,400.0,39.1,67,62.3,no
2026-08-16 16:51:52,rule3-charge,"cloudy, stop raising until clouds clear",-151.8,-30.2,-30.2,400.0,400.0,39.1,67,62.3,no
2026-08-16 16:52:02,rule3-charge,"cloudy, stop raising until clouds clear",-152.4,-30.7,-30.0,400.0,400.0,39.1,67,62.3,no
2026-08-16 16:52:12,rule3-charge,"cloudy, stop raising until clouds clear",-152.8,-31.8,-31.0,400.0,400.0,39.1,67,61.9,no
2026-08-16 16:52:22,rule3-charge,"cloudy, stop raising until clouds clear",-153.2,-31.5,-31.2,400.0,400.0,39.1,67,61.9,no
2026-08-16 16:52:32,rule3-charge,"cloudy, stop raising until clouds clear",-148.6,-29.0,-29.6,400.0,400.0,39.1,67,61.9,no
2026-08-16 16:52:43,rule3-charge,"cloudy, stop raising until clouds clear",-148.0,-28.1,-29.4,400.0,400.0,39.1,67,61.9,no
2026-08-16 16:52:53,rule3-charge,"cloudy, stop raising until clouds clear",-146.2,-27.2,-27.4,400.0,400.0,39.1,67,61.9,no
2026-08-16 16:53:03,rule3-charge,"cloudy, stop raising until clouds clear",-145.6,-28.2,-29.0,400.0,400.0,39.1,67,61.9,no
2026-08-16 16:53:13,rule3-charge,"cloudy, stop raising until clouds clear",-149.8,-27.4,-31.3,400.0,400.0,39.1,67,61.9,no
2026-08-16 16:53:23,rule3-charge,"cloudy, stop raising until clouds clear",-149.2,-28.1,-29.2,400.0,400.0,39.1,67,61.9,no
2026-08-16 16:53:33,rule3-charge,"cloudy, stop raising until clouds clear",-147.2,-29.5,-27.9,400.0,400.0,39.1,67,61.9,no
2026-08-16 16:53:44,rule3-charge,"cloudy, stop raising until clouds clear",-145.0,-28.7,-26.3,400.0,400.0,39.1,67,61.5,no
2026-08-16 16:53:54,rule3-charge,"cloudy, stop raising until clouds clear",-142.2,-25.9,-25.9,400.0,400.0,39.1,67,61.5,no
2026-08-16 16:54:04,rule3-charge,"cloudy, stop raising until clouds clear",-151.0,-28.3,-27.5,400.0,400.0,39.1,67,61.5,no
2026-08-16 16:54:14,rule3-charge,"cloudy, stop raising until clouds clear",-147.0,-29.2,-28.7,400.0,400.0,39.1,67,61.5,no
2026-08-16 16:54:24,rule3-charge,"cloudy, stop raising until clouds clear",-146.2,-29.1,-29.1,400.0,400.0,39.1,67,61.5,no
2026-08-16 16:54:34,rule3-charge,"cloudy, stop raising until clouds clear",-144.6,-28.4,-28.8,400.0,400.0,39.0,88,61.5,no
2026-08-16 16:54:45,rule3-charge,"cloudy, stop raising until clouds clear",-145.6,-28.6,-28.4,400.0,400.0,39.0,88,61.5,no
2026-08-16 16:54:55,rule3-charge,"cloudy, stop raising until clouds clear",-145.0,-28.2,-29.2,400.0,400.0,39.0,88,61.5,no
2026-08-16 16:55:05,rule3-charge,"cloudy, stop raising until clouds clear",-145.2,-28.4,-28.3,400.0,400.0,39.0,88,61.1,no
2026-08-16 16:55:15,rule3-charge,"cloudy, stop raising until clouds clear",-152.6,-32.5,-31.3,400.0,400.0,39.0,88,61.1,no
2026-08-16 16:55:25,rule3-charge,"cloudy, stop raising until clouds clear",-153.4,-32.5,-32.8,400.0,400.0,39.0,88,61.1,no
2026-08-16 16:55:35,rule3-charge,"cloudy, stop raising until clouds clear",-156.4,-33.0,-33.8,400.0,400.0,39.0,88,61.1,no
2026-08-16 16:55:46,rule3-charge,"cloudy, stop raising until clouds clear",-148.8,-30.5,-33.1,400.0,400.0,39.0,88,61.1,no
2026-08-16 16:55:56,rule3-charge,"cloudy, stop raising until clouds clear",-149.2,-30.1,-30.0,400.0,400.0,39.0,88,61.1,no
2026-08-16 16:56:06,rule3-charge,"cloudy, stop raising until clouds clear",-150.2,-30.8,-31.8,400.0,400.0,39.0,88,61.1,no
2026-08-16 16:56:16,rule3-charge,"cloudy, stop raising until clouds clear",-153.4,-32.1,-31.6,400.0,400.0,39.0,88,61.1,no
2026-08-16 16:56:26,rule3-charge,"cloudy, stop raising until clouds clear",-150.6,-30.8,-30.6,400.0,400.0,39.0,88,61.1,no
2026-08-16 16:56:36,rule3-charge,"cloudy, stop raising until clouds clear",-153.2,-31.5,-31.6,400.0,400.0,39.0,88,61.1,no
2026-08-16 16:56:46,rule3-charge,"cloudy, stop raising until clouds clear",-154.8,-33.2,-33.4,400.0,400.0,39.0,88,61.1,no
2026-08-16 16:56:56,rule3-charge,"cloudy, stop raising until clouds clear",-152.0,-31.9,-32.6,400.0,400.0,39.0,88,61.1,no
2026-08-16 16:57:06,rule3-charge,"cloudy, stop raising until clouds clear",-151.4,-32.1,-32.2,400.0,400.0,39.0,88,60.7,no
2026-08-16 16:57:17,rule3-charge,"cloudy, stop raising until clouds clear",-152.6,-32.3,-32.6,400.0,400.0,39.0,88,60.7,no
2026-08-16 16:57:27,rule3-charge,"cloudy, stop raising until clouds clear",-154.2,-34.1,-34.0,400.0,400.0,39.0,88,60.7,no
2026-08-16 16:57:37,rule3-charge,"cloudy, stop raising until clouds clear",-152.0,-33.0,-33.9,400.0,400.0,39.0,88,60.7,no
2026-08-16 16:57:47,rule3-charge,"cloudy, stop raising until clouds clear",-151.6,-32.2,-33.1,400.0,400.0,39.0,88,60.7,no
2026-08-16 16:57:57,rule3-charge,"cloudy, stop raising until clouds clear",-151.0,-32.6,-32.5,400.0,400.0,39.0,88,60.7,no
2026-08-16 16:58:08,rule3-charge,"cloudy, stop raising until clouds clear",-153.2,-33.7,-35.0,400.0,400.0,39.0,88,60.3,no
2026-08-16 16:58:18,rule3-charge,"cloudy, stop raising until clouds clear",-152.2,-33.2,-33.2,400.0,400.0,39.0,88,60.3,no
2026-08-16 16:58:28,rule3-charge,"cloudy, stop raising until clouds clear",-152.0,-33.0,-33.3,400.0,400.0,39.0,88,60.3,no
2026-08-16 16:58:38,rule3-charge,"cloudy, stop raising until clouds clear",-151.8,-33.6,-33.3,400.0,400.0,39.0,88,60.3,no
2026-08-16 16:58:48,rule3-charge,"cloudy, stop raising until clouds clear",-156.6,-36.5,-36.5,400.0,400.0,39.0,88,60.3,no
2026-08-16 16:58:58,rule3-charge,"cloudy, stop raising until clouds clear",-151.6,-33.2,-33.5,400.0,400.0,39.0,88,60.3,no
2026-08-16 16:59:08,rule3-charge,"cloudy, stop raising until clouds clear",-151.2,-32.8,-33.1,400.0,400.0,39.0,88,60.3,no
2026-08-16 16:59:19,rule3-charge,"cloudy, stop raising until clouds clear",-156.6,-34.2,-34.8,400.0,400.0,39.0,88,60.3,no
2026-08-16 16:59:29,rule3-charge,"cloudy, stop raising until clouds clear",-158.0,-36.6,-36.6,400.0,400.0,39.0,88,60.3,no
2026-08-16 16:59:39,rule3-charge,"cloudy, stop raising until clouds clear",-154.4,-34.6,-34.4,400.0,400.0,39.0,88,59.9,no
2026-08-16 16:59:49,rule3-charge,"cloudy, stop raising until clouds clear",-149.8,-32.3,-32.5,400.0,400.0,39.0,88,59.9,no
2026-08-16 16:59:59,rule3-charge,"cloudy, stop raising until clouds clear",-155.8,-35.3,-35.3,400.0,400.0,39.0,88,59.9,no
2026-08-16 17:00:09,rule3-charge,"cloudy, stop raising until clouds clear",-152.2,-35.9,-36.2,400.0,400.0,39.0,88,59.9,no
2026-08-16 17:00:20,rule3-charge,"cloudy, stop raising until clouds clear",-151.4,-33.8,-34.3,400.0,400.0,39.0,88,59.9,no
2026-08-16 17:00:30,rule3-charge,"cloudy, stop raising until clouds clear",-149.0,-34.4,-32.6,400.0,400.0,39.0,88,59.9,no
2026-08-16 17:00:40,rule3-charge,"cloudy, stop raising until clouds clear",-150.2,-35.7,-34.8,400.0,400.0,39.0,88,59.9,no
2026-08-16 17:00:50,rule3-charge,"cloudy, stop raising until clouds clear",-150.4,-33.7,-34.7,400.0,400.0,39.0,88,59.9,no
2026-08-16 17:01:00,rule3-charge,"cloudy, stop raising until clouds clear",-148.8,-33.7,-33.8,400.0,400.0,39.0,88,59.9,no
2026-08-16 17:01:10,rule3-charge,"cloudy, stop raising until clouds clear",-150.8,-33.9,-33.5,400.0,400.0,39.0,88,59.5,no
2026-08-16 17:01:21,rule3-charge,"cloudy, stop raising until clouds clear",-151.6,-35.3,-34.5,400.0,400.0,39.0,88,59.5,no
2026-08-16 17:01:31,rule3-charge,"charging until 95%, waiting for ESS data",-152.0,-35.2,,400.0,400.0,39.0,88,59.5,no
2026-08-16 17:01:41,rule3-charge,"charging until 95%, waiting for ESS data",-147.0,-34.8,,400.0,400.0,39.0,88,59.5,no
2026-08-16 17:01:51,rule3-charge,"cloudy, stop raising until clouds clear",-147.2,-33.3,-33.3,400.0,400.0,39.0,88,59.5,no
2026-08-16 17:02:01,rule3-charge,"cloudy, stop raising until clouds clear",-146.8,-33.3,-33.1,400.0,400.0,39.0,88,59.5,no
2026-08-16 17:02:11,rule3-charge,"cloudy, stop raising until clouds clear",-148.2,-33.7,-33.7,400.0,400.0,39.0,88,59.5,no
2026-08-16 17:02:22,rule3-charge,"cloudy, stop raising until clouds clear",-151.4,-36.9,-34.5,400.0,400.0,39.0,88,59.5,no
2026-08-16 17:02:32,rule3-charge,"cloudy, stop raising until clouds clear",-151.2,-36.7,-35.4,400.0,400.0,39.0,88,59.5,no
2026-08-16 17:02:42,rule3-charge,"cloudy, stop raising until clouds clear",-148.6,-34.1,-34.5,400.0,400.0,39.0,88,59.1,no
2026-08-16 17:02:52,rule3-charge,"cloudy, stop raising until clouds clear",-148.2,-34.6,-34.4,400.0,400.0,39.0,88,59.1,no
2026-08-16 17:03:02,rule3-charge,"cloudy, stop raising until clouds clear",-148.8,-35.1,-36.4,400.0,400.0,39.0,88,59.1,no
2026-08-16 17:03:12,rule3-charge,"cloudy, stop raising until clouds clear",-153.4,-36.8,-37.5,400.0,400.0,39.0,88,59.1,no
2026-08-16 17:03:23,rule3-charge,"cloudy, stop raising until clouds clear",-150.8,-38.1,-38.0,400.0,400.0,39.0,88,59.1,no
2026-08-16 17:03:33,rule3-charge,"cloudy, stop raising until clouds clear",-154.2,-38.0,-38.4,400.0,400.0,39.0,88,59.1,no
2026-08-16 17:03:43,rule3-charge,"cloudy, stop raising until clouds clear",-151.8,-37.9,-37.7,400.0,400.0,39.0,88,59.1,no
2026-08-16 17:03:53,rule3-charge,"cloudy, stop raising until clouds clear",-157.6,-39.4,-40.2,400.0,400.0,39.0,88,59.1,no
2026-08-16 17:04:03,rule3-charge,"cloudy, stop raising until clouds clear",-153.2,-40.4,-39.8,400.0,400.0,39.0,88,59.1,no
2026-08-16 17:04:13,rule3-charge,"cloudy, stop raising until clouds clear",-152.0,-37.8,-38.2,400.0,400.0,39.0,88,58.7,no
2026-08-16 17:04:24,rule3-charge,"cloudy, stop raising until clouds clear",-147.2,-38.0,-37.9,400.0,400.0,39.0,88,58.7,no
2026-08-16 17:04:34,rule3-charge,"cloudy, stop raising until clouds clear",-148.0,-37.0,-36.9,400.0,400.0,39.0,88,58.7,no
2026-08-16 17:04:44,rule3-charge,"cloudy, stop raising until clouds clear",-149.2,-37.6,-37.6,400.0,400.0,38.8,100,58.7,no
2026-08-16 17:05:06,rule3-charge,"cloudy, stop raising until clouds clear",-147.8,-37.4,-37.8,400.0,400.0,38.8,100,58.4,no
2026-08-16 17:05:16,rule3-charge,"cloudy, stop raising until clouds clear",-146.2,-36.6,-36.2,400.0,400.0,38.8,100,58.4,no
2026-08-16 17:05:26,rule3-charge,"cloudy, stop raising until clouds clear",-155.8,-38.1,-37.7,400.0,400.0,38.8,100,58.4,no
2026-08-16 17:05:36,rule3-charge,"cloudy, stop raising until clouds clear",-152.0,-40.4,-39.9,400.0,400.0,38.8,100,58.4,no
2026-08-16 17:05:46,rule3-charge,"cloudy, stop raising until clouds clear",-149.4,-39.8,-40.1,400.0,400.0,38.8,100,58.4,no
2026-08-16 17:05:56,rule3-charge,"cloudy, stop raising until clouds clear",-149.4,-39.8,-39.3,400.0,400.0,38.8,100,58.4,no
2026-08-16 17:06:06,rule3-charge,"cloudy, stop raising until clouds clear",-149.2,-40.2,-40.1,400.0,400.0,38.8,100,58.4,no
2026-08-16 17:06:16,rule3-charge,"cloudy, stop raising until clouds clear",-150.0,-40.0,-42.4,400.0,400.0,38.8,100,58.4,no
2026-08-16 17:06:26,rule3-charge,"cloudy, stop raising until clouds clear",-148.4,-40.2,-39.9,400.0,400.0,38.8,100,58.4,no
2026-08-16 17:06:36,rule3-charge,"cloudy, stop raising until clouds clear",-148.6,-39.6,-39.6,400.0,400.0,38.8,100,58.0,no
2026-08-16 17:06:46,rule3-charge,"cloudy, stop raising until clouds clear",-149.2,-40.8,-40.3,400.0,400.0,38.8,100,58.0,no
2026-08-16 17:06:56,rule3-charge,"cloudy, stop raising until clouds clear",-153.0,-42.7,-42.8,400.0,400.0,38.8,100,58.0,no
2026-08-16 17:07:06,rule3-charge,"cloudy, stop raising until clouds clear",-148.4,-40.4,-41.2,400.0,400.0,38.8,100,58.0,no
2026-08-16 17:07:16,rule3-charge,"cloudy, stop raising until clouds clear",-157.2,-42.7,-42.4,400.0,400.0,38.8,100,58.0,no
2026-08-16 17:07:27,rule3-charge,"cloudy, stop raising until clouds clear",-158.6,-46.0,-44.1,400.0,400.0,38.8,100,58.0,no
2026-08-16 17:07:37,rule3-charge,"cloudy, stop raising until clouds clear",-155.0,-45.8,-44.8,400.0,400.0,38.8,100,57.6,no
2026-08-16 17:07:47,rule3-charge,"cloudy, stop raising until clouds clear",-152.6,-44.0,-43.9,400.0,400.0,38.8,100,57.6,no
2026-08-16 17:07:57,rule3-charge,"cloudy, stop raising until clouds clear",-151.8,-43.3,-43.3,400.0,400.0,38.8,100,57.6,no
2026-08-16 17:08:07,rule3-charge,"cloudy, stop raising until clouds clear",-153.4,-43.6,-43.7,400.0,400.0,38.8,100,57.6,no
2026-08-16 17:08:17,rule3-charge,"cloudy, stop raising until clouds clear",-154.0,-45.6,-45.2,400.0,400.0,38.8,100,57.6,no
2026-08-16 17:08:28,rule3-charge,"cloudy, stop raising until clouds clear",-154.2,-44.9,-44.6,400.0,400.0,38.8,100,57.6,no
2026-08-16 17:08:38,rule3-charge,"cloudy, stop raising until clouds clear",-151.4,-44.5,-44.7,400.0,400.0,38.8,100,57.2,no
2026-08-16 17:08:48,rule3-charge,"cloudy, stop raising until clouds clear",-152.4,-45.1,-44.8,400.0,400.0,38.8,100,57.2,no
2026-08-16 17:08:58,rule3-charge,"cloudy, stop raising until clouds clear",-152.2,-45.3,-46.0,400.0,400.0,38.8,100,57.2,no
2026-08-16 17:09:08,rule3-charge,"cloudy, stop raising until clouds clear",-152.2,-45.8,-45.8,400.0,400.0,38.8,100,57.2,no
2026-08-16 17:09:18,rule3-charge,"cloudy, stop raising until clouds clear",-152.0,-46.9,-46.0,400.0,400.0,38.8,100,57.2,no
2026-08-16 17:09:29,rule3-charge,"cloudy, stop raising until clouds clear",-153.4,-47.3,-47.2,400.0,400.0,38.8,100,57.2,no
2026-08-16 17:09:39,rule3-charge,"cloudy, stop raising until clouds clear",-152.0,-46.7,-47.4,400.0,400.0,38.8,100,56.8,no
2026-08-16 17:09:49,rule3-charge,"cloudy, stop raising until clouds clear",-151.8,-46.9,-46.6,400.0,400.0,38.8,100,56.8,no
2026-08-16 17:09:59,rule3-charge,"cloudy, stop raising until clouds clear",-149.0,-46.9,-45.9,400.0,400.0,38.8,100,56.8,no
2026-08-16 17:10:09,rule3-charge,"cloudy, stop raising until clouds clear",-151.0,-46.2,-46.3,400.0,400.0,38.8,100,56.8,no
2026-08-16 17:10:19,rule3-charge,"cloudy, stop raising until clouds clear",-149.8,-46.6,-46.3,400.0,400.0,38.8,100,56.8,no
2026-08-16 17:10:30,rule3-charge,"cloudy, stop raising until clouds clear",-150.2,-47.5,-47.3,400.0,400.0,38.8,100,56.8,no
2026-08-16 17:10:40,rule3-charge,"cloudy, stop raising until clouds clear",-148.6,-46.6,-46.6,400.0,400.0,38.8,100,56.8,no
2026-08-16 17:10:50,rule3-charge,"cloudy, stop raising until clouds clear",-151.0,-47.0,-47.3,400.0,400.0,38.8,100,56.8,no
2026-08-16 17:11:00,rule3-charge,"cloudy, stop raising until clouds clear",-149.2,-47.1,-47.7,400.0,400.0,38.8,100,56.8,no
2026-08-16 17:11:11,rule3-charge,"cloudy, stop raising until clouds clear",-149.4,-47.0,-47.2,400.0,400.0,38.8,100,56.4,no
2026-08-16 17:11:21,rule3-charge,"cloudy, stop raising until clouds clear",-149.4,-46.8,-47.6,400.0,400.0,38.8,100,56.4,no
2026-08-16 17:11:31,rule3-charge,"cloudy, stop raising until clouds clear",-154.6,-49.8,-49.2,400.0,400.0,38.8,100,56.4,no
2026-08-16 17:11:41,rule3-charge,"cloudy, stop raising until clouds clear",-153.4,-49.5,-50.0,400.0,400.0,38.8,100,56.4,no
2026-08-16 17:11:51,rule3-charge,"cloudy, stop raising until clouds clear",-154.4,-50.6,-50.4,400.0,400.0,38.8,100,56.4,no
2026-08-16 17:12:02,rule3-charge,"cloudy, stop raising until clouds clear",-153.8,-50.8,-50.4,400.0,400.0,38.8,100,56.0,no
2026-08-16 17:12:12,rule3-charge,"cloudy, stop raising until clouds clear",-152.6,-50.8,-51.5,400.0,400.0,38.8,100,56.0,no
2026-08-16 17:12:22,rule3-charge,"cloudy, stop raising until clouds clear",-151.0,-49.6,-49.3,400.0,400.0,38.8,100,56.0,no
2026-08-16 17:12:32,rule3-charge,"cloudy, stop raising until clouds clear",-156.0,-49.8,-49.9,400.0,400.0,38.8,100,56.0,no
2026-08-16 17:12:42,rule3-charge,"cloudy, stop raising until clouds clear",-154.0,-49.4,-53.6,400.0,400.0,38.8,100,56.0,no
2026-08-16 17:12:52,rule3-charge,"cloudy, stop raising until clouds clear",-153.8,-51.7,-53.5,400.0,400.0,38.8,100,56.0,no
2026-08-16 17:13:03,rule3-charge,"cloudy, stop raising until clouds clear",-155.8,-52.6,-52.5,400.0,400.0,38.8,100,55.6,no
2026-08-16 17:13:13,rule3-charge,"cloudy, stop raising until clouds clear",-164.4,-56.6,-56.8,400.0,400.0,38.8,100,55.6,no
2026-08-16 17:13:23,rule3-charge,"cloudy, stop raising until clouds clear",-166.0,-57.2,-56.6,400.0,400.0,38.8,100,55.6,no
2026-08-16 17:13:33,rule3-charge,"cloudy, stop raising until clouds clear",-168.4,-58.8,-58.0,400.0,400.0,38.8,100,55.2,no
2026-08-16 17:13:43,rule3-charge,"cloudy, stop raising until clouds clear",-167.8,-58.6,-59.3,400.0,400.0,38.8,100,55.2,no
2026-08-16 17:13:53,rule3-charge,"cloudy, stop raising until clouds clear",-165.4,-57.8,-59.1,400.0,400.0,38.8,100,55.2,no
2026-08-16 17:14:04,rule3-charge,"cloudy, stop raising until clouds clear",-163.6,-58.1,-57.3,400.0,400.0,38.8,100,55.2,no
2026-08-16 17:14:14,rule3-charge,"cloudy, stop raising until clouds clear",-166.2,-58.7,-58.7,400.0,400.0,38.8,100,55.2,no
2026-08-16 17:14:24,rule3-charge,"cloudy, stop raising until clouds clear",-163.0,-57.7,-57.9,400.0,400.0,38.8,100,55.2,no
2026-08-16 17:14:34,rule3-charge,"charging until 95%, waiting for ESS data",-163.2,-57.6,,400.0,400.0,38.8,100,55.2,no
2026-08-16 17:14:44,rule3-charge,"charging until 95%, waiting for ESS data",-176.4,-64.0,,400.0,400.0,38.8,100,55.2,no
2026-08-16 17:14:55,rule3-charge,"cloudy, stop raising until clouds clear",-179.2,-65.7,-65.7,400.0,400.0,38.8,100,55.2,no
2026-08-16 17:15:05,rule3-charge,"cloudy, stop raising until clouds clear",-179.6,-65.6,-66.3,400.0,400.0,38.8,100,54.9,no
2026-08-16 17:15:15,rule3-charge,"cloudy, stop raising until clouds clear",-181.2,-67.4,-67.1,400.0,400.0,38.8,100,54.9,no
2026-08-16 17:15:25,rule3-charge,"cloudy, stop raising until clouds clear",-181.4,-67.4,-67.1,400.0,400.0,38.8,100,54.9,no
2026-08-16 17:15:35,rule3-charge,"cloudy, stop raising until clouds clear",-180.2,-66.9,-67.9,400.0,400.0,38.8,100,54.5,no
2026-08-16 17:15:45,rule3-charge,"cloudy, stop raising until clouds clear",-180.6,-67.1,-67.4,400.0,400.0,38.8,100,54.5,no
2026-08-16 17:15:55,rule3-charge,"cloudy, stop raising until clouds clear",-180.4,-67.9,-68.7,400.0,400.0,38.8,100,54.5,no
2026-08-16 17:16:06,rule3-charge,"cloudy, stop raising until clouds clear",-182.2,-68.1,-68.9,400.0,400.0,38.8,100,54.1,no
2026-08-16 17:16:16,rule3-charge,"cloudy, stop raising until clouds clear",-182.4,-69.8,-69.2,400.0,400.0,38.8,100,54.1,no
2026-08-16 17:16:26,rule3-charge,"cloudy, stop raising until clouds clear",-182.2,-68.9,-69.0,400.0,400.0,38.8,100,54.1,no
2026-08-16 17:16:36,rule3-charge,"cloudy, stop raising until clouds clear",-178.2,-67.6,-68.2,400.0,400.0,38.8,100,53.7,no
2026-08-16 17:16:46,rule3-charge,"cloudy, stop raising until clouds clear",-178.8,-67.1,-67.2,400.0,400.0,38.8,100,53.7,no
2026-08-16 17:16:56,rule3-charge,"cloudy, stop raising until clouds clear",-180.6,-68.8,-68.7,400.0,400.0,38.8,100,53.7,no
2026-08-16 17:17:07,rule3-charge,"cloudy, stop raising until clouds clear",-180.2,-68.3,-68.7,400.0,400.0,38.8,100,53.7,no
2026-08-16 17:17:17,rule3-charge,"cloudy, stop raising until clouds clear",-182.2,-69.5,-71.5,400.0,400.0,38.8,100,53.7,no
2026-08-16 17:17:27,rule3-charge,"cloudy, stop raising until clouds clear",-182.4,-70.8,-71.0,400.0,400.0,38.8,100,53.7,no
2026-08-16 17:17:37,rule3-charge,"cloudy, stop raising until clouds clear",-181.8,-69.7,-70.1,400.0,400.0,38.8,100,53.3,no
2026-08-16 17:17:47,rule3-charge,"cloudy, stop raising until clouds clear",-181.4,-69.7,-70.1,400.0,400.0,38.8,100,53.3,no
2026-08-16 17:17:57,rule3-charge,"cloudy, stop raising until clouds clear",-181.2,-69.1,-69.8,400.0,400.0,38.8,100,53.3,no
2026-08-16 17:18:08,rule3-charge,"cloudy, stop raising until clouds clear",-183.4,-71.1,-70.4,400.0,400.0,38.8,100,52.9,no
2026-08-16 17:18:18,rule3-charge,"cloudy, stop raising until clouds clear",-183.0,-70.4,-70.9,400.0,400.0,38.8,100,52.9,no
2026-08-16 17:18:28,rule3-charge,"cloudy, stop raising until clouds clear",-184.6,-71.4,-71.7,400.0,400.0,38.8,100,52.9,no
2026-08-16 17:18:38,rule3-charge,"cloudy, stop raising until clouds clear",-184.2,-70.9,-71.8,400.0,400.0,38.8,100,52.9,no
2026-08-16 17:18:48,rule3-charge,"cloudy, stop raising until clouds clear",-186.6,-72.2,-72.7,400.0,400.0,38.8,100,52.9,no
2026-08-16 17:18:58,rule3-charge,"cloudy, stop raising until clouds clear",-185.8,-72.7,-72.2,400.0,400.0,38.8,100,52.9,no
2026-08-16 17:19:09,rule3-charge,"cloudy, stop raising until clouds clear",-186.0,-72.0,-72.4,400.0,400.0,38.8,100,52.6,no
2026-08-16 17:19:19,rule3-charge,"cloudy, stop raising until clouds clear",-185.6,-72.7,-72.8,400.0,400.0,38.8,100,52.6,no
2026-08-16 17:19:29,rule3-charge,"cloudy, stop raising until clouds clear",-190.0,-75.1,-74.5,400.0,400.0,38.8,100,52.6,no
2026-08-16 17:19:40,rule3-charge,"cloudy, stop raising until clouds clear",-188.4,-74.0,-74.6,400.0,400.0,38.8,100,52.2,no
2026-08-16 17:19:50,rule3-charge,"cloudy, stop raising until clouds clear",-189.2,-74.6,-74.6,400.0,400.0,38.8,100,52.2,no
2026-08-16 17:20:00,rule3-charge,"cloudy, stop raising until clouds clear",-188.8,-73.9,-73.9,400.0,400.0,38.8,100,52.2,no
2026-08-16 17:20:10,rule3-charge,"cloudy, stop raising until clouds clear",-191.4,-75.8,-74.6,400.0,400.0,38.8,100,51.8,no
2026-08-16 17:20:20,rule3-charge,"cloudy, stop raising until clouds clear",-192.6,-75.4,-75.9,400.0,400.0,38.8,100,51.8,no
2026-08-16 17:20:30,rule3-charge,"cloudy, stop raising until clouds clear",-197.2,-75.3,-76.0,400.0,400.0,38.8,100,51.8,no
2026-08-16 17:20:40,rule3-charge,"cloudy, stop raising until clouds clear",-195.4,-79.2,-79.5,400.0,400.0,38.8,100,51.4,no
2026-08-16 17:20:50,rule3-charge,"cloudy, stop raising until clouds clear",-198.2,-79.3,-78.9,400.0,400.0,38.8,100,51.4,no
2026-08-16 17:21:00,rule3-charge,"cloudy, stop raising until clouds clear",-193.4,-79.7,-80.0,400.0,400.0,38.8,100,51.4,no
2026-08-16 17:21:11,rule3-charge,"cloudy, stop raising until clouds clear",-188.4,-75.2,-75.8,400.0,400.0,38.8,100,51.4,no
2026-08-16 17:21:21,rule3-charge,"cloudy, stop raising until clouds clear",-190.4,-76.0,-75.9,400.0,400.0,38.8,100,51.4,no
2026-08-16 17:21:31,rule3-charge,"cloudy, stop raising until clouds clear",-191.6,-76.3,-75.6,400.0,400.0,38.8,100,51.4,no
2026-08-16 17:21:41,rule3-charge,"cloudy, stop raising until clouds clear",-188.6,-76.1,-77.1,400.0,400.0,38.8,100,51.0,no
2026-08-16 17:21:51,rule3-charge,"cloudy, stop raising until clouds clear",-190.8,-73.1,-74.1,400.0,400.0,38.8,100,51.0,no
2026-08-16 17:22:01,rule3-charge,"cloudy, stop raising until clouds clear",-190.2,-75.8,-76.0,400.0,400.0,38.8,100,51.0,no
2026-08-16 17:22:12,rule3-charge,"cloudy, stop raising until clouds clear",-186.0,-73.9,-73.6,400.0,400.0,38.8,100,50.6,no
2026-08-16 17:22:22,rule3-charge,"cloudy, stop raising until clouds clear",-185.4,-73.8,-73.9,400.0,400.0,38.8,100,50.6,no
2026-08-16 17:22:32,rule3-charge,"cloudy, stop raising until clouds clear",-186.4,-74.1,-74.9,400.0,400.0,38.8,100,50.2,no
2026-08-16 17:22:42,rule3-charge,"cloudy, stop raising until clouds clear",-187.4,-74.6,-74.5,400.0,400.0,38.8,100,50.2,no
2026-08-16 17:22:52,rule3-charge,"cloudy, stop raising until clouds clear",-179.6,-72.0,-73.3,400.0,400.0,38.8,100,50.2,no
2026-08-16 17:23:02,rule3-charge,"cloudy, stop raising until clouds clear",-186.6,-74.4,-74.0,400.0,400.0,38.8,100,50.2,no
2026-08-16 17:23:13,rule3-charge,"cloudy, stop raising until clouds clear",-185.8,-74.6,-74.5,400.0,400.0,38.8,100,50.2,no
2026-08-16 17:23:23,rule3-charge,"cloudy, stop raising until clouds clear",-185.4,-73.9,-74.2,400.0,400.0,38.8,100,50.2,no
2026-08-16 17:23:33,rule3-charge,"cloudy, stop raising until clouds clear",-186.4,-75.0,-74.9,400.0,400.0,38.8,100,49.8,no
2026-08-16 17:23:43,rule3-charge,"cloudy, stop raising until clouds clear",-187.2,-74.9,-75.4,400.0,400.0,38.8,100,49.8,no
2026-08-16 17:23:53,rule3-charge,"cloudy, stop raising until clouds clear",-180.6,-73.6,-73.9,400.0,400.0,38.8,100,49.8,no
2026-08-16 17:24:03,rule3-charge,"cloudy, stop raising until clouds clear",-184.2,-75.7,-72.0,400.0,400.0,38.8,100,49.4,no
2026-08-16 17:24:14,rule3-charge,"cloudy, stop raising until clouds clear",-190.2,-76.6,-76.4,400.0,400.0,38.8,100,49.4,no
2026-08-16 17:24:24,rule3-charge,"cloudy, stop raising until clouds clear",-186.0,-75.6,-76.1,400.0,400.0,38.8,100,49.4,no
2026-08-16 17:24:34,rule3-charge,"cloudy, stop raising until clouds clear",-184.0,-74.1,-74.1,400.0,400.0,38.8,100,49.1,no
2026-08-16 17:24:44,rule3-charge,"cloudy, stop raising until clouds clear",-184.6,-74.6,-75.0,400.0,400.0,38.8,100,49.1,no
2026-08-16 17:24:54,rule3-charge,"cloudy, stop raising until clouds clear",-185.0,-75.1,-74.9,400.0,400.0,38.7,100,49.1,no
2026-08-16 17:25:07,rule3-charge,"cloudy, stop raising until clouds clear",-180.0,-72.6,-73.5,400.0,400.0,38.7,100,48.7,no
2026-08-16 17:25:17,rule3-charge,"cloudy, stop raising until clouds clear",-189.8,-78.1,-78.3,400.0,400.0,38.7,100,48.7,no
2026-08-16 17:25:27,rule3-charge,"cloudy, stop raising until clouds clear",-188.6,-77.2,-77.9,400.0,400.0,38.7,100,48.7,no
2026-08-16 17:25:37,rule3-charge,"cloudy, stop raising until clouds clear",-189.0,-77.4,-77.8,400.0,400.0,38.7,100,48.7,no
2026-08-16 17:25:47,rule3-charge,"cloudy, stop raising until clouds clear",-189.8,-77.8,-78.4,400.0,400.0,38.7,100,48.7,no
2026-08-16 17:25:57,rule3-charge,"cloudy, stop raising until clouds clear",-190.6,-78.0,-78.2,400.0,400.0,38.7,100,48.7,no
2026-08-16 17:26:07,rule3-charge,"cloudy, stop raising until clouds clear",-184.6,-78.7,-77.5,400.0,400.0,38.7,100,48.3,no
2026-08-16 17:26:17,rule3-charge,"cloudy, stop raising until clouds clear",-186.0,-76.0,-75.4,400.0,400.0,38.7,100,48.3,no
2026-08-16 17:26:27,rule3-charge,"cloudy, stop raising until clouds clear",-190.4,-79.7,-79.2,400.0,400.0,38.7,100,48.3,no
2026-08-16 17:26:37,rule3-charge,"cloudy, stop raising until clouds clear",-189.2,-79.2,-79.4,400.0,400.0,38.7,100,47.9,no
2026-08-16 17:26:47,rule3-charge,"cloudy, stop raising until clouds clear",-196.2,-83.0,-84.2,400.0,400.0,38.7,100,47.9,no
2026-08-16 17:26:57,rule3-charge,"cloudy, stop raising until clouds clear",-195.6,-82.7,-82.6,400.0,400.0,38.7,100,47.9,no
2026-08-16 17:27:07,rule3-charge,"cloudy, stop raising until clouds clear",-193.2,-82.1,-81.9,400.0,400.0,38.7,100,47.5,no
2026-08-16 17:27:17,rule3-charge,"cloudy, stop raising until clouds clear",-177.4,-76.2,-77.0,400.0,400.0,38.7,100,47.5,no
2026-08-16 17:27:27,rule3-charge,"cloudy, stop raising until clouds clear",-184.6,-77.3,-77.2,400.0,400.0,38.7,100,47.5,no
2026-08-16 17:27:37,rule3-charge,"charging until 95%, waiting for ESS data",-188.4,-79.2,,400.0,400.0,38.7,100,47.1,no
2026-08-16 17:27:47,rule3-charge,"charging until 95%, waiting for ESS data",-187.0,-82.6,,400.0,400.0,38.7,100,47.1,no
2026-08-16 17:27:57,rule3-charge,"cloudy, stop raising until clouds clear",-187.0,-79.8,-78.9,400.0,400.0,38.7,100,47.1,no
2026-08-16 17:28:07,rule3-charge,"cloudy, stop raising until clouds clear",-184.6,-79.0,-78.0,400.0,400.0,38.7,100,47.1,no
2026-08-16 17:28:17,rule3-charge,"cloudy, stop raising until clouds clear",-179.6,-77.1,-78.5,400.0,400.0,38.7,100,47.1,no
2026-08-16 17:28:28,rule3-charge,"cloudy, stop raising until clouds clear",-174.4,-73.5,-73.8,400.0,400.0,38.7,100,47.1,no
2026-08-16 17:28:38,rule3-charge,"cloudy, stop raising until clouds clear",-182.4,-77.5,-77.4,400.0,400.0,38.7,100,46.7,no
2026-08-16 17:28:48,rule3-charge,"cloudy, stop raising until clouds clear",-180.6,-76.4,-76.7,400.0,400.0,38.7,100,46.7,no
2026-08-16 17:28:58,rule3-charge,"cloudy, stop raising until clouds clear",-179.4,-76.2,-76.0,400.0,400.0,38.7,100,46.7,no
2026-08-16 17:29:08,rule3-charge,"cloudy, stop raising until clouds clear",-183.2,-76.3,-76.2,400.0,400.0,38.7,100,46.3,no
2026-08-16 17:29:19,rule3-charge,"cloudy, stop raising until clouds clear",-182.2,-77.3,-77.3,400.0,400.0,38.7,100,46.3,no
2026-08-16 17:29:29,rule3-charge,"cloudy, stop raising until clouds clear",-174.6,-75.4,-74.7,400.0,400.0,38.7,100,46.3,no
2026-08-16 17:29:39,rule3-charge,"cloudy, stop raising until clouds clear",-182.0,-75.8,-76.7,400.0,400.0,38.7,100,45.9,no
2026-08-16 17:29:49,rule3-charge,"cloudy, stop raising until clouds clear",-185.2,-79.8,-80.3,400.0,400.0,38.7,100,45.9,no
2026-08-16 17:29:59,rule3-charge,"cloudy, stop raising until clouds clear",-180.8,-76.9,-77.9,400.0,400.0,38.7,100,45.9,no
2026-08-16 17:30:09,rule3-charge,"cloudy, stop raising until clouds clear",-181.4,-77.6,-77.7,400.0,400.0,38.7,100,45.6,no
2026-08-16 17:30:19,rule3-charge,"cloudy, stop raising until clouds clear",-180.4,-76.8,-77.0,400.0,400.0,38.7,100,45.6,no
2026-08-16 17:30:29,rule3-charge,"cloudy, stop raising until clouds clear",-181.2,-78.5,-78.9,400.0,400.0,38.7,100,45.6,no
2026-08-16 17:30:39,rule3-charge,"cloudy, stop raising until clouds clear",-170.2,-74.4,-73.8,400.0,400.0,38.7,100,45.6,no
2026-08-16 17:30:50,rule3-charge,"cloudy, stop raising until clouds clear",-179.8,-76.7,-79.9,400.0,400.0,38.7,100,45.6,no
2026-08-16 17:31:00,rule3-charge,"cloudy, stop raising until clouds clear",-178.8,-76.7,-76.9,400.0,400.0,38.7,100,45.6,no
2026-08-16 17:31:10,rule3-charge,"cloudy, stop raising until clouds clear",-182.6,-76.5,-76.9,400.0,400.0,38.7,100,45.2,no
2026-08-16 17:31:20,rule3-charge,"cloudy, stop raising until clouds clear",-183.0,-78.5,-79.1,400.0,400.0,38.7,100,45.2,no
2026-08-16 17:31:30,rule3-charge,"cloudy, stop raising until clouds clear",-181.2,-77.6,-77.9,400.0,400.0,38.7,100,45.2,no
2026-08-16 17:31:40,rule3-charge,"cloudy, stop raising until clouds clear",-177.2,-76.7,-76.9,400.0,400.0,38.7,100,44.8,no
2026-08-16 17:31:51,rule3-charge,"cloudy, stop raising until clouds clear",-181.8,-76.0,-76.7,400.0,400.0,38.7,100,44.8,no
2026-08-16 17:32:01,rule3-charge,"cloudy, stop raising until clouds clear",-185.6,-81.2,-80.8,400.0,400.0,38.7,100,44.8,no
2026-08-16 17:32:11,rule3-charge,"cloudy, stop raising until clouds clear",-185.0,-80.1,-80.2,400.0,400.0,38.7,100,44.4,no
2026-08-16 17:32:22,rule3-charge,"cloudy, stop raising until clouds clear",-184.8,-80.7,-80.4,400.0,400.0,38.7,100,44.4,no
2026-08-16 17:32:32,rule3-charge,"cloudy, stop raising until clouds clear",-184.4,-80.4,-80.5,400.0,400.0,38.7,100,44.4,no
2026-08-16 17:32:42,rule3-charge,"cloudy, stop raising until clouds clear",-183.2,-81.2,-80.9,400.0,400.0,38.7,100,44.0,no
2026-08-16 17:32:52,rule3-charge,"cloudy, stop raising until clouds clear",-176.2,-76.4,-77.0,400.0,400.0,38.7,100,44.0,no
2026-08-16 17:33:02,rule3-charge,"cloudy, stop raising until clouds clear",-184.8,-80.0,-80.6,400.0,400.0,38.7,100,44.0,no
2026-08-16 17:33:12,rule3-charge,"cloudy, stop raising until clouds clear",-186.4,-81.1,-81.0,400.0,400.0,38.7,100,43.6,no
2026-08-16 17:33:22,rule3-charge,"cloudy, stop raising until clouds clear",-187.2,-81.9,-81.5,400.0,400.0,38.7,100,43.6,no
2026-08-16 17:33:32,rule3-charge,"cloudy, stop raising until clouds clear",-188.0,-83.0,-83.2,400.0,400.0,38.7,100,43.6,no
2026-08-16 17:33:43,rule3-charge,"cloudy, stop raising until clouds clear",-190.0,-82.8,-82.6,400.0,400.0,38.7,100,43.6,no
2026-08-16 17:33:53,rule3-charge,"cloudy, stop raising until clouds clear",-189.4,-83.9,-84.0,400.0,400.0,38.7,100,43.6,no
2026-08-16 17:34:03,rule3-charge,"cloudy, stop raising until clouds clear",-187.6,-80.8,-81.2,400.0,400.0,38.7,100,43.6,no
2026-08-16 17:34:13,rule3-charge,"cloudy, stop raising until clouds clear",-188.0,-83.5,-84.2,400.0,400.0,38.7,100,43.2,no
2026-08-16 17:34:23,rule3-charge,"cloudy, stop raising until clouds clear",-187.6,-82.8,-82.4,400.0,400.0,38.7,100,43.2,no
2026-08-16 17:34:33,rule3-charge,"cloudy, stop raising until clouds clear",-188.6,-83.1,-83.7,400.0,400.0,38.7,100,43.2,no
2026-08-16 17:34:43,rule3-charge,"cloudy, stop raising until clouds clear",-192.6,-83.8,-84.0,400.0,400.0,38.7,100,42.8,no
2026-08-16 17:34:54,rule3-charge,"cloudy, stop raising until clouds clear",-192.2,-85.0,-85.2,400.0,400.0,38.7,100,42.8,no
2026-08-16 17:35:04,rule3-charge,"cloudy, stop raising until clouds clear",-185.6,-81.5,-82.6,400.0,400.0,38.5,94,42.8,no
2026-08-16 17:35:26,rule3-charge,"cloudy, stop raising until clouds clear",-190.6,-84.8,-85.1,400.0,400.0,38.5,94,42.4,no
2026-08-16 17:35:36,rule3-charge,"cloudy, stop raising until clouds clear",-192.4,-85.6,-85.6,400.0,400.0,38.5,94,42.1,no
2026-08-16 17:35:46,rule3-charge,"cloudy, stop raising until clouds clear",-198.0,-87.8,-87.2,400.0,400.0,38.5,94,42.1,no
2026-08-16 17:35:56,rule3-charge,"cloudy, stop raising until clouds clear",-195.8,-88.3,-89.1,400.0,400.0,38.5,94,42.1,no
2026-08-16 17:36:06,rule3-charge,"cloudy, stop raising until clouds clear",-188.4,-86.2,-86.3,400.0,400.0,38.5,94,41.7,no
2026-08-16 17:36:16,rule3-charge,"cloudy, stop raising until clouds clear",-190.8,-83.2,-83.3,400.0,400.0,38.5,94,41.7,no
2026-08-16 17:36:26,rule3-charge,"cloudy, stop raising until clouds clear",-191.6,-86.2,-85.7,400.0,400.0,38.5,94,41.7,no
2026-08-16 17:36:36,rule3-charge,"cloudy, stop raising until clouds clear",-190.8,-85.8,-86.2,400.0,400.0,38.5,94,41.3,no
2026-08-16 17:36:46,rule3-charge,"cloudy, stop raising until clouds clear",-192.2,-86.3,-86.8,400.0,400.0,38.5,94,41.3,no
2026-08-16 17:36:56,rule3-charge,"cloudy, stop raising until clouds clear",-186.8,-84.2,-83.3,400.0,400.0,38.5,94,41.3,no
2026-08-16 17:37:06,rule3-charge,"cloudy, stop raising until clouds clear",-187.8,-84.2,-83.8,400.0,400.0,38.5,94,40.9,no
2026-08-16 17:37:16,rule3-charge,"cloudy, stop raising until clouds clear",-178.6,-79.7,-80.2,400.0,400.0,38.5,94,40.9,no
2026-08-16 17:37:26,rule3-charge,"cloudy, stop raising until clouds clear",-187.2,-83.3,-83.2,400.0,400.0,38.5,94,40.9,no
2026-08-16 17:37:36,rule3-charge,"cloudy, stop raising until clouds clear",-186.0,-84.3,-83.8,400.0,400.0,38.5,94,40.9,no
2026-08-16 17:37:46,rule3-charge,"cloudy, stop raising until clouds clear",-186.0,-84.1,-84.0,400.0,400.0,38.5,94,40.9,no
2026-08-16 17:37:57,rule3-charge,"cloudy, stop raising until clouds clear",-185.8,-84.4,-84.1,400.0,400.0,38.5,94,40.9,no
2026-08-16 17:38:07,rule3-charge,"cloudy, stop raising until clouds clear",-185.8,-83.4,-84.1,400.0,400.0,38.5,94,40.5,no
2026-08-16 17:38:17,rule3-charge,"cloudy, stop raising until clouds clear",-184.2,-84.2,-83.8,400.0,400.0,38.5,94,40.5,no
2026-08-16 17:38:28,rule3-charge,"cloudy, stop raising until clouds clear",-183.0,-81.1,-81.2,400.0,400.0,38.5,94,40.5,no
2026-08-16 17:38:38,rule3-charge,"cloudy, stop raising until clouds clear",-185.4,-84.6,-85.4,400.0,400.0,38.5,94,40.1,no
2026-08-16 17:38:48,rule3-charge,"cloudy, stop raising until clouds clear",-184.2,-83.8,-84.2,400.0,400.0,38.5,94,40.1,no
2026-08-16 17:38:58,rule3-charge,"cloudy, stop raising until clouds clear",-188.6,-85.1,-86.0,400.0,400.0,38.5,94,40.1,no
2026-08-16 17:39:08,rule3-charge,"cloudy, stop raising until clouds clear",-189.4,-86.1,-86.7,400.0,400.0,38.5,94,39.7,no
2026-08-16 17:39:18,rule3-charge,"cloudy, stop raising until clouds clear",-189.2,-86.3,-86.6,400.0,400.0,38.5,94,39.7,no
2026-08-16 17:39:29,rule3-charge,"cloudy, stop raising until clouds clear",-179.4,-81.0,-80.7,400.0,400.0,38.5,94,39.7,no
2026-08-16 17:39:39,rule3-charge,"cloudy, stop raising until clouds clear",-187.6,-84.5,-85.1,400.0,400.0,38.5,94,39.3,no
2026-08-16 17:39:49,rule3-charge,"cloudy, stop raising until clouds clear",-187.8,-86.1,-86.1,400.0,400.0,38.5,94,39.3,no
2026-08-16 17:40:00,rule3-charge,"cloudy, stop raising until clouds clear",-190.2,-86.5,-87.3,400.0,400.0,38.5,94,39.3,no
2026-08-16 17:40:10,rule3-charge,"cloudy, stop raising until clouds clear",-189.2,-85.7,-86.9,400.0,400.0,38.5,94,38.9,no
2026-08-16 17:40:20,rule3-charge,"cloudy, stop raising until clouds clear",-190.4,-86.7,-86.8,400.0,400.0,38.5,94,38.9,no
2026-08-16 17:40:30,rule3-charge,"cloudy, stop raising until clouds clear",-189.6,-87.0,-87.6,400.0,400.0,38.5,94,38.9,no
2026-08-16 17:40:40,rule3-charge,"charging until 95%, waiting for ESS data",-183.6,-83.6,,400.0,400.0,38.5,94,38.5,no
2026-08-16 17:40:50,rule3-charge,"charging until 95%, waiting for ESS data",-186.6,-85.0,,400.0,400.0,38.5,94,38.5,no
2026-08-16 17:41:00,rule3-charge,"cloudy, stop raising until clouds clear",-186.4,-85.4,-85.3,400.0,400.0,38.5,94,38.5,no
2026-08-16 17:41:10,rule3-charge,"cloudy, stop raising until clouds clear",-186.6,-85.2,-86.2,400.0,400.0,38.5,94,38.2,no
2026-08-16 17:41:20,rule3-charge,"cloudy, stop raising until clouds clear",-188.2,-86.0,-86.1,400.0,400.0,38.5,94,38.2,no
2026-08-16 17:41:30,rule3-charge,"cloudy, stop raising until clouds clear",-188.4,-85.8,-86.6,400.0,400.0,38.5,94,38.2,no
2026-08-16 17:41:40,rule3-charge,"cloudy, stop raising until clouds clear",-181.2,-83.6,-83.2,400.0,400.0,38.5,94,38.2,no
2026-08-16 17:41:50,rule3-charge,"cloudy, stop raising until clouds clear",-184.6,-81.6,-83.0,400.0,400.0,38.5,94,38.2,no
2026-08-16 17:42:00,rule3-charge,"cloudy, stop raising until clouds clear",-186.6,-85.6,-85.5,400.0,400.0,38.5,94,38.2,no
2026-08-16 17:42:10,rule3-charge,"cloudy, stop raising until clouds clear",-186.8,-86.3,-85.7,400.0,400.0,38.5,94,37.8,no
2026-08-16 17:42:20,rule3-charge,"cloudy, stop raising until clouds clear",-186.0,-85.2,-86.1,400.0,400.0,38.5,94,37.8,no
2026-08-16 17:42:30,rule3-charge,"cloudy, stop raising until clouds clear",-188.2,-86.7,-85.2,400.0,400.0,38.5,94,37.8,no
2026-08-16 17:42:40,rule3-charge,"cloudy, stop raising until clouds clear",-188.4,-86.5,-87.1,400.0,400.0,38.5,94,37.4,no
2026-08-16 17:42:50,rule3-charge,"cloudy, stop raising until clouds clear",-179.8,-82.8,-82.0,400.0,400.0,38.5,94,37.4,no
2026-08-16 17:43:00,rule3-charge,"cloudy, stop raising until clouds clear",-187.2,-85.3,-85.9,400.0,400.0,38.5,94,37.4,no
2026-08-16 17:43:10,rule3-charge,"cloudy, stop raising until clouds clear",-186.6,-86.0,-86.6,400.0,400.0,38.5,94,37.0,no
2026-08-16 17:43:20,rule3-charge,"cloudy, stop raising until clouds clear",-185.4,-85.8,-85.5,400.0,400.0,38.5,94,37.0,no
2026-08-16 17:43:30,rule3-charge,"cloudy, stop raising until clouds clear",-187.4,-84.7,-85.8,400.0,400.0,38.5,94,37.0,no
2026-08-16 17:43:40,rule3-charge,"cloudy, stop raising until clouds clear",-187.8,-86.6,-86.7,400.0,400.0,38.5,94,36.6,no
2026-08-16 17:43:50,rule3-charge,"cloudy, stop raising until clouds clear",-186.4,-87.9,-87.4,400.0,400.0,38.5,94,36.6,no
2026-08-16 17:44:00,rule3-charge,"cloudy, stop raising until clouds clear",-184.4,-83.7,-83.6,400.0,400.0,38.5,94,36.6,no
2026-08-16 17:44:10,rule3-charge,"cloudy, stop raising until clouds clear",-190.6,-87.9,-88.4,400.0,400.0,38.5,94,36.2,no
2026-08-16 17:44:20,rule3-charge,"cloudy, stop raising until clouds clear",-187.2,-86.7,-86.5,400.0,400.0,38.5,94,36.2,no
2026-08-16 17:44:30,rule3-charge,"cloudy, stop raising until clouds clear",-187.0,-86.1,-86.4,400.0,400.0,38.5,94,36.2,no
2026-08-16 17:44:40,rule3-charge,"cloudy, stop raising until clouds clear",-189.6,-87.7,-87.9,400.0,400.0,38.5,94,35.8,no
2026-08-16 17:44:50,rule3-charge,"cloudy, stop raising until clouds clear",-192.6,-90.3,-89.5,400.0,400.0,38.5,94,35.8,no
2026-08-16 17:45:00,rule3-charge,"cloudy, stop raising until clouds clear",-186.2,-87.9,-87.2,400.0,400.0,38.5,94,35.8,no
2026-08-16 17:45:10,rule3-charge,"cloudy, stop raising until clouds clear",-188.0,-86.8,-85.8,400.0,400.0,38.4,86,35.4,no
2026-08-16 17:45:21,rule3-charge,"cloudy, stop raising until clouds clear",-187.8,-85.8,-86.1,400.0,400.0,38.4,86,35.4,no
2026-08-16 17:45:31,rule3-charge,"cloudy, stop raising until clouds clear",-184.8,-86.0,-85.5,400.0,400.0,38.4,86,35.4,no
2026-08-16 17:45:41,rule3-charge,"cloudy, stop raising until clouds clear",-185.4,-86.3,-85.9,400.0,400.0,38.4,86,35.0,no
2026-08-16 17:45:51,rule3-charge,"cloudy, stop raising until clouds clear",-183.8,-85.6,-85.4,400.0,400.0,38.4,86,35.0,no
2026-08-16 17:46:01,rule3-charge,"cloudy, stop raising until clouds clear",-180.2,-84.4,-85.3,400.0,400.0,38.4,86,35.0,no
2026-08-16 17:46:11,rule3-charge,"cloudy, stop raising until clouds clear",-175.0,-80.4,-81.7,400.0,400.0,38.4,86,34.7,no
2026-08-16 17:46:21,rule3-charge,"cloudy, stop raising until clouds clear",-182.6,-84.7,-84.0,400.0,400.0,38.4,86,34.7,no
2026-08-16 17:46:31,rule3-charge,"cloudy, stop raising until clouds clear",-181.2,-83.9,-84.3,400.0,400.0,38.4,86,34.7,no
2026-08-16 17:46:42,rule3-charge,"cloudy, stop raising until clouds clear",-182.2,-84.4,-83.6,400.0,400.0,38.4,86,34.7,no
2026-08-16 17:46:52,rule3-charge,"cloudy, stop raising until clouds clear",-183.2,-84.4,-85.0,400.0,400.0,38.4,86,34.7,no
2026-08-16 17:47:02,rule3-charge,"cloudy, stop raising until clouds clear",-182.6,-84.4,-84.0,400.0,400.0,38.4,86,34.7,no
2026-08-16 17:47:13,rule3-charge,"cloudy, stop raising until clouds clear",-178.0,-83.3,-85.0,400.0,400.0,38.4,86,34.3,no
2026-08-16 17:47:23,rule3-charge,"cloudy, stop raising until clouds clear",-183.2,-82.0,-83.0,400.0,400.0,38.4,86,34.3,no
2026-08-16 17:47:33,rule3-charge,"cloudy, stop raising until clouds clear",-182.8,-84.7,-85.1,400.0,400.0,38.4,86,33.9,no
2026-08-16 17:47:44,rule3-charge,"cloudy, stop raising until clouds clear",-179.0,-83.0,-83.9,400.0,400.0,38.4,86,33.9,no
2026-08-16 17:47:54,rule3-charge,"cloudy, stop raising until clouds clear",-183.6,-84.3,-84.5,400.0,400.0,38.4,86,33.9,no
2026-08-16 17:48:04,rule3-charge,"cloudy, stop raising until clouds clear",-187.2,-86.3,-86.8,400.0,400.0,38.4,86,33.5,no
2026-08-16 17:48:14,rule3-charge,"cloudy, stop raising until clouds clear",-182.8,-87.8,-87.4,400.0,400.0,38.4,86,33.5,no
2026-08-16 17:48:24,rule3-charge,"cloudy, stop raising until clouds clear",-172.8,-80.0,-79.9,400.0,400.0,38.4,86,33.5,no
2026-08-16 17:48:34,rule3-charge,"cloudy, stop raising until clouds clear",-178.6,-83.2,-83.0,400.0,400.0,38.4,86,33.1,no
2026-08-16 17:48:45,rule3-charge,"cloudy, stop raising until clouds clear",-177.2,-82.3,-82.7,400.0,400.0,38.4,86,33.1,no
2026-08-16 17:48:55,rule3-charge,"cloudy, stop raising until clouds clear",-178.4,-82.5,-82.8,400.0,400.0,38.4,86,33.1,no
2026-08-16 17:49:05,rule3-charge,"cloudy, stop raising until clouds clear",-177.8,-82.8,-83.4,400.0,400.0,38.4,86,32.7,no
2026-08-16 17:49:16,rule3-charge,"cloudy, stop raising until clouds clear",-182.8,-85.3,-84.9,400.0,400.0,38.4,86,32.7,no
2026-08-16 17:49:26,rule3-charge,"cloudy, stop raising until clouds clear",-172.8,-83.0,-85.4,400.0,400.0,38.4,86,32.7,no
2026-08-16 17:49:36,rule3-charge,"cloudy, stop raising until clouds clear",-178.8,-79.3,-80.9,400.0,400.0,38.4,86,32.3,no
2026-08-16 17:49:47,rule3-charge,"cloudy, stop raising until clouds clear",-177.6,-82.4,-82.8,400.0,400.0,38.4,86,32.3,no
2026-08-16 17:49:57,rule3-charge,"cloudy, stop raising until clouds clear",-180.8,-84.9,-84.6,400.0,400.0,38.4,86,32.3,no
2026-08-16 17:50:07,rule3-charge,"cloudy, stop raising until clouds clear",-177.4,-83.7,-83.1,400.0,400.0,38.4,86,31.9,no
2026-08-16 17:50:18,rule3-charge,"cloudy, stop raising until clouds clear",-180.6,-84.3,-84.6,400.0,400.0,38.4,86,31.9,no
2026-08-16 17:50:28,rule3-charge,"cloudy, stop raising until clouds clear",-177.0,-84.1,-82.9,400.0,400.0,38.4,86,31.9,no
2026-08-16 17:50:38,rule3-charge,"cloudy, stop raising until clouds clear",-170.4,-79.7,-79.5,400.0,400.0,38.4,86,31.9,no
2026-08-16 17:50:48,rule3-charge,"cloudy, stop raising until clouds clear",-181.0,-84.5,-83.7,400.0,400.0,38.4,86,31.9,no
2026-08-16 17:50:59,rule3-charge,"cloudy, stop raising until clouds clear",-179.6,-83.9,-83.6,400.0,400.0,38.4,86,31.9,no
2026-08-16 17:51:09,rule3-charge,"cloudy, stop raising until clouds clear",-178.4,-83.1,-84.4,400.0,400.0,38.4,86,31.5,no
2026-08-16 17:51:19,rule3-charge,"cloudy, stop raising until clouds clear",-185.2,-82.8,-82.9,400.0,400.0,38.4,86,31.5,no
2026-08-16 17:51:30,rule3-charge,"cloudy, stop raising until clouds clear",-184.4,-85.9,-84.5,400.0,400.0,38.4,86,31.5,no
2026-08-16 17:51:40,rule3-charge,"cloudy, stop raising until clouds clear",-176.4,-84.0,-83.4,400.0,400.0,38.4,86,31.1,no
2026-08-16 17:51:50,rule3-charge,"cloudy, stop raising until clouds clear",-182.4,-86.0,-86.0,400.0,400.0,38.4,86,31.1,no
2026-08-16 17:52:01,rule3-charge,"cloudy, stop raising until clouds clear",-180.4,-84.7,-84.8,400.0,400.0,38.4,86,31.1,no
2026-08-16 17:52:11,rule3-charge,"cloudy, stop raising until clouds clear",-185.0,-85.7,-86.9,400.0,400.0,38.4,86,30.8,no
2026-08-16 17:52:21,rule3-charge,"cloudy, stop raising until clouds clear",-185.4,-87.4,-87.2,400.0,400.0,38.4,86,30.8,no
2026-08-16 17:52:31,rule3-charge,"cloudy, stop raising until clouds clear",-185.2,-87.5,-87.2,400.0,400.0,38.4,86,30.8,no
2026-08-16 17:52:41,rule3-charge,"cloudy, stop raising until clouds clear",-181.0,-87.4,-86.6,400.0,400.0,38.4,86,30.4,no
2026-08-16 17:52:53,rule3-charge,"cloudy, stop raising until clouds clear",-177.6,-82.7,-81.8,400.0,400.0,38.4,86,30.4,no
2026-08-16 17:53:03,rule3-charge,"cloudy, stop raising until clouds clear",-180.4,-84.6,-85.3,400.0,400.0,38.4,86,30.4,no
2026-08-16 17:53:13,rule3-charge,"cloudy, stop raising until clouds clear",-184.2,-84.4,-84.4,400.0,400.0,38.4,86,30.0,no
2026-08-16 17:53:23,rule3-charge,"cloudy, stop raising until clouds clear",-180.0,-84.6,-85.1,400.0,400.0,38.4,86,30.0,no
2026-08-16 17:53:33,rule3-charge,"cloudy, stop raising until clouds clear",-176.6,-84.0,-83.1,400.0,400.0,38.4,86,29.6,no
2026-08-16 17:53:43,rule3-charge,"charging until 95%, waiting for ESS data",-178.6,-84.3,,400.0,400.0,38.4,86,29.6,no
2026-08-16 17:53:55,rule3-charge,"charging until 95%, waiting for ESS data",-176.4,-84.4,,400.0,400.0,38.4,86,29.6,no
2026-08-16 17:54:05,rule3-charge,"cloudy, stop raising until clouds clear",-179.2,-85.2,-85.3,400.0,400.0,38.4,86,29.2,no
2026-08-16 17:54:15,rule3-charge,"cloudy, stop raising until clouds clear",-176.8,-84.4,-84.2,400.0,400.0,38.4,86,29.2,no
2026-08-16 17:54:25,rule3-charge,"cloudy, stop raising until clouds clear",-178.4,-85.0,-84.6,400.0,400.0,38.4,86,29.2,no
2026-08-16 17:54:35,rule3-charge,"cloudy, stop raising until clouds clear",-178.2,-84.8,-84.5,400.0,400.0,38.4,86,28.8,no
2026-08-16 17:54:45,rule3-charge,"cloudy, stop raising until clouds clear",-178.6,-85.2,-85.4,400.0,400.0,38.4,86,28.8,no
2026-08-16 17:54:56,rule3-charge,"cloudy, stop raising until clouds clear",-171.6,-81.9,-83.4,400.0,400.0,38.4,86,28.8,no
2026-08-16 17:55:06,rule3-charge,"cloudy, stop raising until clouds clear",-173.8,-80.2,-80.5,400.0,400.0,38.4,86,28.8,no
2026-08-16 17:55:16,rule3-charge,"cloudy, stop raising until clouds clear",-178.4,-84.8,-85.4,400.0,400.0,38.4,86,28.8,no
2026-08-16 17:55:27,rule3-charge,"cloudy, stop raising until clouds clear",-176.0,-83.9,-83.4,400.0,400.0,38.4,86,28.8,no
2026-08-16 17:55:37,rule3-charge,"cloudy, stop raising until clouds clear",-177.2,-83.1,-83.3,400.0,400.0,38.4,86,28.4,no
2026-08-16 17:55:47,rule3-charge,"cloudy, stop raising until clouds clear",-175.4,-83.6,-83.2,400.0,400.0,38.4,86,28.4,no
2026-08-16 17:55:58,rule3-charge,"cloudy, stop raising until clouds clear",-181.4,-85.8,-85.4,400.0,400.0,38.4,86,28.4,no
2026-08-16 17:56:08,rule3-charge,"cloudy, stop raising until clouds clear",-170.6,-82.7,-83.5,400.0,400.0,38.4,86,28.0,no
2026-08-16 17:56:18,rule3-charge,"cloudy, stop raising until clouds clear",-178.4,-84.5,-84.2,400.0,400.0,38.4,86,28.0,no
2026-08-16 17:56:29,rule3-charge,"cloudy, stop raising until clouds clear",-177.2,-86.5,-86.1,400.0,400.0,38.4,86,28.0,no
2026-08-16 17:56:39,rule3-charge,"cloudy, stop raising until clouds clear",-176.8,-84.7,-84.2,400.0,400.0,38.4,86,27.6,no
2026-08-16 17:56:49,rule3-charge,"cloudy, stop raising until clouds clear",-179.0,-85.6,-85.5,400.0,400.0,38.4,86,27.6,no
2026-08-16 17:57:00,rule3-charge,"cloudy, stop raising until clouds clear",-181.6,-86.4,-86.5,400.0,400.0,38.4,86,27.6,no
2026-08-16 17:57:10,rule3-charge,"cloudy, stop raising until clouds clear",-174.6,-85.5,-86.3,400.0,400.0,38.4,86,27.3,no
2026-08-16 17:57:20,rule3-charge,"cloudy, stop raising until clouds clear",-177.2,-84.5,-83.5,400.0,400.0,38.4,86,27.3,no
2026-08-16 17:57:31,rule3-charge,"cloudy, stop raising until clouds clear",-181.2,-86.9,-87.1,400.0,400.0,38.4,86,27.3,no
2026-08-16 17:57:41,rule3-charge,"cloudy, stop raising until clouds clear",-178.6,-85.5,-85.7,400.0,400.0,38.4,86,26.9,no
2026-08-16 17:57:51,rule3-charge,"cloudy, stop raising until clouds clear",-183.6,-87.0,-88.0,400.0,400.0,38.4,86,26.9,no
2026-08-16 17:58:02,rule3-charge,"cloudy, stop raising until clouds clear",-198.4,-90.1,-96.1,400.0,400.0,38.4,86,26.9,no
2026-08-16 17:58:12,rule3-charge,"cloudy, stop raising until clouds clear",-33.6,-98.1,0.0,400.0,400.0,38.4,86,26.5,no
2026-08-16 17:58:22,rule3-charge,"cloudy, stop raising until clouds clear",-33.6,0.0,0.0,400.0,400.0,38.4,86,26.5,no
2026-08-16 17:58:33,rule3-charge,"cloudy, stop raising until clouds clear",-33.6,0.0,0.0,400.0,400.0,38.4,86,26.5,no
2026-08-16 17:58:43,rule3-charge,"cloudy, stop raising until clouds clear",-33.6,0.0,0.0,400.0,400.0,38.4,86,26.5,no
2026-08-16 17:58:53,rule3-charge,"cloudy, stop raising until clouds clear",-33.6,0.0,0.0,400.0,400.0,38.4,86,26.5,no
2026-08-16 17:59:03,rule3-charge,"cloudy, stop raising until clouds clear",-33.6,0.0,0.0,400.0,400.0,38.4,86,26.5,no
2026-08-16 19:13:24,rule3-charge,"cloudy, stop raising until clouds clear",0.0,-0.5,0.0,400.0,400.0,37.9,87,26.5,no
2026-08-16 19:13:50,rule3-charge,"cloudy, stop raising until clouds clear",0.0,-0.8,0.0,400.0,400.0,37.9,87,26.5,no
2026-08-16 19:14:00,rule3-charge,"cloudy, stop raising until clouds clear",0.0,-0.2,-0.3,400.0,400.0,37.9,87,26.5,no
2026-08-16 19:14:10,rule3-charge,"cloudy, stop raising until clouds clear",0.0,-0.2,-0.2,400.0,400.0,37.9,87,26.3,no
2026-08-16 19:14:20,rule3-charge,"cloudy, stop raising until clouds clear",0.0,-0.1,-0.2,400.0,400.0,37.9,87,26.3,no
2026-08-16 19:14:30,rule3-charge,"cloudy, stop raising until clouds clear",0.0,-0.2,-0.2,400.0,400.0,37.9,87,26.3,no
2026-08-16 19:14:40,rule3-charge,"cloudy, stop raising until clouds clear",0.0,-0.2,-0.2,400.0,400.0,37.9,87,26.2,no
2026-08-16 19:14:50,rule3-charge,"cloudy, stop raising until clouds clear",0.0,-0.1,-0.2,400.0,400.0,37.9,87,26.2,no
2026-08-16 19:15:00,rule3-charge,"cloudy, stop raising until clouds clear",0.0,-0.2,-0.2,400.0,400.0,37.9,87,26.2,no
2026-08-16 19:15:10,rule3-charge,"cloudy, stop raising until clouds clear",0.0,-0.2,-0.2,400.0,400.0,37.9,87,26.2,no
2026-08-16 19:15:20,rule3-charge,"cloudy, stop raising until clouds clear",0.0,-0.1,-0.2,400.0,400.0,37.9,87,26.2,no
2026-08-16 19:15:30,rule3-charge,"cloudy, stop raising until clouds clear",0.0,-0.2,-0.3,400.0,400.0,37.9,87,26.2,no
2026-08-16 19:15:40,rule3-charge,"cloudy, stop raising until clouds clear",0.0,-0.1,-0.2,400.0,400.0,37.9,87,26.2,no
2026-08-16 19:15:50,rule3-charge,"cloudy, stop raising until clouds clear",0.0,-0.2,-0.2,400.0,400.0,37.9,87,26.2,no
2026-08-16 19:16:00,rule3-charge,"cloudy, stop raising until clouds clear",0.0,-0.1,-0.2,400.0,400.0,37.9,87,26.2,no
2026-08-16 19:16:10,rule3-charge,"cloudy, stop raising until clouds clear",0.0,-0.2,-0.1,400.0,400.0,37.9,87,26.2,no
2026-08-16 19:16:20,rule3-charge,"cloudy, stop raising until clouds clear",0.0,-0.3,-0.2,400.0,400.0,37.9,87,26.2,no
2026-08-16 19:16:30,rule3-charge,"cloudy, stop raising until clouds clear",0.0,-0.2,-0.3,400.0,400.0,37.9,87,26.2,no
2026-08-16 19:16:40,rule3-charge,"cloudy, stop raising until clouds clear",0.0,-0.2,-0.2,400.0,400.0,37.9,87,26.2,no
2026-08-16 19:16:50,rule3-charge,"cloudy, stop raising until clouds clear",0.0,-0.2,-0.1,400.0,400.0,37.9,87,26.2,no
2026-08-16 19:17:00,rule3-charge,"cloudy, stop raising until clouds clear",0.0,-0.1,-0.2,400.0,400.0,37.9,87,26.2,no
2026-08-16 19:17:10,rule3-charge,"cloudy, stop raising until clouds clear",0.0,-0.2,-0.2,400.0,400.0,37.9,87,26.2,no
2026-08-16 19:17:20,rule3-charge,"cloudy, stop raising until clouds clear",0.0,-0.2,-0.2,400.0,400.0,37.9,87,26.2,no
2026-08-16 19:17:31,rule3-charge,"cloudy, stop raising until clouds clear",0.0,-0.2,-0.2,400.0,400.0,37.9,87,26.2,no
2026-08-16 19:17:41,rule3-charge,"cloudy, stop raising until clouds clear",0.0,-0.1,-0.2,400.0,400.0,37.9,87,26.2,no
2026-08-16 19:17:51,rule3-charge,"cloudy, stop raising until clouds clear",0.0,-0.1,-0.2,400.0,400.0,37.9,87,26.2,no
2026-08-16 19:18:02,rule3-charge,"cloudy, stop raising until clouds clear",0.0,-0.2,-0.2,400.0,400.0,37.9,87,26.2,no
2026-08-16 19:18:12,rule3-charge,"cloudy, stop raising until clouds clear",0.0,-0.1,-0.2,400.0,400.0,37.9,87,26.2,no
2026-08-16 19:18:22,rule3-charge,"cloudy, stop raising until clouds clear",0.0,-0.1,-0.2,400.0,400.0,37.9,87,26.2,no
2026-08-16 19:18:33,rule3-charge,"cloudy, stop raising until clouds clear",0.0,-0.2,-0.2,400.0,400.0,37.9,87,26.2,no
2026-08-16 19:18:43,rule3-charge,"cloudy, stop raising until clouds clear",0.0,-0.2,-0.2,400.0,400.0,37.9,87,26.2,no
2026-08-16 19:18:53,rule3-charge,"cloudy, stop raising until clouds clear",0.0,-0.3,-0.2,400.0,400.0,37.9,87,26.2,no
2026-08-16 19:19:04,rule3-charge,"cloudy, stop raising until clouds clear",0.0,-0.1,-0.2,400.0,400.0,37.9,87,26.2,no
2026-08-16 19:19:14,rule3-charge,"cloudy, stop raising until clouds clear",0.0,-0.2,-0.2,400.0,400.0,37.9,87,26.2,no
2026-08-16 19:19:24,rule3-charge,"cloudy, stop raising until clouds clear",0.0,-0.2,-0.2,400.0,400.0,37.9,87,26.2,no
2026-08-16 19:19:35,rule3-charge,"cloudy, stop raising until clouds clear",0.0,-0.2,-0.2,400.0,400.0,37.9,87,26.2,no
2026-08-16 19:19:45,rule3-charge,"cloudy, stop raising until clouds clear",0.0,-0.2,-0.2,400.0,400.0,37.9,87,26.2,no
2026-08-16 19:19:55,rule3-charge,"cloudy, stop raising until clouds clear",0.0,-0.2,-0.2,400.0,400.0,37.9,87,26.2,no
2026-08-16 19:20:06,rule3-charge,"cloudy, stop raising until clouds clear",0.0,-0.1,-0.1,400.0,400.0,37.9,87,26.2,no
2026-08-16 19:20:16,rule3-charge,"cloudy, stop raising until clouds clear",0.0,-0.2,-0.2,400.0,400.0,37.9,87,26.2,no
2026-08-16 19:20:26,rule3-charge,"cloudy, stop raising until clouds clear",0.0,-0.3,-0.2,400.0,400.0,37.9,87,26.2,no
2026-08-16 19:20:36,rule3-charge,"cloudy, stop raising until clouds clear",0.0,-0.2,-0.2,400.0,400.0,37.9,87,26.2,no
2026-08-16 19:20:46,rule3-charge,"cloudy, stop raising until clouds clear",0.0,-0.3,-0.2,400.0,400.0,37.9,87,26.2,no
2026-08-16 19:20:57,rule3-charge,"cloudy, stop raising until clouds clear",0.0,-0.3,-0.2,400.0,400.0,37.9,87,26.2,no
2026-08-16 19:21:08,rule3-charge,"cloudy, stop raising until clouds clear",0.0,-0.2,-0.2,400.0,400.0,37.9,87,26.2,no
2026-08-16 19:21:18,rule3-charge,"cloudy, stop raising until clouds clear",0.0,-0.2,-0.2,400.0,400.0,37.9,87,26.2,no
2026-08-16 19:21:28,rule3-charge,"cloudy, stop raising until clouds clear",0.0,-0.2,-0.2,400.0,400.0,37.9,87,26.2,no
2026-08-16 19:21:39,rule3-charge,"cloudy, stop raising until clouds clear",0.0,-0.2,-0.2,400.0,400.0,37.9,87,26.2,no
2026-08-16 19:21:49,rule3-charge,"cloudy, stop raising until clouds clear",0.0,-0.1,-0.2,400.0,400.0,37.9,87,26.2,no
2026-08-16 19:21:59,rule3-charge,"cloudy, stop raising until clouds clear",0.0,-0.2,-0.2,400.0,400.0,37.9,87,26.2,no
2026-08-16 19:22:09,rule3-charge,"cloudy, stop raising until clouds clear",0.0,-0.3,-0.2,400.0,400.0,37.9,87,26.2,no
2026-08-16 19:22:19,rule3-charge,"cloudy, stop raising until clouds clear",0.0,-0.2,-0.1,400.0,400.0,37.9,87,26.2,no
2026-08-16 19:22:30,rule3-charge,"cloudy, stop raising until clouds clear",0.0,-0.2,-0.2,400.0,400.0,37.9,87,26.2,no
2026-08-16 19:22:41,rule3-charge,"cloudy, stop raising until clouds clear",0.0,-0.2,-0.2,400.0,400.0,37.9,87,26.2,no
2026-08-16 19:22:51,rule3-charge,"cloudy, stop raising until clouds clear",0.0,-0.2,-0.3,400.0,400.0,37.9,87,26.2,no
2026-08-16 19:23:01,rule3-charge,"cloudy, stop raising until clouds clear",0.0,-0.2,-0.2,400.0,400.0,37.9,87,26.2,no
2026-08-16 19:23:12,rule3-charge,"cloudy, stop raising until clouds clear",0.0,-0.2,-0.2,400.0,400.0,37.9,87,26.2,no
2026-08-16 19:23:22,rule3-charge,"cloudy, stop raising until clouds clear",0.0,-0.2,-0.2,400.0,400.0,37.9,87,26.2,no
2026-08-16 19:23:32,rule3-charge,"cloudy, stop raising until clouds clear",0.0,-0.2,-0.2,400.0,400.0,37.8,85,26.2,no
2026-08-16 19:23:44,rule3-charge,"cloudy, stop raising until clouds clear",0.0,-0.2,-0.2,400.0,400.0,37.8,85,26.2,no
2026-08-16 19:23:54,rule3-charge,"cloudy, stop raising until clouds clear",0.0,-0.2,-0.2,400.0,400.0,37.8,85,26.2,no
2026-08-16 19:24:04,rule3-charge,"cloudy, stop raising until clouds clear",0.0,-0.2,-0.2,400.0,400.0,37.8,85,26.2,no
2026-08-16 19:24:14,rule3-charge,"cloudy, stop raising until clouds clear",0.0,-0.2,-0.2,400.0,400.0,37.8,85,26.2,no
2026-08-16 19:24:24,rule3-charge,"cloudy, stop raising until clouds clear",0.0,-0.2,-0.2,400.0,400.0,37.8,85,26.2,no
2026-08-16 19:24:34,rule3-charge,"cloudy, stop raising until clouds clear",0.0,-0.2,-0.2,400.0,400.0,37.8,85,26.2,no
2026-08-16 19:24:44,rule3-charge,"cloudy, stop raising until clouds clear",0.0,-0.2,-0.2,400.0,400.0,37.8,85,26.2,no
2026-08-16 19:24:54,rule3-charge,"cloudy, stop raising until clouds clear",0.0,-0.2,-0.2,400.0,400.0,37.8,85,26.2,no
2026-08-16 19:25:04,rule3-charge,"charging until 95%, waiting for ESS data",0.0,-0.2,,400.0,400.0,37.8,85,26.2,no
2026-08-16 19:25:15,rule3-charge,"charging until 95%, waiting for ESS data",0.0,-0.2,,400.0,400.0,37.8,85,26.2,no
2026-08-16 19:25:25,rule3-charge,"cloudy, stop raising until clouds clear",0.0,-0.2,-0.2,400.0,400.0,37.8,85,26.2,no
2026-08-16 19:25:35,rule3-charge,"cloudy, stop raising until clouds clear",0.0,-0.2,-0.2,400.0,400.0,37.8,85,26.2,no
2026-08-16 19:25:47,rule3-charge,"cloudy, stop raising until clouds clear",0.0,-0.2,-0.2,400.0,400.0,37.8,85,26.2,no
2026-08-16 19:25:57,rule3-charge,"cloudy, stop raising until clouds clear",0.0,-0.2,-0.2,400.0,400.0,37.8,85,26.2,no
2026-08-16 19:26:07,rule3-charge,"cloudy, stop raising until clouds clear",0.0,-0.2,-0.2,400.0,400.0,37.8,85,26.2,no
2026-08-16 19:26:18,rule3-charge,"cloudy, stop raising until clouds clear",0.0,-0.2,-0.1,400.0,400.0,37.8,85,26.2,no
2026-08-16 19:26:28,rule3-charge,"cloudy, stop raising until clouds clear",0.0,-0.2,-0.2,400.0,400.0,37.8,85,26.2,no
2026-08-16 19:26:38,rule3-charge,"cloudy, stop raising until clouds clear",0.0,-0.2,-0.2,400.0,400.0,37.8,85,26.2,no
2026-08-16 19:26:49,rule3-charge,"cloudy, stop raising until clouds clear",0.0,-0.2,-0.2,400.0,400.0,37.8,85,26.2,no
2026-08-16 19:26:59,rule3-charge,"cloudy, stop raising until clouds clear",0.0,-0.2,-0.2,400.0,400.0,37.8,85,26.2,no
2026-08-16 19:27:09,rule3-charge,"cloudy, stop raising until clouds clear",0.0,-0.2,-0.2,400.0,400.0,37.8,85,26.2,no
2026-08-16 19:27:20,rule3-charge,"cloudy, stop raising until clouds clear",0.0,-0.2,-0.2,400.0,400.0,37.8,85,26.2,no
2026-08-16 19:27:30,rule3-charge,"cloudy, stop raising until clouds clear",0.0,-0.3,-0.2,400.0,400.0,37.8,85,26.2,no
2026-08-16 19:27:40,rule3-charge,"cloudy, stop raising until clouds clear",0.0,-0.2,-0.2,400.0,400.0,37.8,85,26.2,no
2026-08-16 19:27:51,rule3-charge,"cloudy, stop raising until clouds clear",0.0,-0.3,-0.2,400.0,400.0,37.8,85,26.2,no
2026-08-16 19:28:01,rule3-charge,"cloudy, stop raising until clouds clear",0.0,-0.2,-0.2,400.0,400.0,37.8,85,26.2,no
2026-08-16 19:28:11,rule3-charge,"cloudy, stop raising until clouds clear",0.0,-0.2,-0.2,400.0,400.0,37.8,85,26.2,no
2026-08-16 19:28:22,rule3-charge,"cloudy, stop raising until clouds clear",0.0,-0.2,-0.2,400.0,400.0,37.8,85,26.2,no
2026-08-16 19:28:32,rule3-charge,"cloudy, stop raising until clouds clear",0.0,-0.2,-0.2,400.0,400.0,37.8,85,26.2,no
2026-08-16 19:28:42,rule3-charge,"cloudy, stop raising until clouds clear",0.0,-0.2,-0.2,400.0,400.0,37.8,85,26.2,no
2026-08-16 19:28:53,rule3-charge,"cloudy, stop raising until clouds clear",0.0,-0.2,-0.2,400.0,400.0,37.8,85,26.2,no
2026-08-16 19:29:03,rule3-charge,"cloudy, stop raising until clouds clear",0.0,-0.2,-0.2,400.0,400.0,37.8,85,26.2,no
2026-08-16 19:29:13,rule3-charge,"cloudy, stop raising until clouds clear",0.0,-0.2,-0.2,400.0,400.0,37.8,85,26.2,no
2026-08-16 19:29:24,rule3-charge,"cloudy, stop raising until clouds clear",0.0,-0.2,-0.2,400.0,400.0,37.8,85,26.2,no
2026-08-16 19:29:34,rule3-charge,"cloudy, stop raising until clouds clear",0.0,-0.2,-0.2,400.0,400.0,37.8,85,26.2,no
2026-08-16 19:29:44,rule3-charge,"cloudy, stop raising until clouds clear",0.0,-0.2,-0.2,400.0,400.0,37.8,85,26.2,no
2026-08-16 19:29:55,rule3-charge,"cloudy, stop raising until clouds clear",0.0,-0.2,-0.2,400.0,400.0,37.8,85,26.2,no
2026-08-16 19:30:05,rule3-charge,"cloudy, stop raising until clouds clear",0.0,-0.1,-0.2,400.0,400.0,37.8,85,26.2,no
2026-08-16 19:30:15,rule3-charge,"cloudy, stop raising until clouds clear",0.0,-0.2,-0.2,400.0,400.0,37.8,85,26.2,no
2026-08-16 19:30:26,rule3-charge,"cloudy, stop raising until clouds clear",0.0,-0.1,-0.2,400.0,400.0,37.8,85,26.2,no
2026-08-16 19:30:36,rule3-charge,"cloudy, stop raising until clouds clear",0.0,-0.2,-0.2,400.0,400.0,37.8,85,26.2,no
2026-08-16 19:30:46,rule3-charge,"cloudy, stop raising until clouds clear",0.0,-0.2,-0.2,400.0,400.0,37.8,85,26.2,no
2026-08-16 19:30:57,rule3-charge,"cloudy, stop raising until clouds clear",0.0,-0.2,-0.2,400.0,400.0,37.8,85,26.2,no
2026-08-16 19:31:07,rule3-charge,"cloudy, stop raising until clouds clear",0.0,-0.2,-0.2,400.0,400.0,37.8,85,26.2,no
2026-08-16 19:31:17,rule3-charge,"cloudy, stop raising until clouds clear",0.0,-0.2,-0.2,400.0,400.0,37.8,85,26.2,no
2026-08-16 19:31:28,rule3-charge,"cloudy, stop raising until clouds clear",0.0,-0.2,-0.2,400.0,400.0,37.8,85,26.2,no
2026-08-16 19:31:38,rule3-charge,"cloudy, stop raising until clouds clear",0.0,-0.1,-0.2,400.0,400.0,37.8,85,26.2,no
2026-08-16 19:31:48,rule3-charge,"cloudy, stop raising until clouds clear",0.0,-0.2,-0.2,400.0,400.0,37.8,85,26.2,no
2026-08-16 19:31:58,rule3-charge,"cloudy, stop raising until clouds clear",0.0,-0.2,-0.2,400.0,400.0,37.8,85,26.2,no
2026-08-16 19:32:08,rule3-charge,"cloudy, stop raising until clouds clear",0.0,-0.2,-0.2,400.0,400.0,37.8,85,26.2,no
2026-08-16 19:32:18,rule3-charge,"cloudy, stop raising until clouds clear",0.0,-0.2,-0.2,400.0,400.0,37.8,85,26.2,no
2026-08-16 19:32:29,rule3-charge,"cloudy, stop raising until clouds clear",0.0,-0.2,-0.2,400.0,400.0,37.8,85,26.2,no
2026-08-16 19:32:39,rule3-charge,"cloudy, stop raising until clouds clear",0.0,-0.3,-0.2,400.0,400.0,37.8,85,26.2,no
2026-08-16 19:32:49,rule3-charge,"cloudy, stop raising until clouds clear",0.0,-0.2,-0.2,400.0,400.0,37.8,85,26.2,no
2026-08-16 19:33:01,rule3-charge,"cloudy, stop raising until clouds clear",0.0,-0.3,-0.1,400.0,400.0,37.8,85,26.2,no
2026-08-16 19:33:11,rule3-charge,"cloudy, stop raising until clouds clear",0.0,-0.1,-0.2,400.0,400.0,37.8,85,26.2,no
2026-08-16 19:33:21,rule3-charge,"cloudy, stop raising until clouds clear",0.0,-0.2,-0.2,400.0,400.0,37.8,85,26.2,no
2026-08-16 19:33:31,rule3-charge,"cloudy, stop raising until clouds clear",0.0,-0.2,-0.2,400.0,400.0,37.8,85,26.2,no
2026-08-16 19:33:41,rule3-charge,"cloudy, stop raising until clouds clear",0.0,-0.2,-0.2,400.0,400.0,,82,26.2,no
2026-08-16 19:34:10,rule3-charge,"cloudy, stop raising until clouds clear",0.0,-0.2,-0.2,400.0,400.0,37.8,82,26.1,no
2026-08-16 19:34:20,rule3-charge,"cloudy, stop raising until clouds clear",0.0,-0.2,-0.2,400.0,400.0,37.8,82,26.1,no
2026-08-16 19:34:30,rule3-charge,"cloudy, stop raising until clouds clear",0.0,-0.3,-0.2,400.0,400.0,37.8,82,26.1,no
2026-08-16 19:34:40,rule3-charge,"cloudy, stop raising until clouds clear",0.0,-0.2,-0.2,400.0,400.0,37.8,82,26.1,no
2026-08-16 19:34:50,rule3-charge,"cloudy, stop raising until clouds clear",0.0,-0.2,-0.2,400.0,400.0,37.8,82,26.1,no
2026-08-16 19:35:00,rule3-charge,"cloudy, stop raising until clouds clear",0.0,-0.2,-0.2,400.0,400.0,37.8,82,26.1,no
2026-08-16 19:35:10,rule3-charge,"cloudy, stop raising until clouds clear",0.0,-0.3,-0.2,400.0,400.0,37.8,82,26.1,no
2026-08-16 19:35:20,rule3-charge,"cloudy, stop raising until clouds clear",0.0,-0.1,-0.2,400.0,400.0,37.8,82,26.1,no
2026-08-16 19:35:30,rule3-charge,"cloudy, stop raising until clouds clear",0.0,-0.2,-0.1,400.0,400.0,37.8,82,26.1,no
2026-08-16 19:35:40,rule3-charge,"cloudy, stop raising until clouds clear",0.0,-0.2,-0.2,400.0,400.0,37.8,82,26.1,no
2026-08-16 19:35:50,rule3-charge,"cloudy, stop raising until clouds clear",0.0,-0.2,-0.2,400.0,400.0,37.8,82,26.1,no
2026-08-16 19:36:00,rule3-charge,"cloudy, stop raising until clouds clear",0.0,-0.3,-0.2,400.0,400.0,37.8,82,26.1,no
2026-08-16 19:36:10,rule3-charge,"cloudy, stop raising until clouds clear",0.0,-0.1,-0.2,400.0,400.0,37.8,82,26.1,no
2026-08-16 19:36:20,rule3-charge,"cloudy, stop raising until clouds clear",0.0,-0.2,-0.2,400.0,400.0,37.8,82,26.1,no
2026-08-16 19:36:30,rule3-charge,"cloudy, stop raising until clouds clear",0.0,-0.1,-0.2,400.0,400.0,37.8,82,26.1,no
2026-08-16 19:36:40,rule3-charge,"cloudy, stop raising until clouds clear",0.0,-0.2,-0.2,400.0,400.0,37.8,82,26.1,no
2026-08-16 19:36:50,rule3-charge,"cloudy, stop raising until clouds clear",0.0,-0.2,-0.2,400.0,400.0,37.8,82,26.1,no
2026-08-16 19:37:00,rule3-charge,"cloudy, stop raising until clouds clear",0.0,-0.2,-0.2,400.0,400.0,37.8,82,26.1,no
2026-08-16 19:37:10,rule3-charge,"cloudy, stop raising until clouds clear",0.0,-0.2,-0.2,400.0,400.0,37.8,82,26.1,no
2026-08-16 19:37:20,rule3-charge,"cloudy, stop raising until clouds clear",0.0,-0.2,-0.2,400.0,400.0,37.8,82,26.1,no
2026-08-16 19:37:30,rule3-charge,"cloudy, stop raising until clouds clear",0.0,-0.2,-0.2,400.0,400.0,37.8,82,26.1,no
2026-08-16 19:37:40,rule3-charge,"cloudy, stop raising until clouds clear",0.0,-0.2,-0.2,400.0,400.0,37.8,82,26.1,no
2026-08-16 19:37:50,rule3-charge,"cloudy, stop raising until clouds clear",0.0,-0.3,-0.2,400.0,400.0,37.8,82,26.1,no
2026-08-16 19:38:00,rule3-charge,"cloudy, stop raising until clouds clear",0.0,-0.2,-0.2,400.0,400.0,37.8,82,26.1,no
2026-08-16 19:38:10,rule3-charge,"charging until 95%, waiting for ESS data",0.0,-0.2,,400.0,400.0,37.8,82,26.1,no
2026-08-16 19:38:21,rule3-charge,"charging until 95%, waiting for ESS data",0.0,-0.2,,400.0,400.0,37.8,82,26.1,no
2026-08-16 19:38:31,rule3-charge,"cloudy, stop raising until clouds clear",0.0,-0.2,-0.2,400.0,400.0,37.8,82,26.1,no
2026-08-16 19:38:41,rule3-charge,"cloudy, stop raising until clouds clear",0.0,-0.3,-0.2,400.0,400.0,37.8,82,26.1,no
2026-08-16 19:38:51,rule3-charge,"cloudy, stop raising until clouds clear",0.0,-0.2,-0.2,400.0,400.0,37.8,82,26.1,no
2026-08-16 19:39:01,rule3-charge,"cloudy, stop raising until clouds clear",0.0,-0.2,-0.2,400.0,400.0,37.8,82,26.1,no
2026-08-16 19:39:12,rule3-charge,"cloudy, stop raising until clouds clear",0.0,-0.2,-0.2,400.0,400.0,37.8,82,26.1,no
2026-08-16 19:39:22,rule3-charge,"cloudy, stop raising until clouds clear",0.0,-0.2,-0.2,400.0,400.0,37.8,82,26.1,no
2026-08-16 19:39:32,rule3-charge,"cloudy, stop raising until clouds clear",0.0,-0.3,-0.2,400.0,400.0,37.8,82,26.1,no
2026-08-16 19:39:43,rule3-charge,"cloudy, stop raising until clouds clear",0.0,-0.2,-0.2,400.0,400.0,37.8,82,26.1,no
2026-08-16 19:39:53,rule3-charge,"cloudy, stop raising until clouds clear",0.0,-0.2,-0.2,400.0,400.0,37.8,82,26.1,no
2026-08-16 19:40:03,rule3-charge,"cloudy, stop raising until clouds clear",0.0,-0.2,-0.2,400.0,400.0,37.8,82,26.1,no
2026-08-16 19:40:14,rule3-charge,"cloudy, stop raising until clouds clear",0.0,-0.2,-0.2,400.0,400.0,37.8,82,26.1,no
2026-08-16 19:40:24,rule3-charge,"cloudy, stop raising until clouds clear",0.0,-0.2,-0.1,400.0,400.0,37.8,82,26.1,no
2026-08-16 19:40:34,rule3-charge,"cloudy, stop raising until clouds clear",0.0,-0.2,-0.2,400.0,400.0,37.8,82,26.1,no
2026-08-16 19:40:45,rule3-charge,"cloudy, stop raising until clouds clear",0.0,-0.2,-0.2,400.0,400.0,37.8,82,26.1,no
2026-08-16 19:40:55,rule3-charge,"cloudy, stop raising until clouds clear",0.0,-0.2,-0.2,400.0,400.0,37.8,82,26.1,no
2026-08-16 19:41:05,rule3-charge,"cloudy, stop raising until clouds clear",0.0,-0.2,-0.2,400.0,400.0,37.8,82,26.1,no
2026-08-16 19:41:16,rule3-charge,"cloudy, stop raising until clouds clear",0.0,-0.1,-0.2,400.0,400.0,37.8,82,26.1,no
2026-08-16 19:41:26,rule3-charge,"cloudy, stop raising until clouds clear",0.0,-0.1,-0.1,400.0,400.0,37.8,82,26.1,no
2026-08-16 19:41:36,rule3-charge,"cloudy, stop raising until clouds clear",0.0,-0.2,-0.2,400.0,400.0,37.8,82,26.1,no
2026-08-16 19:41:47,rule3-charge,"cloudy, stop raising until clouds clear",0.0,-0.2,-0.2,400.0,400.0,37.8,82,26.1,no
2026-08-16 19:41:57,rule3-charge,"cloudy, stop raising until clouds clear",0.0,-0.2,-0.2,400.0,400.0,37.8,82,26.1,no
2026-08-16 19:42:07,rule3-charge,"cloudy, stop raising until clouds clear",0.0,-0.2,-0.2,400.0,400.0,37.8,82,26.1,no
2026-08-16 19:42:18,rule3-charge,"cloudy, stop raising until clouds clear",0.0,-0.1,-0.2,400.0,400.0,37.8,82,26.1,no
2026-08-16 19:42:28,rule3-charge,"cloudy, stop raising until clouds clear",0.0,-0.2,-0.2,400.0,400.0,37.8,82,26.1,no
2026-08-16 19:42:38,rule3-charge,"cloudy, stop raising until clouds clear",0.0,-0.3,-0.2,400.0,400.0,37.8,82,26.1,no
2026-08-16 19:42:49,rule3-charge,"cloudy, stop raising until clouds clear",0.0,-0.2,-0.2,400.0,400.0,37.8,82,26.1,no
2026-08-16 19:42:59,rule3-charge,"cloudy, stop raising until clouds clear",0.0,-0.2,-0.2,400.0,400.0,37.8,82,26.1,no
2026-08-16 19:43:09,rule3-charge,"cloudy, stop raising until clouds clear",0.0,-0.2,-0.2,400.0,400.0,37.8,82,26.1,no
2026-08-16 19:43:20,rule3-charge,"cloudy, stop raising until clouds clear",0.0,-0.2,-0.2,400.0,400.0,37.8,82,26.1,no
2026-08-16 19:43:30,rule3-charge,"cloudy, stop raising until clouds clear",0.0,-0.1,-0.2,400.0,400.0,37.8,82,26.1,no
2026-08-16 19:43:40,rule3-charge,"cloudy, stop raising until clouds clear",0.0,-0.2,-0.2,400.0,400.0,37.8,82,26.1,no
2026-08-16 19:43:51,rule3-charge,"cloudy, stop raising until clouds clear",0.0,-0.2,-0.2,400.0,400.0,37.8,82,26.1,no
2026-08-16 19:44:01,rule3-charge,"cloudy, stop raising until clouds clear",0.0,-0.1,-0.2,400.0,400.0,37.8,82,26.1,no
2026-08-16 19:44:24,rule3-charge,"cloudy, stop raising until clouds clear",0.0,-0.3,-0.2,400.0,400.0,37.8,82,26.1,no
2026-08-16 19:44:34,rule3-charge,"cloudy, stop raising until clouds clear",0.0,-0.2,-0.2,400.0,400.0,37.8,82,26.1,no
2026-08-16 19:44:44,rule3-charge,"cloudy, stop raising until clouds clear",0.0,-0.2,-0.2,400.0,400.0,37.8,82,26.1,no
2026-08-16 19:44:54,rule3-charge,"cloudy, stop raising until clouds clear",0.0,-0.2,-0.2,400.0,400.0,37.8,82,26.1,no
2026-08-16 19:45:04,rule3-charge,"cloudy, stop raising until clouds clear",0.0,-0.2,-0.2,400.0,400.0,37.8,82,26.1,no
2026-08-16 19:45:14,rule3-charge,"cloudy, stop raising until clouds clear",0.0,-0.2,-0.2,400.0,400.0,37.8,82,26.1,no
2026-08-16 19:45:24,rule3-charge,"cloudy, stop raising until clouds clear",0.0,-0.2,-0.2,400.0,400.0,37.8,82,26.1,no
2026-08-16 19:45:34,rule3-charge,"cloudy, stop raising until clouds clear",0.0,-0.2,-0.2,400.0,400.0,37.8,82,26.1,no
2026-08-16 19:45:44,rule3-charge,"cloudy, stop raising until clouds clear",0.0,-0.2,-0.2,400.0,400.0,37.8,82,26.1,no
2026-08-16 19:45:55,rule3-charge,"cloudy, stop raising until clouds clear",0.0,-0.2,-0.2,400.0,400.0,37.8,82,26.1,no
2026-08-16 19:46:05,rule3-charge,"cloudy, stop raising until clouds clear",0.0,-0.2,-0.2,400.0,400.0,37.8,82,26.1,no
2026-08-16 19:46:15,rule3-charge,"cloudy, stop raising until clouds clear",0.0,-0.2,-0.2,400.0,400.0,37.8,82,26.1,no
2026-08-16 19:46:26,rule3-charge,"cloudy, stop raising until clouds clear",0.0,-0.2,-0.2,400.0,400.0,37.8,82,26.1,no
2026-08-16 19:46:36,rule3-charge,"cloudy, stop raising until clouds clear",0.0,-0.2,-0.2,400.0,400.0,37.8,82,26.1,no
2026-08-16 19:46:46,rule3-charge,"cloudy, stop raising until clouds clear",0.0,-0.2,-0.2,400.0,400.0,37.8,82,26.1,no
2026-08-16 19:46:57,rule3-charge,"cloudy, stop raising until clouds clear",0.0,-0.2,-0.2,400.0,400.0,37.8,82,26.1,no
2026-08-16 19:47:07,rule3-charge,"cloudy, stop raising until clouds clear",0.0,-0.2,-0.2,400.0,400.0,37.8,82,26.1,no
2026-08-16 19:47:17,rule3-charge,"cloudy, stop raising until clouds clear",0.0,-0.2,-0.2,400.0,400.0,37.8,82,26.1,no
2026-08-16 19:47:28,rule3-charge,"cloudy, stop raising until clouds clear",0.0,-0.1,-0.2,400.0,400.0,37.8,82,26.1,no
2026-08-16 19:47:38,rule3-charge,"cloudy, stop raising until clouds clear",0.0,-0.2,-0.2,400.0,400.0,37.8,82,26.1,no
2026-08-16 19:47:48,rule3-charge,"cloudy, stop raising until clouds clear",0.0,-0.1,-0.2,400.0,400.0,37.8,82,26.1,no
2026-08-16 19:47:59,rule3-charge,"cloudy, stop raising until clouds clear",0.0,-0.2,-0.2,400.0,400.0,37.8,82,26.1,no
2026-08-16 19:48:09,rule3-charge,"cloudy, stop raising until clouds clear",0.0,-0.3,-0.2,400.0,400.0,37.8,82,26.1,no
2026-08-16 19:48:19,rule3-charge,"cloudy, stop raising until clouds clear",0.0,-0.1,-0.2,400.0,400.0,37.8,82,26.1,no
2026-08-16 19:48:30,rule3-charge,"cloudy, stop raising until clouds clear",0.0,-0.2,-0.2,400.0,400.0,37.8,82,26.1,no
2026-08-16 19:48:40,rule3-charge,"cloudy, stop raising until clouds clear",0.0,-0.2,-0.2,400.0,400.0,37.8,82,26.1,no
2026-08-16 19:48:50,rule3-charge,"cloudy, stop raising until clouds clear",0.0,-0.2,-0.2,400.0,400.0,37.8,82,26.1,no
2026-08-16 19:49:01,rule3-charge,"cloudy, stop raising until clouds clear",0.0,-0.1,-0.2,400.0,400.0,37.8,82,26.1,no
2026-08-16 19:49:11,rule3-charge,"cloudy, stop raising until clouds clear",0.0,-0.2,-0.2,400.0,400.0,37.8,82,26.1,no
2026-08-16 19:49:21,rule3-charge,"cloudy, stop raising until clouds clear",0.0,-0.2,-0.2,400.0,400.0,37.8,82,26.1,no
2026-08-16 19:49:32,rule3-charge,"cloudy, stop raising until clouds clear",0.0,-0.1,-0.2,400.0,400.0,37.8,82,26.1,no
2026-08-16 19:49:42,rule3-charge,"cloudy, stop raising until clouds clear",0.0,-0.3,-0.2,400.0,400.0,37.8,82,26.1,no
2026-08-16 19:49:52,rule3-charge,"cloudy, stop raising until clouds clear",0.0,-0.1,-0.2,400.0,400.0,37.8,82,26.1,no
2026-08-16 19:50:02,rule3-charge,"cloudy, stop raising until clouds clear",0.0,-0.2,-0.2,400.0,400.0,37.8,82,26.1,no
2026-08-16 19:50:12,rule3-charge,"cloudy, stop raising until clouds clear",0.0,-0.2,-0.1,400.0,400.0,37.8,82,26.1,no
2026-08-16 19:50:22,rule3-charge,"cloudy, stop raising until clouds clear",0.0,-0.2,-0.2,400.0,400.0,37.8,82,26.1,no
2026-08-16 19:50:34,rule3-charge,"cloudy, stop raising until clouds clear",0.0,-0.1,-0.2,400.0,400.0,37.8,82,26.1,no
2026-08-16 19:50:44,rule3-charge,"cloudy, stop raising until clouds clear",0.0,-0.2,-0.2,400.0,400.0,37.8,82,26.1,no
2026-08-16 19:50:54,rule3-charge,"cloudy, stop raising until clouds clear",0.0,-0.2,-0.2,400.0,400.0,37.8,82,26.1,no
2026-08-16 19:51:05,rule3-charge,"cloudy, stop raising until clouds clear",0.0,-0.2,-0.2,400.0,400.0,37.8,82,26.1,no
2026-08-16 19:51:15,rule3-charge,"charging until 95%, waiting for ESS data",0.0,-0.2,,400.0,400.0,37.8,82,26.1,no
2026-08-16 19:51:25,rule3-charge,"charging until 95%, waiting for ESS data",0.0,-0.2,,400.0,400.0,37.8,82,26.1,no
2026-08-16 19:51:36,rule3-charge,"cloudy, stop raising until clouds clear",0.0,-0.2,-0.2,400.0,400.0,37.8,82,26.1,no
2026-08-16 19:51:46,rule3-charge,"cloudy, stop raising until clouds clear",0.0,-0.2,-0.2,400.0,400.0,37.8,82,26.1,no
2026-08-16 19:51:56,rule3-charge,"cloudy, stop raising until clouds clear",0.0,-0.2,-0.2,400.0,400.0,37.8,82,26.1,no
2026-08-16 19:52:07,rule3-charge,"cloudy, stop raising until clouds clear",0.0,-0.2,-0.2,400.0,400.0,37.8,82,26.1,no
2026-08-16 19:52:17,rule3-charge,"cloudy, stop raising until clouds clear",0.0,-0.2,-0.1,400.0,400.0,37.8,82,26.1,no
2026-08-16 19:52:27,rule3-charge,"cloudy, stop raising until clouds clear",0.0,-0.2,-0.2,400.0,400.0,37.8,82,26.1,no
2026-08-16 19:52:37,rule3-charge,"cloudy, stop raising until clouds clear",0.0,-0.1,-0.2,400.0,400.0,37.8,82,26.1,no
2026-08-16 19:52:48,rule3-charge,"cloudy, stop raising until clouds clear",0.0,-0.2,-0.2,400.0,400.0,37.8,82,26.1,no
2026-08-16 19:52:58,rule3-charge,"cloudy, stop raising until clouds clear",0.0,-0.2,-0.2,400.0,400.0,37.8,82,26.1,no
2026-08-16 19:53:09,rule3-charge,"cloudy, stop raising until clouds clear",0.0,-0.2,-0.2,400.0,400.0,37.8,82,26.1,no
2026-08-16 19:53:19,rule3-charge,"cloudy, stop raising until clouds clear",0.0,-0.1,-0.1,400.0,400.0,37.8,82,26.1,no
2026-08-16 19:53:29,rule3-charge,"cloudy, stop raising until clouds clear",0.0,-0.3,-0.2,400.0,400.0,37.8,82,26.1,no
2026-08-16 19:53:39,rule3-charge,"cloudy, stop raising until clouds clear",0.0,-0.2,-0.2,400.0,400.0,37.8,82,26.1,no
2026-08-16 19:53:49,rule3-charge,"cloudy, stop raising until clouds clear",0.0,-0.2,-0.2,400.0,400.0,37.8,82,26.1,no
2026-08-16 19:53:59,rule3-charge,"cloudy, stop raising until clouds clear",0.0,-0.2,-0.2,400.0,400.0,37.8,82,26.1,no
2026-08-16 19:54:11,rule3-charge,"cloudy, stop raising until clouds clear",0.0,-0.2,-0.2,400.0,400.0,37.7,78,26.1,no
2026-08-16 19:54:23,rule3-charge,"cloudy, stop raising until clouds clear",0.0,-0.3,-0.2,400.0,400.0,37.7,78,26.1,no
2026-08-16 19:54:33,rule3-charge,"cloudy, stop raising until clouds clear",0.0,-0.3,-0.2,400.0,400.0,37.7,78,26.1,no
2026-08-16 19:54:43,rule3-charge,"cloudy, stop raising until clouds clear",0.0,-0.3,-0.2,400.0,400.0,37.7,78,26.1,no
2026-08-16 19:54:53,rule3-charge,"cloudy, stop raising until clouds clear",0.0,-0.2,-0.2,400.0,400.0,37.7,78,26.1,no
2026-08-16 19:55:03,rule3-charge,"cloudy, stop raising until clouds clear",0.0,-0.2,-0.2,400.0,400.0,37.7,78,26.0,no
2026-08-16 19:55:13,rule3-charge,"cloudy, stop raising until clouds clear",0.0,-0.2,-0.2,400.0,400.0,37.7,78,26.0,no
2026-08-16 19:55:23,rule3-charge,"cloudy, stop raising until clouds clear",0.0,-0.2,-0.2,400.0,400.0,37.7,78,26.0,no
2026-08-16 19:55:33,rule3-charge,"cloudy, stop raising until clouds clear",0.0,-0.2,-0.2,400.0,400.0,37.7,78,26.0,no
2026-08-16 19:55:44,rule3-charge,"cloudy, stop raising until clouds clear",0.0,-0.1,-0.2,400.0,400.0,37.7,78,26.0,no
2026-08-16 19:55:54,rule3-charge,"cloudy, stop raising until clouds clear",0.0,-0.2,-0.2,400.0,400.0,37.7,78,26.0,no
2026-08-16 19:56:04,rule3-charge,"cloudy, stop raising until clouds clear",0.0,-0.1,-0.1,400.0,400.0,37.7,78,26.0,no
2026-08-16 19:56:14,rule3-charge,"cloudy, stop raising until clouds clear",0.0,-0.2,-0.2,400.0,400.0,37.7,78,26.0,no
2026-08-16 19:56:24,rule3-charge,"cloudy, stop raising until clouds clear",0.0,-0.3,-0.2,400.0,400.0,37.7,78,26.0,no
2026-08-16 19:56:34,rule3-charge,"cloudy, stop raising until clouds clear",0.0,-0.2,-0.2,400.0,400.0,37.7,78,26.0,no
2026-08-16 19:56:46,rule3-charge,"cloudy, stop raising until clouds clear",0.0,-0.2,-0.2,400.0,400.0,37.7,78,26.0,no
2026-08-16 19:56:56,rule3-charge,"cloudy, stop raising until clouds clear",0.0,-0.2,-0.2,400.0,400.0,37.7,78,26.0,no
2026-08-16 19:57:06,rule3-charge,"cloudy, stop raising until clouds clear",0.0,-0.3,-0.2,400.0,400.0,37.7,78,26.0,no
2026-08-16 19:57:16,rule3-charge,"cloudy, stop raising until clouds clear",0.0,-0.2,-0.2,400.0,400.0,37.7,78,26.0,no
2026-08-16 19:57:26,rule3-charge,"cloudy, stop raising until clouds clear",0.0,-0.2,-0.2,400.0,400.0,37.7,78,26.0,no
2026-08-16 19:57:36,rule3-charge,"cloudy, stop raising until clouds clear",0.0,-0.1,-0.2,400.0,400.0,37.7,78,26.0,no
2026-08-16 19:57:47,rule3-charge,"cloudy, stop raising until clouds clear",0.0,-0.2,-0.2,400.0,400.0,37.7,78,26.0,no
2026-08-16 19:57:57,rule3-charge,"cloudy, stop raising until clouds clear",0.0,-0.2,-0.2,400.0,400.0,37.7,78,26.0,no
2026-08-16 19:58:07,rule3-charge,"cloudy, stop raising until clouds clear",0.0,-0.3,-0.2,400.0,400.0,37.7,78,26.0,no
2026-08-16 19:58:18,rule3-charge,"cloudy, stop raising until clouds clear",0.0,-0.2,-0.2,400.0,400.0,37.7,78,26.0,no
2026-08-16 19:58:28,rule3-charge,"cloudy, stop raising until clouds clear",0.0,-0.1,-0.2,400.0,400.0,37.7,78,26.0,no
2026-08-16 19:58:38,rule3-charge,"cloudy, stop raising until clouds clear",0.0,-0.2,-0.2,400.0,400.0,37.7,78,26.0,no
2026-08-16 19:58:49,rule3-charge,"cloudy, stop raising until clouds clear",0.0,-0.2,-0.2,400.0,400.0,37.7,78,26.0,no
2026-08-16 19:58:59,rule3-charge,"cloudy, stop raising until clouds clear",0.0,-0.1,-0.2,400.0,400.0,37.7,78,26.0,no
2026-08-16 19:59:09,rule3-charge,"cloudy, stop raising until clouds clear",0.0,-0.2,-0.2,400.0,400.0,37.7,78,26.0,no
2026-08-16 19:59:20,rule3-charge,"cloudy, stop raising until clouds clear",0.0,-0.2,-0.2,400.0,400.0,37.7,78,26.0,no
2026-08-16 19:59:30,rule3-charge,"cloudy, stop raising until clouds clear",0.0,-0.2,-0.2,400.0,400.0,37.7,78,26.0,no
2026-08-16 19:59:40,rule3-charge,"cloudy, stop raising until clouds clear",0.0,-0.3,-0.3,400.0,400.0,37.7,78,26.0,no
2026-08-16 19:59:51,rule3-charge,"cloudy, stop raising until clouds clear",0.0,-0.1,-0.2,400.0,400.0,37.7,78,26.0,no
2026-08-16 20:00:01,rule3-charge,"cloudy, stop raising until clouds clear",0.0,-0.1,-0.2,400.0,400.0,37.7,78,26.0,no
2026-08-16 20:00:11,rule3-charge,"cloudy, stop raising until clouds clear",0.0,-0.2,-0.2,400.0,400.0,37.7,78,26.0,no
2026-08-16 20:00:22,rule3-charge,"cloudy, stop raising until clouds clear",0.0,-0.2,-0.2,400.0,400.0,37.7,78,26.0,no
2026-08-16 20:00:32,rule3-charge,"cloudy, stop raising until clouds clear",0.0,-0.3,-0.2,400.0,400.0,37.7,78,26.0,no
2026-08-16 20:00:42,rule3-charge,"cloudy, stop raising until clouds clear",0.0,-0.1,-0.2,400.0,400.0,37.7,78,25.9,no
2026-08-16 20:00:53,rule3-charge,"cloudy, stop raising until clouds clear",0.0,-0.2,-0.2,400.0,400.0,37.7,78,25.9,no
2026-08-16 20:01:03,rule3-charge,"cloudy, stop raising until clouds clear",0.0,-0.3,-0.2,400.0,400.0,37.7,78,25.9,no
2026-08-16 20:01:13,rule3-charge,"cloudy, stop raising until clouds clear",0.0,-0.1,-0.2,400.0,400.0,37.7,78,25.9,no
2026-08-16 20:01:24,rule3-charge,"cloudy, stop raising until clouds clear",0.0,-0.3,-0.2,400.0,400.0,37.7,78,25.9,no
2026-08-16 20:01:34,rule3-charge,"cloudy, stop raising until clouds clear",0.0,-0.1,-0.2,400.0,400.0,37.7,78,25.9,no
2026-08-16 20:01:45,rule3-charge,"cloudy, stop raising until clouds clear",0.0,-0.2,-0.2,400.0,400.0,37.7,78,25.9,no
2026-08-16 20:01:55,rule3-charge,"cloudy, stop raising until clouds clear",0.0,-0.1,-0.2,400.0,400.0,37.7,78,25.9,no
2026-08-16 20:02:05,rule3-charge,"cloudy, stop raising until clouds clear",0.0,-0.2,-0.2,400.0,400.0,37.7,78,25.9,no
2026-08-16 20:02:15,rule3-charge,"cloudy, stop raising until clouds clear",0.0,-0.3,-0.2,400.0,400.0,37.7,78,25.9,no
2026-08-16 20:02:26,rule3-charge,"cloudy, stop raising until clouds clear",0.0,-0.2,-0.1,400.0,400.0,37.7,78,25.9,no
2026-08-16 20:02:36,rule3-charge,"cloudy, stop raising until clouds clear",0.0,-0.3,-0.2,400.0,400.0,37.7,78,25.9,no
2026-08-16 20:02:47,rule3-charge,"cloudy, stop raising until clouds clear",0.0,-0.2,-0.2,400.0,400.0,37.7,78,25.9,no
2026-08-16 20:02:57,rule3-charge,"cloudy, stop raising until clouds clear",0.0,-0.2,-0.2,400.0,400.0,37.7,78,25.9,no
2026-08-16 20:03:07,rule3-charge,"cloudy, stop raising until clouds clear",0.0,-0.2,-0.2,400.0,400.0,37.7,78,25.9,no
2026-08-16 20:03:17,rule3-charge,"cloudy, stop raising until clouds clear",0.0,-0.2,-0.2,400.0,400.0,37.7,78,25.9,no
2026-08-16 20:03:28,rule3-charge,"cloudy, stop raising until clouds clear",0.0,-0.3,-0.2,400.0,400.0,37.7,78,25.9,no
2026-08-16 20:03:38,rule3-charge,"cloudy, stop raising until clouds clear",0.0,-0.3,-0.2,400.0,400.0,37.7,78,25.9,no
2026-08-16 20:03:48,rule3-charge,"cloudy, stop raising until clouds clear",0.0,-0.2,-0.2,400.0,400.0,37.7,78,25.9,no
2026-08-16 20:03:59,rule3-charge,"cloudy, stop raising until clouds clear",0.0,-0.2,-0.2,400.0,400.0,37.7,78,25.9,no
2026-08-16 20:04:09,rule3-charge,"cloudy, stop raising until clouds clear",0.0,-0.2,-0.1,400.0,400.0,37.7,78,25.9,no
2026-08-16 20:04:19,rule3-charge,"charging until 95%, waiting for ESS data",0.0,-0.1,,400.0,400.0,37.6,78,25.9,no
2026-08-16 20:04:32,rule3-charge,"cloudy, stop raising until clouds clear",0.0,-0.3,-0.2,400.0,400.0,37.6,78,25.9,no
2026-08-16 20:04:42,rule3-charge,"cloudy, stop raising until clouds clear",0.0,-0.3,-0.2,400.0,400.0,37.6,78,25.9,no
2026-08-16 20:04:52,rule3-charge,"cloudy, stop raising until clouds clear",0.0,-0.2,-0.2,400.0,400.0,37.6,78,25.9,no
2026-08-16 20:05:02,rule3-charge,"cloudy, stop raising until clouds clear",0.0,-0.2,-0.2,400.0,400.0,37.6,78,25.9,no
2026-08-16 20:05:12,rule3-charge,"cloudy, stop raising until clouds clear",0.0,-0.2,-0.2,400.0,400.0,37.6,78,25.9,no
2026-08-16 20:05:22,rule3-charge,"cloudy, stop raising until clouds clear",0.0,-0.2,-0.2,400.0,400.0,37.6,78,25.9,no
2026-08-16 20:05:32,rule3-charge,"cloudy, stop raising until clouds clear",0.0,-0.2,-0.2,400.0,400.0,37.6,78,25.9,no
2026-08-16 20:05:42,rule3-charge,"cloudy, stop raising until clouds clear",0.0,-0.2,-0.2,400.0,400.0,37.6,78,25.9,no
2026-08-16 20:05:52,rule3-charge,"cloudy, stop raising until clouds clear",0.0,-0.3,-0.2,400.0,400.0,37.6,78,25.9,no
2026-08-16 20:06:03,rule3-charge,"cloudy, stop raising until clouds clear",0.0,-0.2,-0.2,400.0,400.0,37.6,78,25.9,no
2026-08-16 20:06:13,rule3-charge,"cloudy, stop raising until clouds clear",0.0,-0.2,-0.2,400.0,400.0,37.6,78,25.9,no
2026-08-16 20:06:23,rule3-charge,"cloudy, stop raising until clouds clear",0.0,-0.2,-0.2,400.0,400.0,37.6,78,25.9,no
2026-08-16 20:06:34,rule3-charge,"cloudy, stop raising until clouds clear",0.0,-0.3,-0.2,400.0,400.0,37.6,78,25.9,no
2026-08-16 20:06:44,rule3-charge,"cloudy, stop raising until clouds clear",0.0,-0.2,-0.2,400.0,400.0,37.6,78,25.9,no
2026-08-16 20:06:54,rule3-charge,"cloudy, stop raising until clouds clear",0.0,-0.2,-0.2,400.0,400.0,37.6,78,25.9,no
2026-08-16 20:07:05,rule3-charge,"cloudy, stop raising until clouds clear",0.0,-0.2,-0.2,400.0,400.0,37.6,78,25.9,no
2026-08-16 20:07:15,rule3-charge,"cloudy, stop raising until clouds clear",0.0,-0.2,-0.2,400.0,400.0,37.6,78,25.9,no
2026-08-16 20:07:25,rule3-charge,"cloudy, stop raising until clouds clear",0.0,-0.2,-0.2,400.0,400.0,37.6,78,25.9,no
2026-08-16 20:07:36,rule3-charge,"cloudy, stop raising until clouds clear",0.0,-0.2,-0.2,400.0,400.0,37.6,78,25.9,no
2026-08-16 20:07:46,rule3-charge,"cloudy, stop raising until clouds clear",0.0,-0.1,-0.2,400.0,400.0,37.6,78,25.9,no
2026-08-16 20:07:56,rule3-charge,"cloudy, stop raising until clouds clear",0.0,-0.2,-0.2,400.0,400.0,37.6,78,25.9,no
2026-08-16 20:08:07,rule3-charge,"cloudy, stop raising until clouds clear",0.0,-0.2,-0.3,400.0,400.0,37.6,78,25.9,no
2026-08-16 20:08:17,rule3-charge,"cloudy, stop raising until clouds clear",0.0,-0.2,-0.2,400.0,400.0,37.6,78,25.9,no
2026-08-16 20:08:27,rule3-charge,"cloudy, stop raising until clouds clear",0.0,-0.1,-0.2,400.0,400.0,37.6,78,25.9,no
2026-08-16 20:08:38,rule3-charge,"cloudy, stop raising until clouds clear",0.0,-0.2,-0.2,400.0,400.0,37.6,78,25.9,no
2026-08-16 20:08:48,rule3-charge,"cloudy, stop raising until clouds clear",0.0,-0.1,-0.2,400.0,400.0,37.6,78,25.9,no
2026-08-16 20:08:58,rule3-charge,"cloudy, stop raising until clouds clear",0.0,-0.1,-0.2,400.0,400.0,37.6,78,25.9,no
2026-08-16 20:09:09,rule3-charge,"cloudy, stop raising until clouds clear",0.0,-0.2,-0.2,400.0,400.0,37.6,78,25.9,no
2026-08-16 20:09:19,rule3-charge,"cloudy, stop raising until clouds clear",0.0,-0.2,-0.2,400.0,400.0,37.6,78,25.9,no
2026-08-16 20:09:29,rule3-charge,"cloudy, stop raising until clouds clear",0.0,-0.3,-0.2,400.0,400.0,37.6,78,25.9,no
2026-08-16 20:09:40,rule3-charge,"cloudy, stop raising until clouds clear",0.0,-0.2,-0.2,400.0,400.0,37.6,78,25.9,no
2026-08-16 20:09:50,rule3-charge,"cloudy, stop raising until clouds clear",0.0,-0.1,-0.1,400.0,400.0,37.6,78,25.9,no
2026-08-16 20:10:00,rule3-charge,"cloudy, stop raising until clouds clear",0.0,-0.3,-0.2,400.0,400.0,37.6,78,25.9,no
2026-08-16 20:10:11,rule3-charge,"cloudy, stop raising until clouds clear",0.0,-0.2,-0.2,400.0,400.0,37.6,78,25.9,no
2026-08-16 20:10:21,rule3-charge,"cloudy, stop raising until clouds clear",0.0,-0.2,-0.2,400.0,400.0,37.6,78,25.9,no
2026-08-16 20:10:31,rule3-charge,"cloudy, stop raising until clouds clear",0.0,-0.2,-0.2,400.0,400.0,37.6,78,25.9,no
2026-08-16 20:10:42,rule3-charge,"cloudy, stop raising until clouds clear",0.0,-0.2,-0.2,400.0,400.0,37.6,78,25.9,no
2026-08-16 20:10:52,rule3-charge,"cloudy, stop raising until clouds clear",0.0,-0.2,-0.2,400.0,400.0,37.6,78,25.9,no
2026-08-16 20:11:02,rule3-charge,"cloudy, stop raising until clouds clear",0.0,-0.2,-0.2,400.0,400.0,37.6,78,25.9,no
2026-08-16 20:11:13,rule3-charge,"cloudy, stop raising until clouds clear",0.0,-0.1,-0.2,400.0,400.0,37.6,78,25.9,no
2026-08-16 20:11:23,rule3-charge,"cloudy, stop raising until clouds clear",0.0,-0.2,-0.2,400.0,400.0,37.6,78,25.9,no
2026-08-16 20:11:33,rule3-charge,"cloudy, stop raising until clouds clear",0.0,-0.2,-0.2,400.0,400.0,37.6,78,25.9,no
2026-08-16 20:11:44,rule3-charge,"cloudy, stop raising until clouds clear",0.0,-0.2,-0.1,400.0,400.0,37.6,78,25.9,no
2026-08-16 20:11:54,rule3-charge,"cloudy, stop raising until clouds clear",0.0,-0.3,-0.2,400.0,400.0,37.6,78,25.9,no
2026-08-16 20:12:04,rule3-charge,"cloudy, stop raising until clouds clear",0.0,-0.2,-0.2,400.0,400.0,37.6,78,25.9,no
2026-08-16 20:12:15,rule3-charge,"cloudy, stop raising until clouds clear",0.0,-0.2,-0.2,400.0,400.0,37.6,78,25.9,no
2026-08-16 20:12:25,rule3-charge,"cloudy, stop raising until clouds clear",0.0,-0.2,-0.2,400.0,400.0,37.6,78,25.9,no
2026-08-16 20:12:35,rule3-charge,"cloudy, stop raising until clouds clear",0.0,-0.2,-0.2,400.0,400.0,37.6,78,25.9,no
2026-08-16 20:12:46,rule3-charge,"cloudy, stop raising until clouds clear",0.0,-0.1,-0.2,400.0,400.0,37.6,78,25.9,no
2026-08-16 20:12:56,rule3-charge,"cloudy, stop raising until clouds clear",0.0,-0.2,-0.2,400.0,400.0,37.6,78,25.9,no
2026-08-16 20:13:06,rule3-charge,"cloudy, stop raising until clouds clear",0.0,-0.2,-0.1,400.0,400.0,37.6,78,25.9,no
2026-08-16 20:13:17,rule3-charge,"cloudy, stop raising until clouds clear",0.0,-0.2,-0.2,400.0,400.0,37.6,78,25.9,no
2026-08-16 20:13:27,rule3-charge,"cloudy, stop raising until clouds clear",0.0,-0.2,-0.2,400.0,400.0,37.6,78,25.9,no
2026-08-16 20:13:37,rule3-charge,"cloudy, stop raising until clouds clear",0.0,-0.2,-0.2,400.0,400.0,37.6,78,25.9,no
2026-08-16 20:13:48,rule3-charge,"cloudy, stop raising until clouds clear",0.0,-0.2,-0.2,400.0,400.0,37.6,78,25.9,no
2026-08-16 20:13:58,rule3-charge,"cloudy, stop raising until clouds clear",0.0,-0.1,-0.2,400.0,400.0,37.6,78,25.9,no
2026-08-16 20:14:08,rule3-charge,"cloudy, stop raising until clouds clear",0.0,-0.2,-0.2,400.0,400.0,37.6,78,25.9,no
2026-08-16 20:14:19,rule3-charge,"cloudy, stop raising until clouds clear",0.0,-0.2,-0.2,400.0,400.0,37.6,78,25.9,no
2026-08-16 20:14:29,rule3-charge,"cloudy, stop raising until clouds clear",0.0,-0.2,-0.1,400.0,400.0,37.6,78,25.9,no
2026-08-16 20:14:55,rule3-charge,"cloudy, stop raising until clouds clear",0.0,-0.2,-0.2,400.0,400.0,37.6,78,25.9,no
2026-08-16 20:15:05,rule3-charge,"cloudy, stop raising until clouds clear",0.0,-0.2,-0.2,400.0,400.0,37.6,78,25.9,no
2026-08-16 20:15:15,rule3-charge,"cloudy, stop raising until clouds clear",0.0,-0.2,-0.2,400.0,400.0,37.6,78,25.9,no
2026-08-16 20:15:25,rule3-charge,"cloudy, stop raising until clouds clear",0.0,-0.2,-0.1,400.0,400.0,37.6,78,25.9,no
2026-08-16 20:15:35,rule3-charge,"cloudy, stop raising until clouds clear",0.0,-0.2,-0.1,400.0,400.0,37.6,78,25.9,no
2026-08-16 20:15:45,rule3-charge,"cloudy, stop raising until clouds clear",0.0,-0.2,-0.2,400.0,400.0,37.6,78,25.9,no
2026-08-16 20:15:55,rule3-charge,"cloudy, stop raising until clouds clear",0.0,-0.1,-0.2,400.0,400.0,37.6,78,25.9,no
2026-08-16 20:16:05,rule3-charge,"cloudy, stop raising until clouds clear",0.0,-0.2,-0.2,400.0,400.0,37.6,78,25.9,no
2026-08-16 20:16:15,rule3-charge,"cloudy, stop raising until clouds clear",0.0,-0.2,-0.2,400.0,400.0,37.6,78,25.9,no
2026-08-16 20:16:25,rule3-charge,"cloudy, stop raising until clouds clear",0.0,-0.1,-0.2,400.0,400.0,37.6,78,25.9,no
2026-08-16 20:16:35,rule3-charge,"cloudy, stop raising until clouds clear",0.0,-0.3,-0.2,400.0,400.0,37.6,78,25.9,no
2026-08-16 20:16:45,rule3-charge,"cloudy, stop raising until clouds clear",0.0,-0.2,-0.1,400.0,400.0,37.6,78,25.9,no
2026-08-16 20:16:55,rule3-charge,"cloudy, stop raising until clouds clear",0.0,-0.2,-0.2,400.0,400.0,37.6,78,25.9,no
2026-08-16 20:17:05,rule3-charge,"cloudy, stop raising until clouds clear",0.0,-0.1,-0.2,400.0,400.0,37.6,78,25.9,no
2026-08-16 20:17:15,rule3-charge,"cloudy, stop raising until clouds clear",0.0,-0.2,-0.3,400.0,400.0,37.6,78,25.9,no
2026-08-16 20:17:25,rule3-charge,"charging until 95%, waiting for ESS data",0.0,-0.2,,400.0,400.0,37.6,78,25.9,no
2026-08-16 20:17:35,rule3-charge,"cloudy, stop raising until clouds clear",0.0,-0.2,-0.2,400.0,400.0,37.6,78,25.9,no
2026-08-16 20:17:45,rule3-charge,"cloudy, stop raising until clouds clear",0.0,-0.2,-0.2,400.0,400.0,37.6,78,25.9,no
2026-08-16 20:17:56,rule3-charge,"cloudy, stop raising until clouds clear",0.0,-0.2,-0.2,400.0,400.0,37.6,78,25.9,no
2026-08-16 20:18:06,rule3-charge,"cloudy, stop raising until clouds clear",0.0,-0.2,-0.2,400.0,400.0,37.6,78,25.9,no
2026-08-16 20:18:16,rule3-charge,"cloudy, stop raising until clouds clear",0.0,-0.1,-0.2,400.0,400.0,37.6,78,25.9,no
2026-08-16 20:18:26,rule3-charge,"cloudy, stop raising until clouds clear",0.0,-0.2,-0.2,400.0,400.0,37.6,78,25.9,no
2026-08-16 20:18:36,rule3-charge,"cloudy, stop raising until clouds clear",0.0,-0.2,-0.2,400.0,400.0,37.6,78,25.9,no
2026-08-16 20:18:46,rule3-charge,"cloudy, stop raising until clouds clear",0.0,-0.2,-0.2,400.0,400.0,37.6,78,25.9,no
2026-08-16 20:18:57,rule3-charge,"cloudy, stop raising until clouds clear",0.0,-0.3,-0.2,400.0,400.0,37.6,78,25.9,no
2026-08-16 20:19:07,rule3-charge,"cloudy, stop raising until clouds clear",0.0,-0.2,-0.2,400.0,400.0,37.6,78,25.9,no
2026-08-16 20:19:17,rule3-charge,"cloudy, stop raising until clouds clear",0.0,-0.2,-0.2,400.0,400.0,37.6,78,25.9,no
2026-08-16 20:19:29,rule3-charge,"cloudy, stop raising until clouds clear",0.0,-0.2,-0.2,400.0,400.0,37.6,78,25.9,no
2026-08-16 20:19:39,rule3-charge,"cloudy, stop raising until clouds clear",0.0,-0.3,-0.2,400.0,400.0,37.6,78,25.9,no
2026-08-16 20:19:49,rule3-charge,"cloudy, stop raising until clouds clear",0.0,-0.2,-0.2,400.0,400.0,37.6,78,25.9,no
2026-08-16 20:19:59,rule3-charge,"cloudy, stop raising until clouds clear",0.0,-0.3,-0.2,400.0,400.0,37.6,78,25.9,no
2026-08-16 20:20:09,rule3-charge,"cloudy, stop raising until clouds clear",0.0,-0.2,-0.2,400.0,400.0,37.6,78,25.9,no
2026-08-16 20:20:20,rule3-charge,"cloudy, stop raising until clouds clear",0.0,-0.2,-0.3,400.0,400.0,37.6,78,25.9,no
2026-08-16 20:20:30,rule3-charge,"cloudy, stop raising until clouds clear",0.0,-0.2,-0.2,400.0,400.0,37.6,78,25.9,no
2026-08-16 20:20:40,rule3-charge,"cloudy, stop raising until clouds clear",0.0,-0.2,-0.2,400.0,400.0,37.6,78,25.9,no
2026-08-16 20:20:50,rule3-charge,"cloudy, stop raising until clouds clear",0.0,-0.2,-0.2,400.0,400.0,37.6,78,25.9,no
2026-08-16 20:21:01,rule3-charge,"cloudy, stop raising until clouds clear",0.0,-0.2,-0.2,400.0,400.0,37.6,78,25.9,no
2026-08-16 20:21:11,rule3-charge,"cloudy, stop raising until clouds clear",0.0,-0.2,-0.2,400.0,400.0,37.6,78,25.8,no
2026-08-16 20:21:22,rule3-charge,"cloudy, stop raising until clouds clear",0.0,-0.3,-0.2,400.0,400.0,37.6,78,25.8,no
2026-08-16 20:21:32,rule3-charge,"cloudy, stop raising until clouds clear",0.0,-0.2,-0.2,400.0,400.0,37.6,78,25.8,no
2026-08-16 20:21:42,rule3-charge,"cloudy, stop raising until clouds clear",0.0,-0.2,-0.2,400.0,400.0,37.6,78,25.8,no
2026-08-16 20:21:52,rule3-charge,"cloudy, stop raising until clouds clear",0.0,-0.1,-0.2,400.0,400.0,37.6,78,25.8,no
2026-08-16 20:22:04,rule3-charge,"cloudy, stop raising until clouds clear",0.0,-0.2,-0.2,400.0,400.0,37.6,78,25.8,no
2026-08-16 20:22:14,rule3-charge,"cloudy, stop raising until clouds clear",0.0,-0.2,-0.2,400.0,400.0,37.6,78,25.8,no
2026-08-16 20:22:24,rule3-charge,"cloudy, stop raising until clouds clear",0.0,-0.1,-0.2,400.0,400.0,37.6,78,25.8,no
2026-08-16 20:22:34,rule3-charge,"cloudy, stop raising until clouds clear",0.0,-0.2,-0.2,400.0,400.0,37.6,78,25.8,no
2026-08-16 20:22:44,rule3-charge,"cloudy, stop raising until clouds clear",0.0,-0.2,-0.2,400.0,400.0,37.6,78,25.8,no
2026-08-16 20:22:54,rule3-charge,"cloudy, stop raising until clouds clear",0.0,-0.2,-0.2,400.0,400.0,37.6,78,25.8,no
2026-08-16 20:23:05,rule3-charge,"cloudy, stop raising until clouds clear",0.0,-0.2,-0.2,400.0,400.0,37.6,78,25.8,no
2026-08-16 20:23:15,rule3-charge,"cloudy, stop raising until clouds clear",0.0,-0.2,-0.2,400.0,400.0,37.6,78,25.8,no
2026-08-16 20:23:25,rule3-charge,"cloudy, stop raising until clouds clear",0.0,-0.2,-0.2,400.0,400.0,37.6,78,25.8,no
2026-08-16 20:23:36,rule3-charge,"cloudy, stop raising until clouds clear",0.0,-0.1,-0.2,400.0,400.0,37.6,78,25.8,no
2026-08-16 20:23:46,rule3-charge,"cloudy, stop raising until clouds clear",0.0,-0.2,-0.2,400.0,400.0,37.6,78,25.8,no
2026-08-16 20:23:56,rule3-charge,"cloudy, stop raising until clouds clear",0.0,-0.3,-0.2,400.0,400.0,37.6,78,25.8,no
2026-08-16 20:24:07,rule3-charge,"cloudy, stop raising until clouds clear",0.0,-0.2,-0.2,400.0,400.0,37.6,78,25.8,no
2026-08-16 20:24:17,rule3-charge,"cloudy, stop raising until clouds clear",0.0,-0.2,-0.2,400.0,400.0,37.6,78,25.8,no
2026-08-16 20:24:27,rule3-charge,"cloudy, stop raising until clouds clear",0.0,-0.3,-0.2,400.0,400.0,37.6,78,25.8,no
2026-08-16 20:24:38,rule3-charge,"cloudy, stop raising until clouds clear",0.0,-0.2,-0.2,400.0,400.0,37.5,82,25.8,no
2026-08-16 20:24:53,rule3-charge,"cloudy, stop raising until clouds clear",0.0,-0.2,-0.2,400.0,400.0,37.5,82,25.8,no
2026-08-16 20:25:03,rule3-charge,"cloudy, stop raising until clouds clear",0.0,-0.2,-0.2,400.0,400.0,37.5,82,25.8,no
2026-08-16 20:25:13,rule3-charge,"cloudy, stop raising until clouds clear",0.0,-0.2,-0.2,400.0,400.0,37.5,82,25.8,no
2026-08-16 20:25:23,rule3-charge,"cloudy, stop raising until clouds clear",0.0,-0.2,-0.2,400.0,400.0,37.5,82,25.8,no
2026-08-16 20:25:33,rule3-charge,"cloudy, stop raising until clouds clear",0.0,-0.2,-0.2,400.0,400.0,37.5,82,25.8,no
2026-08-16 20:25:43,rule3-charge,"cloudy, stop raising until clouds clear",0.0,-0.2,-0.2,400.0,400.0,37.5,82,25.8,no
2026-08-16 20:25:53,rule3-charge,"cloudy, stop raising until clouds clear",0.0,-0.2,-0.2,400.0,400.0,37.5,82,25.8,no
2026-08-16 20:26:03,rule3-charge,"cloudy, stop raising until clouds clear",0.0,-0.2,-0.2,400.0,400.0,37.5,82,25.8,no
2026-08-16 20:26:13,rule3-charge,"cloudy, stop raising until clouds clear",0.0,-0.2,-0.2,400.0,400.0,37.5,82,25.8,no
2026-08-16 20:26:23,rule3-charge,"cloudy, stop raising until clouds clear",0.0,-0.1,-0.2,400.0,400.0,37.5,82,25.8,no
2026-08-16 20:26:33,rule3-charge,"cloudy, stop raising until clouds clear",0.0,-0.2,-0.2,400.0,400.0,37.5,82,25.8,no
2026-08-16 20:26:43,rule3-charge,"cloudy, stop raising until clouds clear",0.0,-0.2,-0.2,400.0,400.0,37.5,82,25.8,no
2026-08-16 20:26:53,rule3-charge,"cloudy, stop raising until clouds clear",0.0,-0.2,-0.2,400.0,400.0,37.5,82,25.8,no
2026-08-16 20:27:03,rule3-charge,"cloudy, stop raising until clouds clear",0.0,-0.2,-0.2,400.0,400.0,37.5,82,25.8,no
2026-08-16 20:27:13,rule3-charge,"cloudy, stop raising until clouds clear",0.0,-0.1,-0.2,400.0,400.0,37.5,82,25.8,no
2026-08-16 20:27:23,rule3-charge,"cloudy, stop raising until clouds clear",0.0,-0.2,-0.2,400.0,400.0,37.5,82,25.8,no
2026-08-16 20:27:33,rule3-charge,"cloudy, stop raising until clouds clear",0.0,-0.3,-0.2,400.0,400.0,37.5,82,25.8,no
2026-08-16 20:27:44,rule3-charge,"cloudy, stop raising until clouds clear",0.0,-0.2,-0.2,400.0,400.0,37.5,82,25.8,no
2026-08-16 20:27:54,rule3-charge,"cloudy, stop raising until clouds clear",0.0,-0.2,-0.1,400.0,400.0,37.5,82,25.8,no
2026-08-16 20:28:04,rule3-charge,"cloudy, stop raising until clouds clear",0.0,-0.2,-0.2,400.0,400.0,37.5,82,25.8,no
2026-08-16 20:28:15,rule3-charge,"cloudy, stop raising until clouds clear",0.0,-0.3,-0.2,400.0,400.0,37.5,82,25.8,no
2026-08-16 20:28:25,rule3-charge,"cloudy, stop raising until clouds clear",0.0,-0.2,-0.2,400.0,400.0,37.5,82,25.8,no
2026-08-16 20:28:35,rule3-charge,"cloudy, stop raising until clouds clear",0.0,-0.2,-0.2,400.0,400.0,37.5,82,25.8,no
2026-08-16 20:28:46,rule3-charge,"cloudy, stop raising until clouds clear",0.0,-0.2,-0.2,400.0,400.0,37.5,82,25.8,no
2026-08-16 20:28:56,rule3-charge,"cloudy, stop raising until clouds clear",0.0,-0.2,-0.2,400.0,400.0,37.5,82,25.8,no
2026-08-16 20:29:06,rule3-charge,"cloudy, stop raising until clouds clear",0.0,-0.2,-0.2,400.0,400.0,37.5,82,25.8,no
2026-08-16 20:29:17,rule3-charge,"cloudy, stop raising until clouds clear",0.0,-0.2,-0.2,400.0,400.0,37.5,82,25.8,no
2026-08-16 20:29:27,rule3-charge,"cloudy, stop raising until clouds clear",0.0,-0.2,-0.2,400.0,400.0,37.5,82,25.8,no
2026-08-16 20:29:37,rule3-charge,"cloudy, stop raising until clouds clear",0.0,-0.3,-0.2,400.0,400.0,37.5,82,25.8,no
2026-08-16 20:29:48,rule3-charge,"cloudy, stop raising until clouds clear",0.0,-0.2,-0.2,400.0,400.0,37.5,82,25.8,no
2026-08-16 20:29:58,rule3-charge,"cloudy, stop raising until clouds clear",0.0,-0.3,-0.2,400.0,400.0,37.5,82,25.8,no
2026-08-16 20:30:08,rule3-charge,"cloudy, stop raising until clouds clear",0.0,-0.2,-0.2,400.0,400.0,37.5,82,25.8,no
2026-08-16 20:30:19,rule3-charge,"charging until 95%, waiting for ESS data",0.0,-0.2,,400.0,400.0,37.5,82,25.8,no
2026-08-16 20:30:29,rule3-charge,"charging until 95%, waiting for ESS data",0.0,-0.2,,400.0,400.0,37.5,82,25.8,no
2026-08-16 20:30:39,rule3-charge,"cloudy, stop raising until clouds clear",0.0,-0.2,-0.2,400.0,400.0,37.5,82,25.8,no
2026-08-16 20:30:50,rule3-charge,"cloudy, stop raising until clouds clear",0.0,-0.2,-0.2,400.0,400.0,37.5,82,25.8,no
2026-08-16 20:31:00,rule3-charge,"cloudy, stop raising until clouds clear",0.0,-0.2,-0.2,400.0,400.0,37.5,82,25.8,no
2026-08-16 20:31:10,rule3-charge,"cloudy, stop raising until clouds clear",0.0,-0.2,-0.2,400.0,400.0,37.5,82,25.8,no
2026-08-16 20:31:21,rule3-charge,"cloudy, stop raising until clouds clear",0.0,-0.2,-0.1,400.0,400.0,37.5,82,25.8,no
2026-08-16 20:31:31,rule3-charge,"cloudy, stop raising until clouds clear",0.0,-0.2,-0.2,400.0,400.0,37.5,82,25.8,no
2026-08-16 20:31:41,rule3-charge,"cloudy, stop raising until clouds clear",0.0,-0.2,-0.2,400.0,400.0,37.5,82,25.8,no
2026-08-16 20:31:52,rule3-charge,"cloudy, stop raising until clouds clear",0.0,-0.1,-0.3,400.0,400.0,37.5,82,25.8,no
2026-08-16 20:32:02,rule3-charge,"cloudy, stop raising until clouds clear",0.0,-0.2,-0.2,400.0,400.0,37.5,82,25.8,no
2026-08-16 20:32:12,rule3-charge,"cloudy, stop raising until clouds clear",0.0,-0.2,-0.2,400.0,400.0,37.5,82,25.8,no
2026-08-16 20:32:23,rule3-charge,"cloudy, stop raising until clouds clear",0.0,-0.1,-0.2,400.0,400.0,37.5,82,25.8,no
2026-08-16 20:32:33,rule3-charge,"cloudy, stop raising until clouds clear",0.0,-0.2,-0.2,400.0,400.0,37.5,82,25.8,no
2026-08-16 20:32:43,rule3-charge,"cloudy, stop raising until clouds clear",0.0,-0.2,-0.2,400.0,400.0,37.5,82,25.8,no
2026-08-16 20:32:54,rule3-charge,"cloudy, stop raising until clouds clear",0.0,-0.2,-0.2,400.0,400.0,37.5,82,25.8,no
2026-08-16 20:33:04,rule3-charge,"cloudy, stop raising until clouds clear",0.0,-0.2,-0.2,400.0,400.0,37.5,82,25.8,no
2026-08-16 20:33:14,rule3-charge,"cloudy, stop raising until clouds clear",0.0,-0.2,-0.2,400.0,400.0,37.5,82,25.8,no
2026-08-16 20:33:25,rule3-charge,"cloudy, stop raising until clouds clear",0.0,-0.2,-0.2,400.0,400.0,37.5,82,25.8,no
2026-08-16 20:33:35,rule3-charge,"cloudy, stop raising until clouds clear",0.0,-0.1,-0.2,400.0,400.0,37.5,82,25.8,no
2026-08-16 20:33:45,rule3-charge,"cloudy, stop raising until clouds clear",0.0,-0.2,-0.2,400.0,400.0,37.5,82,25.8,no
2026-08-16 20:33:56,rule3-charge,"cloudy, stop raising until clouds clear",0.0,-0.1,-0.2,400.0,400.0,37.5,82,25.8,no
2026-08-16 20:34:06,rule3-charge,"cloudy, stop raising until clouds clear",0.0,-0.2,-0.2,400.0,400.0,37.5,82,25.8,no
2026-08-16 20:34:16,rule3-charge,"cloudy, stop raising until clouds clear",0.0,-0.1,-0.2,400.0,400.0,37.5,82,25.8,no
2026-08-16 20:34:27,rule3-charge,"cloudy, stop raising until clouds clear",0.0,-0.2,-0.2,400.0,400.0,37.5,82,25.8,no
2026-08-16 20:34:37,rule3-charge,"cloudy, stop raising until clouds clear",0.0,-0.1,-0.2,400.0,400.0,37.5,82,25.8,no
2026-08-16 20:34:47,rule3-charge,"cloudy, stop raising until clouds clear",0.0,-0.2,-0.2,400.0,400.0,37.3,88,25.8,no
2026-08-16 20:34:58,rule3-charge,"cloudy, stop raising until clouds clear",0.0,-0.3,-0.2,400.0,400.0,37.3,88,25.8,no
2026-08-16 20:35:08,rule3-charge,"cloudy, stop raising until clouds clear",0.0,-0.2,-0.2,400.0,400.0,37.3,88,25.8,no
2026-08-16 20:35:19,rule3-charge,"cloudy, stop raising until clouds clear",0.0,-0.2,-0.2,400.0,400.0,37.3,88,25.8,no
2026-08-16 20:35:29,rule3-charge,"cloudy, stop raising until clouds clear",0.0,-0.2,-0.1,400.0,400.0,37.3,88,25.8,no
2026-08-16 20:35:39,rule3-charge,"cloudy, stop raising until clouds clear",0.0,-0.2,-0.2,400.0,400.0,37.3,88,25.8,no
2026-08-16 20:35:49,rule3-charge,"cloudy, stop raising until clouds clear",0.0,-0.2,-0.2,400.0,400.0,37.3,88,25.8,no
2026-08-16 20:36:00,rule3-charge,"cloudy, stop raising until clouds clear",0.0,-0.2,-0.2,400.0,400.0,37.3,88,25.8,no
2026-08-16 20:36:10,rule3-charge,"cloudy, stop raising until clouds clear",0.0,-0.2,-0.2,400.0,400.0,37.3,88,25.8,no
2026-08-16 20:36:20,rule3-charge,"cloudy, stop raising until clouds clear",0.0,-0.2,-0.2,400.0,400.0,37.3,88,25.8,no
2026-08-16 20:36:30,rule3-charge,"cloudy, stop raising until clouds clear",0.0,-0.2,-0.2,400.0,400.0,37.3,88,25.8,no
2026-08-16 20:36:40,rule3-charge,"cloudy, stop raising until clouds clear",0.0,-0.2,-0.1,400.0,400.0,37.3,88,25.8,no
2026-08-16 20:36:51,rule3-charge,"cloudy, stop raising until clouds clear",0.0,-0.2,-0.1,400.0,400.0,37.3,88,25.8,no
2026-08-16 20:37:01,rule3-charge,"cloudy, stop raising until clouds clear",0.0,-0.2,-0.2,400.0,400.0,37.3,88,25.8,no
2026-08-16 20:37:11,rule3-charge,"cloudy, stop raising until clouds clear",0.0,-0.2,-0.2,400.0,400.0,37.3,88,25.8,no
2026-08-16 20:37:21,rule3-charge,"cloudy, stop raising until clouds clear",0.0,-0.2,-0.2,400.0,400.0,37.3,88,25.8,no
2026-08-16 20:37:32,rule3-charge,"cloudy, stop raising until clouds clear",0.0,-0.2,-0.2,400.0,400.0,37.3,88,25.8,no
2026-08-16 20:37:42,rule3-charge,"cloudy, stop raising until clouds clear",0.0,-0.2,-0.2,400.0,400.0,37.3,88,25.8,no
2026-08-16 20:37:52,rule3-charge,"cloudy, stop raising until clouds clear",0.0,-0.2,-0.2,400.0,400.0,37.3,88,25.8,no
2026-08-16 20:38:03,rule3-charge,"cloudy, stop raising until clouds clear",0.0,-0.2,-0.2,400.0,400.0,37.3,88,25.8,no
2026-08-16 20:38:14,rule3-charge,"cloudy, stop raising until clouds clear",0.0,-0.2,-0.2,400.0,400.0,37.3,88,25.8,no
2026-08-16 20:38:24,rule3-charge,"cloudy, stop raising until clouds clear",0.0,-0.2,-0.2,400.0,400.0,37.3,88,25.8,no
2026-08-16 20:38:34,rule3-charge,"cloudy, stop raising until clouds clear",0.0,-0.1,-0.2,400.0,400.0,37.3,88,25.8,no
2026-08-16 20:38:45,rule3-charge,"cloudy, stop raising until clouds clear",0.0,-0.1,-0.2,400.0,400.0,37.3,88,25.8,no
2026-08-16 20:38:55,rule3-charge,"cloudy, stop raising until clouds clear",0.0,-0.2,-0.2,400.0,400.0,37.3,88,25.8,no
2026-08-16 20:39:05,rule3-charge,"cloudy, stop raising until clouds clear",0.0,-0.2,-0.2,400.0,400.0,37.3,88,25.8,no
2026-08-16 20:39:15,rule3-charge,"cloudy, stop raising until clouds clear",0.0,-0.2,-0.2,400.0,400.0,37.3,88,25.8,no
2026-08-16 20:39:25,rule3-charge,"cloudy, stop raising until clouds clear",0.0,-0.2,-0.2,400.0,400.0,37.3,88,25.8,no
2026-08-16 20:39:37,rule3-charge,"cloudy, stop raising until clouds clear",0.0,-0.2,-0.2,400.0,400.0,37.3,88,25.8,no
2026-08-16 20:39:47,rule3-charge,"cloudy, stop raising until clouds clear",0.0,-0.2,-0.2,400.0,400.0,37.3,88,25.8,no
2026-08-16 20:39:57,rule3-charge,"cloudy, stop raising until clouds clear",0.0,-0.2,-0.2,400.0,400.0,37.3,88,25.8,no
2026-08-16 20:40:08,rule3-charge,"cloudy, stop raising until clouds clear",0.0,-0.2,-0.2,400.0,400.0,37.3,88,25.8,no
2026-08-16 20:40:18,rule3-charge,"cloudy, stop raising until clouds clear",0.0,-0.1,-0.2,400.0,400.0,37.3,88,25.8,no
2026-08-16 20:40:28,rule3-charge,"cloudy, stop raising until clouds clear",0.0,-0.2,-0.2,400.0,400.0,37.3,88,25.8,no
2026-08-16 20:40:38,rule3-charge,"cloudy, stop raising until clouds clear",0.0,-0.2,-0.2,400.0,400.0,37.3,88,25.8,no
2026-08-16 20:40:48,rule3-charge,"cloudy, stop raising until clouds clear",0.0,-0.2,-0.1,400.0,400.0,37.3,88,25.8,no
2026-08-16 20:40:58,rule3-charge,"cloudy, stop raising until clouds clear",0.0,-0.2,-0.2,400.0,400.0,37.3,88,25.8,no
2026-08-16 20:41:09,rule3-charge,"cloudy, stop raising until clouds clear",0.0,-0.2,-0.2,400.0,400.0,37.3,88,25.8,no
2026-08-16 20:41:19,rule3-charge,"cloudy, stop raising until clouds clear",0.0,-0.2,-0.2,400.0,400.0,37.3,88,25.8,no
2026-08-16 20:41:29,rule3-charge,"cloudy, stop raising until clouds clear",0.0,-0.2,-0.2,400.0,400.0,37.3,88,25.8,no
2026-08-16 20:41:40,rule3-charge,"cloudy, stop raising until clouds clear",0.0,-0.2,-0.2,400.0,400.0,37.3,88,25.8,no
2026-08-16 20:41:50,rule3-charge,"cloudy, stop raising until clouds clear",0.0,-0.2,-0.2,400.0,400.0,37.3,88,25.8,no
2026-08-16 20:42:00,rule3-charge,"cloudy, stop raising until clouds clear",0.0,-0.2,-0.2,400.0,400.0,37.3,88,25.8,no
2026-08-16 20:42:11,rule3-charge,"cloudy, stop raising until clouds clear",0.0,-0.2,-0.2,400.0,400.0,37.3,88,25.8,no
2026-08-16 20:42:21,rule3-charge,"cloudy, stop raising until clouds clear",0.0,-0.2,-0.2,400.0,400.0,37.3,88,25.8,no
2026-08-16 20:42:31,rule3-charge,"cloudy, stop raising until clouds clear",0.0,-0.2,-0.2,400.0,400.0,37.3,88,25.8,no
2026-08-16 20:42:42,rule3-charge,"cloudy, stop raising until clouds clear",0.0,-0.2,-0.2,400.0,400.0,37.3,88,25.7,no
2026-08-16 20:42:52,rule3-charge,"cloudy, stop raising until clouds clear",0.0,-0.2,-0.2,400.0,400.0,37.3,88,25.7,no
2026-08-16 20:43:02,rule3-charge,"cloudy, stop raising until clouds clear",0.0,-0.2,-0.2,400.0,400.0,37.3,88,25.7,no
2026-08-16 20:43:13,rule3-charge,"cloudy, stop raising until clouds clear",0.0,-0.1,-0.2,400.0,400.0,37.3,88,25.7,no
2026-08-16 20:43:23,rule3-charge,"charging until 95%, waiting for ESS data",0.0,-0.2,,400.0,400.0,37.3,88,25.7,no
2026-08-16 20:43:33,rule3-charge,"charging until 95%, waiting for ESS data",0.0,-0.2,,400.0,400.0,37.3,88,25.7,no
2026-08-16 20:43:44,rule3-charge,"cloudy, stop raising until clouds clear",0.0,-0.2,-0.2,400.0,400.0,37.3,88,25.7,no
2026-08-16 20:43:54,rule3-charge,"cloudy, stop raising until clouds clear",0.0,-0.1,-0.1,400.0,400.0,37.3,88,25.7,no
2026-08-16 20:44:04,rule3-charge,"cloudy, stop raising until clouds clear",0.0,-0.2,-0.2,400.0,400.0,37.3,88,25.7,no
2026-08-16 20:44:15,rule3-charge,"cloudy, stop raising until clouds clear",0.0,-0.2,-0.2,400.0,400.0,37.3,88,25.7,no
2026-08-16 20:44:25,rule3-charge,"cloudy, stop raising until clouds clear",0.0,-0.2,-0.2,400.0,400.0,37.3,88,25.7,no
2026-08-16 20:44:35,rule3-charge,"cloudy, stop raising until clouds clear",0.0,-0.2,-0.2,400.0,400.0,37.3,88,25.7,no
2026-08-16 20:44:46,rule3-charge,"cloudy, stop raising until clouds clear",0.0,-0.2,-0.2,400.0,400.0,37.3,88,25.7,no
2026-08-16 20:44:56,rule3-charge,"cloudy, stop raising until clouds clear",0.0,-0.2,-0.2,400.0,400.0,37.2,95,25.7,no
2026-08-16 20:45:19,rule3-charge,"cloudy, stop raising until clouds clear",0.0,-0.2,-0.2,400.0,400.0,37.2,95,25.7,no
2026-08-16 20:45:29,rule3-charge,"cloudy, stop raising until clouds clear",0.0,-0.1,-0.2,400.0,400.0,37.2,95,25.7,no
2026-08-16 20:45:39,rule3-charge,"cloudy, stop raising until clouds clear",0.0,-0.2,-0.2,400.0,400.0,37.2,95,25.7,no
2026-08-16 20:45:49,rule3-charge,"cloudy, stop raising until clouds clear",0.0,-0.2,-0.2,400.0,400.0,37.2,95,25.7,no
2026-08-16 20:45:59,rule3-charge,"cloudy, stop raising until clouds clear",0.0,-0.2,-0.2,400.0,400.0,37.2,95,25.7,no
2026-08-16 20:46:09,rule3-charge,"cloudy, stop raising until clouds clear",0.0,-0.2,-0.2,400.0,400.0,37.2,95,25.7,no
2026-08-16 20:46:19,rule3-charge,"cloudy, stop raising until clouds clear",0.0,-0.2,-0.2,400.0,400.0,37.2,95,25.7,no
2026-08-16 20:46:29,rule3-charge,"cloudy, stop raising until clouds clear",0.0,-0.2,-0.2,400.0,400.0,37.2,95,25.7,no
2026-08-16 20:46:39,rule3-charge,"cloudy, stop raising until clouds clear",0.0,-0.2,-0.2,400.0,400.0,37.2,95,25.7,no
2026-08-16 20:46:50,rule3-charge,"cloudy, stop raising until clouds clear",0.0,-0.2,-0.2,400.0,400.0,37.2,95,25.7,no
2026-08-16 20:47:00,rule3-charge,"cloudy, stop raising until clouds clear",0.0,-0.2,-0.2,400.0,400.0,37.2,95,25.7,no
2026-08-16 20:47:10,rule3-charge,"cloudy, stop raising until clouds clear",0.0,-0.2,-0.2,400.0,400.0,37.2,95,25.7,no
2026-08-16 20:47:21,rule3-charge,"cloudy, stop raising until clouds clear",0.0,-0.2,-0.2,400.0,400.0,37.2,95,25.7,no
2026-08-16 20:47:31,rule3-charge,"cloudy, stop raising until clouds clear",0.0,-0.1,-0.2,400.0,400.0,37.2,95,25.7,no
2026-08-16 20:47:41,rule3-charge,"cloudy, stop raising until clouds clear",0.0,-0.2,-0.2,400.0,400.0,37.2,95,25.7,no
2026-08-16 20:47:52,rule3-charge,"cloudy, stop raising until clouds clear",0.0,-0.2,-0.2,400.0,400.0,37.2,95,25.7,no
2026-08-16 20:48:02,rule3-charge,"cloudy, stop raising until clouds clear",0.0,-0.2,-0.2,400.0,400.0,37.2,95,25.7,no
2026-08-16 20:48:12,rule3-charge,"cloudy, stop raising until clouds clear",0.0,-0.2,-0.2,400.0,400.0,37.2,95,25.7,no
2026-08-16 20:48:23,rule3-charge,"cloudy, stop raising until clouds clear",0.0,-0.2,-0.2,400.0,400.0,37.2,95,25.7,no
2026-08-16 20:48:33,rule3-charge,"cloudy, stop raising until clouds clear",0.0,-0.2,-0.2,400.0,400.0,37.2,95,25.7,no
2026-08-16 20:48:43,rule3-charge,"cloudy, stop raising until clouds clear",0.0,-0.2,-0.2,400.0,400.0,37.2,95,25.7,no
2026-08-16 20:48:54,rule3-charge,"cloudy, stop raising until clouds clear",0.0,-0.2,-0.2,400.0,400.0,37.2,95,25.7,no
2026-08-16 20:49:04,rule3-charge,"cloudy, stop raising until clouds clear",0.0,-0.1,-0.2,400.0,400.0,37.2,95,25.7,no
2026-08-16 20:49:14,rule3-charge,"cloudy, stop raising until clouds clear",0.0,-0.2,-0.2,400.0,400.0,37.2,95,25.7,no
2026-08-16 20:49:25,rule3-charge,"cloudy, stop raising until clouds clear",0.0,-0.2,-0.2,400.0,400.0,37.2,95,25.7,no
2026-08-16 20:49:35,rule3-charge,"cloudy, stop raising until clouds clear",0.0,-0.2,-0.1,400.0,400.0,37.2,95,25.7,no
2026-08-16 20:49:45,rule3-charge,"cloudy, stop raising until clouds clear",0.0,-0.2,-0.2,400.0,400.0,37.2,95,25.7,no
2026-08-16 20:49:56,rule3-charge,"cloudy, stop raising until clouds clear",0.0,-0.2,-0.2,400.0,400.0,37.2,95,25.7,no
2026-08-16 20:50:06,rule3-charge,"cloudy, stop raising until clouds clear",0.0,-0.1,-0.2,400.0,400.0,37.2,95,25.7,no
2026-08-16 20:50:16,rule3-charge,"cloudy, stop raising until clouds clear",0.0,-0.1,-0.2,400.0,400.0,37.2,95,25.7,no
2026-08-16 20:50:27,rule3-charge,"cloudy, stop raising until clouds clear",0.0,-0.2,-0.2,400.0,400.0,37.2,95,25.7,no
2026-08-16 20:50:37,rule3-charge,"cloudy, stop raising until clouds clear",0.0,-0.1,-0.2,400.0,400.0,37.2,95,25.7,no
2026-08-16 20:50:47,rule3-charge,"cloudy, stop raising until clouds clear",0.0,-0.2,-0.2,400.0,400.0,37.2,95,25.7,no
2026-08-16 20:50:58,rule3-charge,"cloudy, stop raising until clouds clear",0.0,-0.2,-0.2,400.0,400.0,37.2,95,25.7,no
2026-08-16 20:51:08,rule3-charge,"cloudy, stop raising until clouds clear",0.0,-0.2,-0.2,400.0,400.0,37.2,95,25.7,no
2026-08-16 20:51:18,rule3-charge,"cloudy, stop raising until clouds clear",0.0,-0.2,-0.2,400.0,400.0,37.2,95,25.7,no
2026-08-16 20:51:29,rule3-charge,"cloudy, stop raising until clouds clear",0.0,-0.1,-0.2,400.0,400.0,37.2,95,25.7,no
2026-08-16 20:51:39,rule3-charge,"cloudy, stop raising until clouds clear",0.0,-0.2,-0.2,400.0,400.0,37.2,95,25.7,no
2026-08-16 20:51:49,rule3-charge,"cloudy, stop raising until clouds clear",0.0,-0.2,-0.2,400.0,400.0,37.2,95,25.7,no
2026-08-16 20:52:00,rule3-charge,"cloudy, stop raising until clouds clear",0.0,-0.2,-0.2,400.0,400.0,37.2,95,25.7,no
2026-08-16 20:52:10,rule3-charge,"cloudy, stop raising until clouds clear",0.0,-0.2,-0.2,400.0,400.0,37.2,95,25.7,no
2026-08-16 20:52:20,rule3-charge,"cloudy, stop raising until clouds clear",0.0,-0.1,-0.2,400.0,400.0,37.2,95,25.7,no
2026-08-16 20:52:31,rule3-charge,"cloudy, stop raising until clouds clear",0.0,-0.2,-0.2,400.0,400.0,37.2,95,25.7,no
2026-08-16 20:52:41,rule3-charge,"cloudy, stop raising until clouds clear",0.0,-0.2,-0.2,400.0,400.0,37.2,95,25.7,no
2026-08-16 20:52:51,rule3-charge,"cloudy, stop raising until clouds clear",0.0,-0.2,-0.2,400.0,400.0,37.2,95,25.7,no
2026-08-16 20:53:02,rule3-charge,"cloudy, stop raising until clouds clear",0.0,-0.2,-0.2,400.0,400.0,37.2,95,25.7,no
2026-08-16 20:53:12,rule3-charge,"cloudy, stop raising until clouds clear",0.0,-0.1,-0.2,400.0,400.0,37.2,95,25.7,no
2026-08-16 20:53:22,rule3-charge,"cloudy, stop raising until clouds clear",0.0,-0.2,-0.2,400.0,400.0,37.2,95,25.7,no
2026-08-16 20:53:33,rule3-charge,"cloudy, stop raising until clouds clear",0.0,-0.2,-0.2,400.0,400.0,37.2,95,25.7,no
2026-08-16 20:53:43,rule3-charge,"cloudy, stop raising until clouds clear",0.0,-0.2,-0.2,400.0,400.0,37.2,95,25.7,no
2026-08-16 20:53:53,rule3-charge,"cloudy, stop raising until clouds clear",0.0,-0.2,-0.2,400.0,400.0,37.2,95,25.7,no
2026-08-16 20:54:04,rule3-charge,"cloudy, stop raising until clouds clear",0.0,-0.2,-0.2,400.0,400.0,37.2,95,25.7,no
2026-08-16 20:54:14,rule3-charge,"cloudy, stop raising until clouds clear",0.0,-0.2,-0.2,400.0,400.0,37.2,95,25.7,no
2026-08-16 20:54:24,rule3-charge,"cloudy, stop raising until clouds clear",0.0,-0.1,-0.2,400.0,400.0,37.2,95,25.7,no
2026-08-16 20:54:35,rule3-charge,"cloudy, stop raising until clouds clear",0.0,-0.1,-0.2,400.0,400.0,37.2,95,25.7,no
2026-08-16 20:54:45,rule3-charge,"cloudy, stop raising until clouds clear",0.0,-0.2,-0.2,400.0,400.0,37.2,95,25.7,no
2026-08-16 20:54:55,rule3-charge,"cloudy, stop raising until clouds clear",0.0,-0.2,-0.2,400.0,400.0,37.2,95,25.7,no
2026-08-16 20:55:06,rule3-charge,"cloudy, stop raising until clouds clear",0.0,-0.2,-0.2,400.0,400.0,,95,25.7,no
2026-08-16 20:55:40,rule3-charge,"cloudy, stop raising until clouds clear",0.0,-0.2,-0.2,400.0,400.0,37.2,95,25.7,no
2026-08-16 20:55:50,rule3-charge,"cloudy, stop raising until clouds clear",0.0,-0.2,-0.2,400.0,400.0,37.2,95,25.7,no
2026-08-16 20:56:00,rule3-charge,"cloudy, stop raising until clouds clear",0.0,-0.2,-0.2,400.0,400.0,37.2,95,25.7,no
2026-08-16 20:56:10,rule3-charge,"cloudy, stop raising until clouds clear",0.0,-0.2,-0.2,400.0,400.0,37.2,95,25.7,no
2026-08-16 20:56:20,rule3-charge,"cloudy, stop raising until clouds clear",0.0,-0.2,-0.2,400.0,400.0,37.2,95,25.7,no
2026-08-16 20:56:30,rule3-charge,"charging until 95%, waiting for ESS data",0.0,-0.2,,400.0,400.0,37.2,95,25.7,no
2026-08-16 20:56:40,rule3-charge,"cloudy, stop raising until clouds clear",0.0,-0.2,-0.2,400.0,400.0,37.2,95,25.7,no
2026-08-16 20:56:50,rule3-charge,"cloudy, stop raising until clouds clear",0.0,-0.1,-0.2,400.0,400.0,37.2,95,25.7,no
2026-08-16 20:57:00,rule3-charge,"cloudy, stop raising until clouds clear",0.0,-0.2,-0.2,400.0,400.0,37.2,95,25.7,no
2026-08-16 20:57:10,rule3-charge,"cloudy, stop raising until clouds clear",0.0,-0.2,-0.2,400.0,400.0,37.2,95,25.7,no
2026-08-16 20:57:20,rule3-charge,"cloudy, stop raising until clouds clear",0.0,-0.2,-0.2,400.0,400.0,37.2,95,25.7,no
2026-08-16 20:57:30,rule3-charge,"cloudy, stop raising until clouds clear",0.0,-0.2,-0.2,400.0,400.0,37.2,95,25.7,no
2026-08-16 20:57:41,rule3-charge,"cloudy, stop raising until clouds clear",0.0,-0.2,-0.2,400.0,400.0,37.2,95,25.7,no
2026-08-16 20:57:51,rule3-charge,"cloudy, stop raising until clouds clear",0.0,-0.2,-0.2,400.0,400.0,37.2,95,25.7,no
2026-08-16 20:58:01,rule3-charge,"cloudy, stop raising until clouds clear",0.0,-0.2,-0.2,400.0,400.0,37.2,95,25.7,no
2026-08-16 20:58:12,rule3-charge,"cloudy, stop raising until clouds clear",0.0,-0.2,-0.2,400.0,400.0,37.2,95,25.7,no
2026-08-16 20:58:22,rule3-charge,"cloudy, stop raising until clouds clear",0.0,-0.2,-0.2,400.0,400.0,37.2,95,25.7,no
2026-08-16 20:58:32,rule3-charge,"cloudy, stop raising until clouds clear",0.0,-0.2,-0.2,400.0,400.0,37.2,95,25.7,no
2026-08-16 20:58:43,rule3-charge,"cloudy, stop raising until clouds clear",0.0,-0.2,-0.2,400.0,400.0,37.2,95,25.7,no
2026-08-16 20:58:53,rule3-charge,"cloudy, stop raising until clouds clear",0.0,-0.2,-0.2,400.0,400.0,37.2,95,25.7,no
2026-08-16 20:59:03,rule3-charge,"cloudy, stop raising until clouds clear",0.0,-0.2,-0.2,400.0,400.0,37.2,95,25.7,no
2026-08-16 20:59:14,rule3-charge,"cloudy, stop raising until clouds clear",0.0,-0.2,-0.2,400.0,400.0,37.2,95,25.7,no
2026-08-16 20:59:24,rule3-charge,"cloudy, stop raising until clouds clear",0.0,-0.2,-0.2,400.0,400.0,37.2,95,25.7,no
2026-08-16 20:59:34,rule3-charge,"cloudy, stop raising until clouds clear",0.0,-0.2,-0.2,400.0,400.0,37.2,95,25.7,no
2026-08-16 20:59:45,rule3-charge,"cloudy, stop raising until clouds clear",0.0,-0.2,-0.2,400.0,400.0,37.2,95,25.7,no
2026-08-16 20:59:55,rule3-charge,"cloudy, stop raising until clouds clear",0.0,-0.2,-0.2,400.0,400.0,37.2,95,25.7,no
2026-08-16 21:00:05,rule3-charge,"cloudy, stop raising until clouds clear",0.0,-0.2,-0.2,400.0,400.0,37.2,95,25.7,no
2026-08-16 21:00:16,rule3-charge,"cloudy, stop raising until clouds clear",0.0,-0.2,-0.2,400.0,400.0,37.2,95,25.7,no
2026-08-16 21:00:26,rule3-charge,"cloudy, stop raising until clouds clear",0.0,-0.2,-0.2,400.0,400.0,37.2,95,25.7,no
2026-08-16 21:00:36,rule3-charge,"cloudy, stop raising until clouds clear",0.0,-0.1,-0.2,400.0,400.0,37.2,95,25.7,no
2026-08-16 21:00:47,rule3-charge,"cloudy, stop raising until clouds clear",0.0,-0.2,-0.2,400.0,400.0,37.2,95,25.7,no
2026-08-16 21:00:57,rule3-charge,"cloudy, stop raising until clouds clear",0.0,-0.2,-0.2,400.0,400.0,37.2,95,25.7,no
2026-08-16 21:01:07,rule3-charge,"cloudy, stop raising until clouds clear",0.0,-0.2,-0.2,400.0,400.0,37.2,95,25.7,no
2026-08-16 21:01:18,rule3-charge,"cloudy, stop raising until clouds clear",0.0,-0.2,-0.2,400.0,400.0,37.2,95,25.7,no
2026-08-16 21:01:28,rule3-charge,"cloudy, stop raising until clouds clear",0.0,-0.2,-0.2,400.0,400.0,37.2,95,25.7,no
2026-08-16 21:01:38,rule3-charge,"cloudy, stop raising until clouds clear",0.0,-0.2,-0.2,400.0,400.0,37.2,95,25.7,no
2026-08-16 21:01:49,rule3-charge,"cloudy, stop raising until clouds clear",0.0,-0.2,-0.2,400.0,400.0,37.2,95,25.7,no
2026-08-16 21:01:59,rule3-charge,"cloudy, stop raising until clouds clear",0.0,-0.2,-0.2,400.0,400.0,37.2,95,25.7,no
2026-08-16 21:02:09,rule3-charge,"cloudy, stop raising until clouds clear",0.0,-0.2,-0.2,400.0,400.0,37.2,95,25.7,no
2026-08-16 21:02:19,rule3-charge,"cloudy, stop raising until clouds clear",0.0,-0.2,-0.2,400.0,400.0,37.2,95,25.7,no
2026-08-16 21:02:29,rule3-charge,"cloudy, stop raising until clouds clear",0.0,-0.2,-0.2,400.0,400.0,37.2,95,25.7,no
2026-08-16 21:02:39,rule3-charge,"cloudy, stop raising until clouds clear",0.0,-0.2,-0.2,400.0,400.0,37.2,95,25.7,no
2026-08-16 21:02:50,rule3-charge,"cloudy, stop raising until clouds clear",0.0,-0.2,-0.2,400.0,400.0,37.2,95,25.7,no
2026-08-16 21:03:00,rule3-charge,"cloudy, stop raising until clouds clear",0.0,-0.1,-0.2,400.0,400.0,37.2,95,25.7,no
2026-08-16 21:03:10,rule3-charge,"cloudy, stop raising until clouds clear",0.0,-0.2,-0.2,400.0,400.0,37.2,95,25.7,no
2026-08-16 21:03:21,rule3-charge,"cloudy, stop raising until clouds clear",0.0,-0.2,-0.2,400.0,400.0,37.2,95,25.7,no
2026-08-16 21:03:31,rule3-charge,"cloudy, stop raising until clouds clear",0.0,-0.2,-0.2,400.0,400.0,37.2,95,25.7,no
2026-08-16 21:03:41,rule3-charge,"cloudy, stop raising until clouds clear",0.0,-0.2,-0.2,400.0,400.0,37.2,95,25.7,no
2026-08-16 21:03:52,rule3-charge,"cloudy, stop raising until clouds clear",0.0,-0.2,-0.2,400.0,400.0,37.2,95,25.7,no
2026-08-16 21:04:02,rule3-charge,"cloudy, stop raising until clouds clear",0.0,-0.2,-0.2,400.0,400.0,37.2,95,25.7,no
2026-08-16 21:04:12,rule3-charge,"cloudy, stop raising until clouds clear",0.0,-0.2,-0.2,400.0,400.0,37.2,95,25.7,no
2026-08-16 21:04:23,rule3-charge,"cloudy, stop raising until clouds clear",0.0,-0.2,-0.2,400.0,400.0,37.2,95,25.7,no
2026-08-16 21:04:33,rule3-charge,"cloudy, stop raising until clouds clear",0.0,-0.1,-0.2,400.0,400.0,37.2,95,25.7,no
2026-08-16 21:04:43,rule3-charge,"cloudy, stop raising until clouds clear",0.0,-0.2,-0.2,400.0,400.0,37.2,95,25.7,no
2026-08-16 21:04:54,rule3-charge,"cloudy, stop raising until clouds clear",0.0,-0.2,-0.2,400.0,400.0,37.2,95,25.7,no
2026-08-16 21:05:04,rule3-charge,"cloudy, stop raising until clouds clear",0.0,-0.2,-0.2,400.0,400.0,37.2,95,25.7,no
2026-08-16 21:05:14,rule3-charge,"cloudy, stop raising until clouds clear",0.0,-0.2,-0.2,400.0,400.0,37.2,95,25.7,no
2026-08-16 21:05:24,rule3-charge,"cloudy, stop raising until clouds clear",0.0,-0.2,-0.2,400.0,400.0,37.2,95,25.7,no
2026-08-16 21:05:34,rule3-charge,"cloudy, stop raising until clouds clear",0.0,-0.2,-0.2,400.0,400.0,37.0,100,25.6,no
2026-08-16 21:05:58,rule3-charge,"cloudy, stop raising until clouds clear",0.0,-0.2,-0.2,400.0,400.0,37.0,100,25.6,no
2026-08-16 21:06:08,rule3-charge,"cloudy, stop raising until clouds clear",0.0,-0.2,-0.2,400.0,400.0,37.0,100,25.6,no
2026-08-16 21:06:18,rule3-charge,"cloudy, stop raising until clouds clear",0.0,-0.2,-0.2,400.0,400.0,37.0,100,25.6,no
2026-08-16 21:06:28,rule3-charge,"cloudy, stop raising until clouds clear",0.0,-0.2,-0.2,400.0,400.0,37.0,100,25.6,no
2026-08-16 21:06:38,rule3-charge,"cloudy, stop raising until clouds clear",0.0,-0.2,-0.2,400.0,400.0,37.0,100,25.6,no
2026-08-16 21:06:48,rule3-charge,"cloudy, stop raising until clouds clear",0.0,-0.2,-0.2,400.0,400.0,37.0,100,25.6,no
2026-08-16 21:06:59,rule3-charge,"cloudy, stop raising until clouds clear",0.0,-0.2,-0.2,400.0,400.0,37.0,100,25.6,no
2026-08-16 21:07:09,rule3-charge,"cloudy, stop raising until clouds clear",0.0,-0.2,-0.2,400.0,400.0,37.0,100,25.6,no
2026-08-16 21:07:19,rule3-charge,"cloudy, stop raising until clouds clear",0.0,-0.2,-0.2,400.0,400.0,37.0,100,25.6,no
2026-08-16 21:07:30,rule3-charge,"cloudy, stop raising until clouds clear",0.0,-0.2,-0.2,400.0,400.0,37.0,100,25.6,no
2026-08-16 21:07:40,rule3-charge,"cloudy, stop raising until clouds clear",0.0,-0.2,-0.2,400.0,400.0,37.0,100,25.6,no
2026-08-16 21:07:50,rule3-charge,"cloudy, stop raising until clouds clear",0.0,-0.2,-0.2,400.0,400.0,37.0,100,25.6,no
2026-08-16 21:08:01,rule3-charge,"cloudy, stop raising until clouds clear",0.0,-0.2,-0.2,400.0,400.0,37.0,100,25.6,no
2026-08-16 21:08:11,rule3-charge,"cloudy, stop raising until clouds clear",0.0,-0.2,-0.2,400.0,400.0,37.0,100,25.6,no
2026-08-16 21:08:21,rule3-charge,"cloudy, stop raising until clouds clear",0.0,-0.2,-0.2,400.0,400.0,37.0,100,25.6,no
2026-08-16 21:08:32,rule3-charge,"cloudy, stop raising until clouds clear",0.0,-0.2,-0.2,400.0,400.0,37.0,100,25.6,no
2026-08-16 21:08:42,rule3-charge,"cloudy, stop raising until clouds clear",0.0,-0.2,-0.2,400.0,400.0,37.0,100,25.6,no
2026-08-16 21:08:52,rule3-charge,"cloudy, stop raising until clouds clear",0.0,-0.2,-0.2,400.0,400.0,37.0,100,25.6,no
2026-08-16 21:09:03,rule3-charge,"cloudy, stop raising until clouds clear",0.0,-0.2,-0.2,400.0,400.0,37.0,100,25.6,no
2026-08-16 21:09:13,rule3-charge,"cloudy, stop raising until clouds clear",0.0,-0.1,-0.2,400.0,400.0,37.0,100,25.6,no
2026-08-16 21:09:23,rule3-charge,"cloudy, stop raising until clouds clear",0.0,-0.1,-0.2,400.0,400.0,37.0,100,25.6,no
2026-08-16 21:09:34,rule3-charge,"charging until 95%, waiting for ESS data",0.0,-0.2,,400.0,400.0,37.0,100,25.6,no
2026-08-16 21:09:44,rule3-charge,"cloudy, stop raising until clouds clear",0.0,-0.2,-0.2,400.0,400.0,37.0,100,25.6,no
2026-08-16 21:09:54,rule3-charge,"cloudy, stop raising until clouds clear",0.0,-0.2,-0.2,400.0,400.0,37.0,100,25.6,no
2026-08-16 21:10:05,rule3-charge,"cloudy, stop raising until clouds clear",0.0,-0.2,-0.2,400.0,400.0,37.0,100,25.6,no
2026-08-16 21:10:15,rule3-charge,"cloudy, stop raising until clouds clear",0.0,-0.2,-0.2,400.0,400.0,37.0,100,25.6,no
2026-08-16 21:10:25,rule3-charge,"cloudy, stop raising until clouds clear",0.0,-0.2,-0.2,400.0,400.0,37.0,100,25.6,no
2026-08-16 21:10:36,rule3-charge,"cloudy, stop raising until clouds clear",0.0,-0.2,-0.2,400.0,400.0,37.0,100,25.6,no
2026-08-16 21:10:46,rule3-charge,"cloudy, stop raising until clouds clear",0.0,-0.1,-0.2,400.0,400.0,37.0,100,25.6,no
2026-08-16 21:10:56,rule3-charge,"cloudy, stop raising until clouds clear",0.0,-0.2,-0.2,400.0,400.0,37.0,100,25.6,no
2026-08-16 21:11:07,rule3-charge,"cloudy, stop raising until clouds clear",0.0,-0.2,-0.2,400.0,400.0,37.0,100,25.6,no
2026-08-16 21:11:17,rule3-charge,"cloudy, stop raising until clouds clear",0.0,-0.2,-0.2,400.0,400.0,37.0,100,25.6,no
2026-08-16 21:11:27,rule3-charge,"cloudy, stop raising until clouds clear",0.0,-0.2,-0.2,400.0,400.0,37.0,100,25.6,no
2026-08-16 21:11:38,rule3-charge,"cloudy, stop raising until clouds clear",0.0,-0.2,-0.2,400.0,400.0,37.0,100,25.6,no
2026-08-16 21:11:48,rule3-charge,"cloudy, stop raising until clouds clear",0.0,-0.2,-0.2,400.0,400.0,37.0,100,25.6,no
2026-08-16 21:11:58,rule3-charge,"cloudy, stop raising until clouds clear",0.0,-0.1,-0.2,400.0,400.0,37.0,100,25.6,no
2026-08-16 21:12:09,rule3-charge,"cloudy, stop raising until clouds clear",0.0,-0.2,-0.2,400.0,400.0,37.0,100,25.6,no
2026-08-16 21:12:19,rule3-charge,"cloudy, stop raising until clouds clear",0.0,-0.2,-0.2,400.0,400.0,37.0,100,25.6,no
2026-08-16 21:12:29,rule3-charge,"cloudy, stop raising until clouds clear",0.0,-0.2,-0.2,400.0,400.0,37.0,100,25.6,no
2026-08-16 21:12:40,rule3-charge,"cloudy, stop raising until clouds clear",0.0,-0.2,-0.2,400.0,400.0,37.0,100,25.6,no
2026-08-16 21:12:50,rule3-charge,"cloudy, stop raising until clouds clear",0.0,-0.2,-0.2,400.0,400.0,37.0,100,25.6,no
2026-08-16 21:13:00,rule3-charge,"cloudy, stop raising until clouds clear",0.0,-0.2,-0.2,400.0,400.0,37.0,100,25.6,no
2026-08-16 21:13:11,rule3-charge,"cloudy, stop raising until clouds clear",0.0,-0.2,-0.2,400.0,400.0,37.0,100,25.6,no
2026-08-16 21:13:21,rule3-charge,"cloudy, stop raising until clouds clear",0.0,-0.2,-0.2,400.0,400.0,37.0,100,25.6,no
2026-08-16 21:13:31,rule3-charge,"cloudy, stop raising until clouds clear",0.0,-0.2,-0.2,400.0,400.0,37.0,100,25.6,no
2026-08-16 21:13:42,rule3-charge,"cloudy, stop raising until clouds clear",0.0,-0.2,-0.2,400.0,400.0,37.0,100,25.6,no
2026-08-16 21:13:52,rule3-charge,"cloudy, stop raising until clouds clear",0.0,-0.1,-0.2,400.0,400.0,37.0,100,25.6,no
2026-08-16 21:14:02,rule3-charge,"cloudy, stop raising until clouds clear",0.0,-0.2,-0.2,400.0,400.0,37.0,100,25.6,no
2026-08-16 21:14:13,rule3-charge,"cloudy, stop raising until clouds clear",0.0,-0.2,-0.2,400.0,400.0,37.0,100,25.6,no
2026-08-16 21:14:23,rule3-charge,"cloudy, stop raising until clouds clear",0.0,-0.1,-0.2,400.0,400.0,37.0,100,25.6,no
2026-08-16 21:14:33,rule3-charge,"cloudy, stop raising until clouds clear",0.0,-0.2,-0.2,400.0,400.0,37.0,100,25.6,no
2026-08-16 21:14:44,rule3-charge,"cloudy, stop raising until clouds clear",0.0,-0.2,-0.2,400.0,400.0,37.0,100,25.6,no
2026-08-16 21:14:54,rule3-charge,"cloudy, stop raising until clouds clear",0.0,-0.2,-0.2,400.0,400.0,37.0,100,25.6,no
2026-08-16 21:15:04,rule3-charge,"cloudy, stop raising until clouds clear",0.0,-0.2,-0.2,400.0,400.0,37.0,100,25.6,no
2026-08-16 21:15:15,rule3-charge,"cloudy, stop raising until clouds clear",0.0,-0.2,-0.2,400.0,400.0,37.0,100,25.6,no
2026-08-16 21:15:25,rule3-charge,"cloudy, stop raising until clouds clear",0.0,-0.2,-0.2,400.0,400.0,37.0,100,25.6,no
2026-08-16 21:15:35,rule3-charge,"cloudy, stop raising until clouds clear",0.0,-0.2,-0.2,400.0,400.0,36.8,100,25.6,no
2026-08-16 21:16:01,rule3-charge,"cloudy, stop raising until clouds clear",0.0,-0.1,-0.2,400.0,400.0,36.8,100,25.6,no
2026-08-16 21:16:11,rule3-charge,"cloudy, stop raising until clouds clear",0.0,-0.2,-0.2,400.0,400.0,36.8,100,25.6,no
2026-08-16 21:16:21,rule3-charge,"cloudy, stop raising until clouds clear",0.0,-0.2,-0.2,400.0,400.0,36.8,100,25.6,no
2026-08-16 21:16:31,rule3-charge,"cloudy, stop raising until clouds clear",0.0,-0.2,-0.2,400.0,400.0,36.8,100,25.6,no
2026-08-16 21:16:41,rule3-charge,"cloudy, stop raising until clouds clear",0.0,-0.2,-0.2,400.0,400.0,36.8,100,25.6,no
2026-08-16 21:16:51,rule3-charge,"cloudy, stop raising until clouds clear",0.0,-0.2,-0.2,400.0,400.0,36.8,100,25.6,no
2026-08-16 21:17:01,rule3-charge,"cloudy, stop raising until clouds clear",0.0,-0.2,-0.2,400.0,400.0,36.8,100,25.6,no
2026-08-16 21:17:11,rule3-charge,"cloudy, stop raising until clouds clear",0.0,-0.2,-0.2,400.0,400.0,36.8,100,25.6,no
2026-08-16 21:17:21,rule3-charge,"cloudy, stop raising until clouds clear",0.0,-0.2,-0.2,400.0,400.0,36.8,100,25.6,no
2026-08-16 21:17:31,rule3-charge,"cloudy, stop raising until clouds clear",0.0,-0.2,-0.2,400.0,400.0,36.8,100,25.6,no
2026-08-16 21:17:41,rule3-charge,"cloudy, stop raising until clouds clear",0.0,-0.2,-0.2,400.0,400.0,36.8,100,25.6,no
2026-08-16 21:17:51,rule3-charge,"cloudy, stop raising until clouds clear",0.0,-0.1,-0.2,400.0,400.0,36.8,100,25.6,no
2026-08-16 21:18:01,rule3-charge,"cloudy, stop raising until clouds clear",0.0,-0.2,-0.2,400.0,400.0,36.8,100,25.6,no
2026-08-16 21:18:11,rule3-charge,"cloudy, stop raising until clouds clear",0.0,-0.2,-0.2,400.0,400.0,36.8,100,25.6,no
2026-08-16 21:18:21,rule3-charge,"cloudy, stop raising until clouds clear",0.0,-0.2,-0.2,400.0,400.0,36.8,100,25.6,no
2026-08-16 21:18:31,rule3-charge,"cloudy, stop raising until clouds clear",0.0,-0.2,-0.2,400.0,400.0,36.8,100,25.6,no
2026-08-16 21:18:41,rule3-charge,"cloudy, stop raising until clouds clear",0.0,-0.2,-0.2,400.0,400.0,36.8,100,25.6,no
2026-08-16 21:18:52,rule3-charge,"cloudy, stop raising until clouds clear",0.0,-0.2,-0.2,400.0,400.0,36.8,100,25.6,no
2026-08-16 21:19:02,rule3-charge,"cloudy, stop raising until clouds clear",0.0,-0.2,-0.1,400.0,400.0,36.8,100,25.6,no
2026-08-16 21:19:12,rule3-charge,"cloudy, stop raising until clouds clear",0.0,-0.1,-0.2,400.0,400.0,36.8,100,25.6,no
2026-08-16 21:19:23,rule3-charge,"cloudy, stop raising until clouds clear",0.0,-0.2,-0.2,400.0,400.0,36.8,100,25.6,no
2026-08-16 21:19:33,rule3-charge,"cloudy, stop raising until clouds clear",0.0,-0.2,-0.2,400.0,400.0,36.8,100,25.6,no
2026-08-16 21:19:43,rule3-charge,"cloudy, stop raising until clouds clear",0.0,-0.2,-0.2,400.0,400.0,36.8,100,25.6,no
2026-08-16 21:19:54,rule3-charge,"cloudy, stop raising until clouds clear",0.0,-0.2,-0.2,400.0,400.0,36.8,100,25.6,no
2026-08-16 21:20:04,rule3-charge,"cloudy, stop raising until clouds clear",0.0,-0.2,-0.2,400.0,400.0,36.8,100,25.6,no
2026-08-16 21:20:14,rule3-charge,"cloudy, stop raising until clouds clear",0.0,-0.2,-0.2,400.0,400.0,36.8,100,25.6,no
2026-08-16 21:20:24,rule3-charge,"cloudy, stop raising until clouds clear",0.0,-0.2,-0.2,400.0,400.0,36.8,100,25.6,no
2026-08-16 21:20:34,rule3-charge,"cloudy, stop raising until clouds clear",0.0,-0.2,-0.2,400.0,400.0,36.8,100,25.6,no
2026-08-16 21:20:44,rule3-charge,"cloudy, stop raising until clouds clear",0.0,-0.2,-0.1,400.0,400.0,36.8,100,25.6,no
2026-08-16 21:20:56,rule3-charge,"cloudy, stop raising until clouds clear",0.0,-0.2,-0.2,400.0,400.0,36.8,100,25.6,no
2026-08-16 21:21:06,rule3-charge,"cloudy, stop raising until clouds clear",0.0,-0.2,-0.2,400.0,400.0,36.8,100,25.6,no
2026-08-16 21:21:16,rule3-charge,"cloudy, stop raising until clouds clear",0.0,-0.2,-0.2,400.0,400.0,36.8,100,25.6,no
2026-08-16 21:21:26,rule3-charge,"cloudy, stop raising until clouds clear",0.0,-0.2,-0.2,400.0,400.0,36.8,100,25.6,no
2026-08-16 21:21:36,rule3-charge,"cloudy, stop raising until clouds clear",0.0,-0.1,-0.2,400.0,400.0,36.8,100,25.6,no
2026-08-16 21:21:46,rule3-charge,"cloudy, stop raising until clouds clear",0.0,-0.2,-0.2,400.0,400.0,36.8,100,25.6,no
2026-08-16 21:21:57,rule3-charge,"cloudy, stop raising until clouds clear",0.0,-0.2,-0.2,400.0,400.0,36.8,100,25.6,no
2026-08-16 21:22:07,rule3-charge,"cloudy, stop raising until clouds clear",0.0,-0.2,-0.2,400.0,400.0,36.8,100,25.6,no
2026-08-16 21:22:17,rule3-charge,"cloudy, stop raising until clouds clear",0.0,-0.2,-0.2,400.0,400.0,36.8,100,25.6,no
2026-08-16 21:22:28,rule3-charge,"charging until 95%, waiting for ESS data",0.0,-0.2,,400.0,400.0,36.8,100,25.6,no
2026-08-16 21:22:38,rule3-charge,"charging until 95%, waiting for ESS data",0.0,-0.2,,400.0,400.0,36.8,100,25.6,no
2026-08-16 21:22:48,rule3-charge,"cloudy, stop raising until clouds clear",0.0,-0.2,-0.2,400.0,400.0,36.8,100,25.6,no
2026-08-16 21:22:59,rule3-charge,"cloudy, stop raising until clouds clear",0.0,-0.2,-0.2,400.0,400.0,36.8,100,25.6,no
2026-08-16 21:23:09,rule3-charge,"cloudy, stop raising until clouds clear",0.0,-0.2,-0.2,400.0,400.0,36.8,100,25.6,no
2026-08-16 21:23:19,rule3-charge,"cloudy, stop raising until clouds clear",0.0,-0.1,-0.2,400.0,400.0,36.8,100,25.6,no
2026-08-16 21:23:30,rule3-charge,"cloudy, stop raising until clouds clear",0.0,-0.2,-0.2,400.0,400.0,36.8,100,25.6,no
2026-08-16 21:23:40,rule3-charge,"cloudy, stop raising until clouds clear",0.0,-0.2,-0.2,400.0,400.0,36.8,100,25.6,no
2026-08-16 21:23:51,rule3-charge,"cloudy, stop raising until clouds clear",0.0,-0.2,-0.2,400.0,400.0,36.8,100,25.6,no
2026-08-16 21:24:01,rule3-charge,"cloudy, stop raising until clouds clear",0.0,-0.2,-0.2,400.0,400.0,36.8,100,25.6,no
2026-08-16 21:24:12,rule3-charge,"cloudy, stop raising until clouds clear",0.0,-0.1,-0.2,400.0,400.0,36.8,100,25.6,no
2026-08-16 21:24:22,rule3-charge,"cloudy, stop raising until clouds clear",0.0,-0.2,-0.2,400.0,400.0,36.8,100,25.6,no
2026-08-16 21:24:32,rule3-charge,"cloudy, stop raising until clouds clear",0.0,-0.2,-0.2,400.0,400.0,36.8,100,25.6,no
2026-08-16 21:24:42,rule3-charge,"cloudy, stop raising until clouds clear",0.0,-0.2,-0.2,400.0,400.0,36.8,100,25.6,no
2026-08-16 21:24:52,rule3-charge,"cloudy, stop raising until clouds clear",0.0,-0.2,-0.2,400.0,400.0,36.8,100,25.6,no
2026-08-16 21:25:03,rule3-charge,"cloudy, stop raising until clouds clear",0.0,-0.2,-0.2,400.0,400.0,36.8,100,25.6,no
2026-08-16 21:25:13,rule3-charge,"cloudy, stop raising until clouds clear",0.0,-0.2,-0.2,400.0,400.0,36.8,100,25.6,no
2026-08-16 21:25:23,rule3-charge,"cloudy, stop raising until clouds clear",0.0,-0.2,-0.2,400.0,400.0,36.8,100,25.6,no
2026-08-16 21:25:34,rule3-charge,"cloudy, stop raising until clouds clear",0.0,-0.2,-0.2,400.0,400.0,36.8,100,25.6,no
2026-08-16 21:25:44,rule3-charge,"cloudy, stop raising until clouds clear",0.0,-0.2,-0.2,400.0,400.0,36.8,100,25.6,no
2026-08-16 21:26:06,rule3-charge,"cloudy, stop raising until clouds clear",0.0,-0.2,-0.2,400.0,400.0,36.8,100,25.6,no
2026-08-16 21:26:16,rule3-charge,"cloudy, stop raising until clouds clear",0.0,-0.2,-0.2,400.0,400.0,36.8,100,25.6,no
2026-08-16 21:26:26,rule3-charge,"cloudy, stop raising until clouds clear",0.0,-0.2,-0.2,400.0,400.0,36.8,100,25.6,no
2026-08-16 21:26:36,rule3-charge,"cloudy, stop raising until clouds clear",0.0,-0.2,-0.2,400.0,400.0,36.8,100,25.6,no
2026-08-16 21:26:46,rule3-charge,"cloudy, stop raising until clouds clear",0.0,-0.2,-0.2,400.0,400.0,36.8,100,25.6,no
2026-08-16 21:26:56,rule3-charge,"cloudy, stop raising until clouds clear",0.0,-0.2,-0.2,400.0,400.0,36.8,100,25.6,no
2026-08-16 21:27:07,rule3-charge,"cloudy, stop raising until clouds clear",0.0,-0.2,-0.2,400.0,400.0,36.8,100,25.6,no
2026-08-16 21:27:17,rule3-charge,"cloudy, stop raising until clouds clear",0.0,-0.2,-0.2,400.0,400.0,36.8,100,25.6,no
2026-08-16 21:27:28,rule3-charge,"cloudy, stop raising until clouds clear",0.0,-0.2,-0.2,400.0,400.0,36.8,100,25.6,no
2026-08-16 21:27:39,rule3-charge,"cloudy, stop raising until clouds clear",0.0,-0.2,-0.2,400.0,400.0,36.8,100,25.6,no
2026-08-16 21:27:49,rule3-charge,"cloudy, stop raising until clouds clear",0.0,-0.2,-0.2,400.0,400.0,36.8,100,25.6,no
2026-08-16 21:27:59,rule3-charge,"cloudy, stop raising until clouds clear",0.0,-0.2,-0.2,400.0,400.0,36.8,100,25.6,no
2026-08-16 21:28:10,rule3-charge,"cloudy, stop raising until clouds clear",0.0,-0.2,-0.2,400.0,400.0,36.8,100,25.6,no
2026-08-16 21:28:20,rule3-charge,"cloudy, stop raising until clouds clear",0.0,-0.2,-0.2,400.0,400.0,36.8,100,25.6,no
2026-08-16 21:28:30,rule3-charge,"cloudy, stop raising until clouds clear",0.0,-0.2,-0.2,400.0,400.0,36.8,100,25.6,no
2026-08-16 21:28:40,rule3-charge,"cloudy, stop raising until clouds clear",0.0,-0.2,-0.2,400.0,400.0,36.8,100,25.5,no
2026-08-16 21:28:50,rule3-charge,"cloudy, stop raising until clouds clear",0.0,-0.2,-0.2,400.0,400.0,36.8,100,25.5,no
2026-08-16 21:29:00,rule3-charge,"cloudy, stop raising until clouds clear",0.0,-0.2,-0.2,400.0,400.0,36.8,100,25.5,no
2026-08-16 21:29:11,rule3-charge,"cloudy, stop raising until clouds clear",0.0,-0.2,-0.2,400.0,400.0,36.8,100,25.5,no
2026-08-16 21:29:21,rule3-charge,"cloudy, stop raising until clouds clear",0.0,-0.1,-0.2,400.0,400.0,36.8,100,25.5,no
2026-08-16 21:29:31,rule3-charge,"cloudy, stop raising until clouds clear",0.0,-0.2,-0.2,400.0,400.0,36.8,100,25.5,no
2026-08-16 21:29:42,rule3-charge,"cloudy, stop raising until clouds clear",0.0,-0.2,-0.2,400.0,400.0,36.8,100,25.5,no
2026-08-16 21:29:52,rule3-charge,"cloudy, stop raising until clouds clear",0.0,-0.2,-0.2,400.0,400.0,36.8,100,25.5,no
2026-08-16 21:30:02,rule3-charge,"cloudy, stop raising until clouds clear",0.0,-0.2,-0.2,400.0,400.0,36.8,100,25.5,no
2026-08-16 21:30:13,rule3-charge,"cloudy, stop raising until clouds clear",0.0,-0.2,-0.2,400.0,400.0,36.8,100,25.5,no
2026-08-16 21:30:23,rule3-charge,"cloudy, stop raising until clouds clear",0.0,-0.2,-0.2,400.0,400.0,36.8,100,25.5,no
2026-08-16 21:30:33,rule3-charge,"cloudy, stop raising until clouds clear",0.0,-0.2,-0.2,400.0,400.0,36.8,100,25.5,no
2026-08-16 21:30:44,rule3-charge,"cloudy, stop raising until clouds clear",0.0,-0.2,-0.2,400.0,400.0,36.8,100,25.5,no
2026-08-16 21:30:54,rule3-charge,"cloudy, stop raising until clouds clear",0.0,-0.2,-0.2,400.0,400.0,36.8,100,25.5,no
2026-08-16 21:31:04,rule3-charge,"cloudy, stop raising until clouds clear",0.0,-0.2,-0.2,400.0,400.0,36.8,100,25.5,no
2026-08-16 21:31:15,rule3-charge,"cloudy, stop raising until clouds clear",0.0,-0.2,-0.2,400.0,400.0,36.8,100,25.5,no
2026-08-16 21:31:25,rule3-charge,"cloudy, stop raising until clouds clear",0.0,-0.2,-0.2,400.0,400.0,36.8,100,25.5,no
2026-08-16 21:31:35,rule3-charge,"cloudy, stop raising until clouds clear",0.0,-0.1,-0.2,400.0,400.0,36.8,100,25.5,no
2026-08-16 21:31:46,rule3-charge,"cloudy, stop raising until clouds clear",0.0,-0.2,-0.2,400.0,400.0,36.8,100,25.5,no
2026-08-16 21:31:56,rule3-charge,"cloudy, stop raising until clouds clear",0.0,-0.2,-0.2,400.0,400.0,36.8,100,25.5,no
2026-08-16 21:32:06,rule3-charge,"cloudy, stop raising until clouds clear",0.0,-0.2,-0.2,400.0,400.0,36.8,100,25.5,no
2026-08-16 21:32:17,rule3-charge,"cloudy, stop raising until clouds clear",0.0,-0.1,-0.2,400.0,400.0,36.8,100,25.5,no
2026-08-16 21:32:27,rule3-charge,"cloudy, stop raising until clouds clear",0.0,-0.2,-0.2,400.0,400.0,36.8,100,25.5,no
2026-08-16 21:32:37,rule3-charge,"cloudy, stop raising until clouds clear",0.0,-0.2,-0.2,400.0,400.0,36.8,100,25.5,no
2026-08-16 21:32:48,rule3-charge,"cloudy, stop raising until clouds clear",0.0,-0.2,-0.2,400.0,400.0,36.8,100,25.5,no
2026-08-16 21:32:58,rule3-charge,"cloudy, stop raising until clouds clear",0.0,-0.2,-0.2,400.0,400.0,36.8,100,25.5,no
2026-08-16 21:33:08,rule3-charge,"cloudy, stop raising until clouds clear",0.0,-0.1,-0.2,400.0,400.0,36.8,100,25.5,no
2026-08-16 21:33:19,rule3-charge,"cloudy, stop raising until clouds clear",0.0,-0.2,-0.2,400.0,400.0,36.8,100,25.5,no
2026-08-16 21:33:29,rule3-charge,"cloudy, stop raising until clouds clear",0.0,-0.2,-0.2,400.0,400.0,36.8,100,25.5,no
2026-08-16 21:33:39,rule3-charge,"cloudy, stop raising until clouds clear",0.0,-0.1,-0.2,400.0,400.0,36.8,100,25.5,no
2026-08-16 21:33:50,rule3-charge,"cloudy, stop raising until clouds clear",0.0,-0.2,-0.2,400.0,400.0,36.8,100,25.5,no
2026-08-16 21:34:00,rule3-charge,"cloudy, stop raising until clouds clear",0.0,-0.2,-0.2,400.0,400.0,36.8,100,25.5,no
2026-08-16 21:34:10,rule3-charge,"cloudy, stop raising until clouds clear",0.0,-0.2,-0.2,400.0,400.0,36.8,100,25.5,no
2026-08-16 21:34:21,rule3-charge,"cloudy, stop raising until clouds clear",0.0,-0.2,-0.2,400.0,400.0,36.8,100,25.5,no
2026-08-16 21:34:31,rule3-charge,"cloudy, stop raising until clouds clear",0.0,-0.1,-0.2,400.0,400.0,36.8,100,25.5,no
2026-08-16 21:34:41,rule3-charge,"cloudy, stop raising until clouds clear",0.0,-0.2,-0.2,400.0,400.0,36.8,100,25.5,no
2026-08-16 21:34:52,rule3-charge,"cloudy, stop raising until clouds clear",0.0,-0.2,-0.2,400.0,400.0,36.8,100,25.5,no
2026-08-16 21:35:02,rule3-charge,"cloudy, stop raising until clouds clear",0.0,-0.2,-0.2,400.0,400.0,36.8,100,25.5,no
2026-08-16 21:35:12,rule3-charge,"cloudy, stop raising until clouds clear",0.0,-0.2,-0.2,400.0,400.0,36.8,100,25.5,no
2026-08-16 21:35:23,rule3-charge,"cloudy, stop raising until clouds clear",0.0,-0.2,-0.2,400.0,400.0,36.8,100,25.5,no
2026-08-16 21:35:33,rule3-charge,"charging until 95%, waiting for ESS data",0.0,-0.2,,400.0,400.0,36.8,100,25.5,no
2026-08-16 21:35:43,rule3-charge,"charging until 95%, waiting for ESS data",0.0,-0.2,,400.0,400.0,36.8,100,25.5,no
2026-08-16 21:35:54,rule3-charge,"cloudy, stop raising until clouds clear",0.0,-0.2,-0.2,400.0,400.0,36.5,100,25.5,no
2026-08-16 21:36:06,rule3-charge,"cloudy, stop raising until clouds clear",0.0,-0.2,-0.2,400.0,400.0,36.5,100,25.5,no
2026-08-16 21:36:16,rule3-charge,"cloudy, stop raising until clouds clear",0.0,-0.2,-0.2,400.0,400.0,36.5,100,25.5,no
2026-08-16 21:36:26,rule3-charge,"cloudy, stop raising until clouds clear",0.0,-0.2,-0.2,400.0,400.0,36.5,100,25.5,no
2026-08-16 21:36:36,rule3-charge,"cloudy, stop raising until clouds clear",0.0,-0.2,-0.2,400.0,400.0,36.5,100,25.5,no
2026-08-16 21:36:46,rule3-charge,"cloudy, stop raising until clouds clear",0.0,-0.2,-0.2,400.0,400.0,36.5,100,25.5,no
2026-08-16 21:36:56,rule3-charge,"cloudy, stop raising until clouds clear",0.0,-0.2,-0.2,400.0,400.0,36.5,100,25.5,no
2026-08-16 21:37:06,rule3-charge,"cloudy, stop raising until clouds clear",0.0,-0.2,-0.2,400.0,400.0,36.5,100,25.5,no
2026-08-16 21:37:16,rule3-charge,"cloudy, stop raising until clouds clear",0.0,-0.2,-0.2,400.0,400.0,36.5,100,25.5,no
2026-08-16 21:37:27,rule3-charge,"cloudy, stop raising until clouds clear",0.0,-0.2,-0.2,400.0,400.0,36.5,100,25.5,no
2026-08-16 21:37:37,rule3-charge,"cloudy, stop raising until clouds clear",0.0,-0.2,-0.2,400.0,400.0,36.5,100,25.5,no
2026-08-16 21:37:47,rule3-charge,"cloudy, stop raising until clouds clear",0.0,-0.2,-0.2,400.0,400.0,36.5,100,25.5,no
2026-08-16 21:37:58,rule3-charge,"cloudy, stop raising until clouds clear",0.0,-0.2,-0.2,400.0,400.0,36.5,100,25.5,no
2026-08-16 21:38:08,rule3-charge,"cloudy, stop raising until clouds clear",0.0,-0.2,-0.2,400.0,400.0,36.5,100,25.5,no
2026-08-16 21:38:18,rule3-charge,"cloudy, stop raising until clouds clear",0.0,-0.1,-0.2,400.0,400.0,36.5,100,25.5,no
2026-08-16 21:38:29,rule3-charge,"cloudy, stop raising until clouds clear",0.0,-0.2,-0.2,400.0,400.0,36.5,100,25.5,no
2026-08-16 21:38:39,rule3-charge,"cloudy, stop raising until clouds clear",0.0,-0.1,-0.2,400.0,400.0,36.5,100,25.5,no
2026-08-16 21:38:49,rule3-charge,"cloudy, stop raising until clouds clear",0.0,-0.2,-0.2,400.0,400.0,36.5,100,25.5,no
2026-08-16 21:39:00,rule3-charge,"cloudy, stop raising until clouds clear",0.0,-0.2,-0.2,400.0,400.0,36.5,100,25.5,no
2026-08-16 21:39:10,rule3-charge,"cloudy, stop raising until clouds clear",0.0,-0.2,-0.2,400.0,400.0,36.5,100,25.5,no
2026-08-16 21:39:20,rule3-charge,"cloudy, stop raising until clouds clear",0.0,-0.2,-0.2,400.0,400.0,36.5,100,25.5,no
2026-08-16 21:39:31,rule3-charge,"cloudy, stop raising until clouds clear",0.0,-0.2,-0.2,400.0,400.0,36.5,100,25.5,no
2026-08-16 21:39:41,rule3-charge,"cloudy, stop raising until clouds clear",0.0,-0.2,-0.2,400.0,400.0,36.5,100,25.5,no
2026-08-16 21:39:51,rule3-charge,"cloudy, stop raising until clouds clear",0.0,-0.2,-0.2,400.0,400.0,36.5,100,25.5,no
2026-08-16 21:40:02,rule3-charge,"cloudy, stop raising until clouds clear",0.0,-0.2,-0.2,400.0,400.0,36.5,100,25.5,no
2026-08-16 21:40:12,rule3-charge,"cloudy, stop raising until clouds clear",0.0,-0.2,-0.2,400.0,400.0,36.5,100,25.5,no
2026-08-16 21:40:22,rule3-charge,"cloudy, stop raising until clouds clear",0.0,-0.2,-0.2,400.0,400.0,36.5,100,25.5,no
2026-08-16 21:40:33,rule3-charge,"cloudy, stop raising until clouds clear",0.0,-0.2,-0.2,400.0,400.0,36.5,100,25.5,no
2026-08-16 21:40:43,rule3-charge,"cloudy, stop raising until clouds clear",0.0,-0.2,-0.2,400.0,400.0,36.5,100,25.5,no
2026-08-16 21:40:53,rule3-charge,"cloudy, stop raising until clouds clear",0.0,-0.2,-0.2,400.0,400.0,36.5,100,25.5,no
2026-08-16 21:41:04,rule3-charge,"cloudy, stop raising until clouds clear",0.0,-0.1,-0.2,400.0,400.0,36.5,100,25.5,no
2026-08-16 21:41:14,rule3-charge,"cloudy, stop raising until clouds clear",0.0,-0.2,-0.2,400.0,400.0,36.5,100,25.5,no
2026-08-16 21:41:24,rule3-charge,"cloudy, stop raising until clouds clear",0.0,-0.2,-0.2,400.0,400.0,36.5,100,25.5,no
2026-08-16 21:41:35,rule3-charge,"cloudy, stop raising until clouds clear",0.0,-0.2,-0.2,400.0,400.0,36.5,100,25.5,no
2026-08-16 21:41:45,rule3-charge,"cloudy, stop raising until clouds clear",0.0,-0.2,-0.2,400.0,400.0,36.5,100,25.5,no
2026-08-16 21:41:55,rule3-charge,"cloudy, stop raising until clouds clear",0.0,-0.2,-0.2,400.0,400.0,36.5,100,25.5,no
2026-08-16 21:42:06,rule3-charge,"cloudy, stop raising until clouds clear",0.0,-0.2,-0.2,400.0,400.0,36.5,100,25.5,no
2026-08-16 21:42:16,rule3-charge,"cloudy, stop raising until clouds clear",0.0,-0.2,-0.2,400.0,400.0,36.5,100,25.5,no
2026-08-16 21:42:26,rule3-charge,"cloudy, stop raising until clouds clear",0.0,-0.2,-0.2,400.0,400.0,36.5,100,25.5,no
2026-08-16 21:42:37,rule3-charge,"cloudy, stop raising until clouds clear",0.0,-0.2,-0.2,400.0,400.0,36.5,100,25.5,no
2026-08-16 21:42:47,rule3-charge,"cloudy, stop raising until clouds clear",0.0,-0.2,-0.2,400.0,400.0,36.5,100,25.5,no
2026-08-16 21:42:57,rule3-charge,"cloudy, stop raising until clouds clear",0.0,-0.2,-0.2,400.0,400.0,36.5,100,25.5,no
2026-08-16 21:43:08,rule3-charge,"cloudy, stop raising until clouds clear",0.0,-0.1,-0.2,400.0,400.0,36.5,100,25.5,no
2026-08-16 21:43:18,rule3-charge,"cloudy, stop raising until clouds clear",0.0,-0.1,-0.2,400.0,400.0,36.5,100,25.5,no
2026-08-16 21:43:28,rule3-charge,"cloudy, stop raising until clouds clear",0.0,-0.1,-0.2,400.0,400.0,36.5,100,25.5,no
2026-08-16 21:43:39,rule3-charge,"cloudy, stop raising until clouds clear",0.0,-0.2,-0.2,400.0,400.0,36.5,100,25.5,no
2026-08-16 21:43:49,rule3-charge,"cloudy, stop raising until clouds clear",0.0,-0.2,-0.2,400.0,400.0,36.5,100,25.5,no
2026-08-16 21:43:59,rule3-charge,"cloudy, stop raising until clouds clear",0.0,-0.2,-0.2,400.0,400.0,36.5,100,25.5,no
2026-08-16 21:44:10,rule3-charge,"cloudy, stop raising until clouds clear",0.0,-0.2,-0.2,400.0,400.0,36.5,100,25.5,no
2026-08-16 21:44:20,rule3-charge,"cloudy, stop raising until clouds clear",0.0,-0.2,-0.2,400.0,400.0,36.5,100,25.5,no
2026-08-16 21:44:30,rule3-charge,"cloudy, stop raising until clouds clear",0.0,-0.1,-0.2,400.0,400.0,36.5,100,25.5,no
2026-08-16 21:44:41,rule3-charge,"cloudy, stop raising until clouds clear",0.0,-0.2,-0.2,400.0,400.0,36.5,100,25.5,no
2026-08-16 21:44:51,rule3-charge,"cloudy, stop raising until clouds clear",0.0,-0.1,-0.2,400.0,400.0,36.5,100,25.5,no
2026-08-16 21:45:01,rule3-charge,"cloudy, stop raising until clouds clear",0.0,-0.1,-0.2,400.0,400.0,36.5,100,25.5,no
2026-08-16 21:45:12,rule3-charge,"cloudy, stop raising until clouds clear",0.0,-0.2,-0.2,400.0,400.0,36.5,100,25.5,no
2026-08-16 21:45:22,rule3-charge,"cloudy, stop raising until clouds clear",0.0,-0.2,-0.2,400.0,400.0,36.5,100,25.5,no
2026-08-16 21:45:32,rule3-charge,"cloudy, stop raising until clouds clear",0.0,-0.2,-0.2,400.0,400.0,36.5,100,25.5,no
2026-08-16 21:45:43,rule3-charge,"cloudy, stop raising until clouds clear",0.0,-0.1,-0.2,400.0,400.0,36.5,100,25.5,no
2026-08-16 21:45:53,rule3-charge,"cloudy, stop raising until clouds clear",0.0,-0.2,-0.2,400.0,400.0,36.5,100,25.5,no
2026-08-16 21:46:03,rule3-charge,"cloudy, stop raising until clouds clear",0.0,-0.2,-0.2,400.0,400.0,36.2,100,25.5,no
2026-08-16 21:46:28,rule3-charge,"cloudy, stop raising until clouds clear",0.0,-0.1,-0.2,400.0,400.0,36.2,100,25.5,no
2026-08-16 21:46:38,rule3-charge,"cloudy, stop raising until clouds clear",0.0,-0.2,-0.2,400.0,400.0,36.2,100,25.5,no
2026-08-16 21:46:48,rule3-charge,"cloudy, stop raising until clouds clear",0.0,-0.2,-0.2,400.0,400.0,36.2,100,25.5,no
2026-08-16 21:46:58,rule3-charge,"cloudy, stop raising until clouds clear",0.0,-0.2,-0.2,400.0,400.0,36.2,100,25.5,no
2026-08-16 21:47:08,rule3-charge,"cloudy, stop raising until clouds clear",0.0,-0.2,-0.2,400.0,400.0,36.2,100,25.5,no
2026-08-16 21:47:18,rule3-charge,"cloudy, stop raising until clouds clear",0.0,-0.2,-0.2,400.0,400.0,36.2,100,25.5,no
2026-08-16 21:47:28,rule3-charge,"cloudy, stop raising until clouds clear",0.0,-0.2,-0.2,400.0,400.0,36.2,100,25.5,no
2026-08-16 21:47:38,rule3-charge,"cloudy, stop raising until clouds clear",0.0,-0.1,-0.2,400.0,400.0,36.2,100,25.5,no
2026-08-16 21:47:48,rule3-charge,"cloudy, stop raising until clouds clear",0.0,-0.2,-0.2,400.0,400.0,36.2,100,25.5,no
2026-08-16 21:47:58,rule3-charge,"cloudy, stop raising until clouds clear",0.0,-0.2,-0.2,400.0,400.0,36.2,100,25.5,no
2026-08-16 21:48:08,rule3-charge,"cloudy, stop raising until clouds clear",0.0,-0.2,-0.2,400.0,400.0,36.2,100,25.5,no
2026-08-16 21:48:18,rule3-charge,"cloudy, stop raising until clouds clear",0.0,-0.2,-0.2,400.0,400.0,36.2,100,25.5,no
2026-08-16 21:48:28,rule3-charge,"cloudy, stop raising until clouds clear",0.0,-0.2,-0.2,400.0,400.0,36.2,100,25.5,no
2026-08-16 21:48:38,rule3-charge,"charging until 95%, waiting for ESS data",0.0,-0.2,,400.0,400.0,36.2,100,25.5,no
2026-08-16 21:48:49,rule3-charge,"charging until 95%, waiting for ESS data",0.0,-0.2,,400.0,400.0,36.2,100,25.5,no
2026-08-16 21:48:59,rule3-charge,"cloudy, stop raising until clouds clear",0.0,-0.2,-0.2,400.0,400.0,36.2,100,25.5,no
2026-08-16 21:49:09,rule3-charge,"cloudy, stop raising until clouds clear",0.0,-0.1,-0.2,400.0,400.0,36.2,100,25.5,no
2026-08-16 21:49:20,rule3-charge,"cloudy, stop raising until clouds clear",0.0,-0.2,-0.2,400.0,400.0,36.2,100,25.5,no
2026-08-16 21:49:30,rule3-charge,"cloudy, stop raising until clouds clear",0.0,-0.1,-0.2,400.0,400.0,36.2,100,25.5,no
2026-08-16 21:49:40,rule3-charge,"cloudy, stop raising until clouds clear",0.0,-0.2,-0.2,400.0,400.0,36.2,100,25.5,no
2026-08-16 21:49:51,rule3-charge,"cloudy, stop raising until clouds clear",0.0,-0.2,-0.2,400.0,400.0,36.2,100,25.5,no
2026-08-16 21:50:01,rule3-charge,"cloudy, stop raising until clouds clear",0.0,-0.2,-0.2,400.0,400.0,36.2,100,25.5,no
2026-08-16 21:50:11,rule3-charge,"cloudy, stop raising until clouds clear",0.0,-0.2,-0.2,400.0,400.0,36.2,100,25.5,no
2026-08-16 21:50:22,rule3-charge,"cloudy, stop raising until clouds clear",0.0,-0.2,-0.2,400.0,400.0,36.2,100,25.5,no
2026-08-16 21:50:32,rule3-charge,"cloudy, stop raising until clouds clear",0.0,-0.2,-0.2,400.0,400.0,36.2,100,25.5,no
2026-08-16 21:50:42,rule3-charge,"cloudy, stop raising until clouds clear",0.0,-0.2,-0.2,400.0,400.0,36.2,100,25.5,no
2026-08-16 21:50:53,rule3-charge,"cloudy, stop raising until clouds clear",0.0,-0.2,-0.2,400.0,400.0,36.2,100,25.5,no
2026-08-16 21:51:03,rule3-charge,"cloudy, stop raising until clouds clear",0.0,-0.2,-0.2,400.0,400.0,36.2,100,25.5,no
2026-08-16 21:51:13,rule3-charge,"cloudy, stop raising until clouds clear",0.0,-0.1,-0.2,400.0,400.0,36.2,100,25.5,no
2026-08-16 21:51:24,rule3-charge,"cloudy, stop raising until clouds clear",0.0,-0.2,-0.2,400.0,400.0,36.2,100,25.5,no
2026-08-16 21:51:34,rule3-charge,"cloudy, stop raising until clouds clear",0.0,-0.2,-0.2,400.0,400.0,36.2,100,25.5,no
2026-08-16 21:51:44,rule3-charge,"cloudy, stop raising until clouds clear",0.0,-0.2,-0.2,400.0,400.0,36.2,100,25.5,no
2026-08-16 21:51:55,rule3-charge,"cloudy, stop raising until clouds clear",0.0,-0.2,-0.2,400.0,400.0,36.2,100,25.5,no
2026-08-16 21:52:05,rule3-charge,"cloudy, stop raising until clouds clear",0.0,-0.2,-0.2,400.0,400.0,36.2,100,25.4,no
2026-08-16 21:52:15,rule3-charge,"cloudy, stop raising until clouds clear",0.0,-0.2,-0.2,400.0,400.0,36.2,100,25.4,no
2026-08-16 21:52:26,rule3-charge,"cloudy, stop raising until clouds clear",0.0,-0.2,-0.2,400.0,400.0,36.2,100,25.4,no
2026-08-16 21:52:36,rule3-charge,"cloudy, stop raising until clouds clear",0.0,-0.2,-0.2,400.0,400.0,36.2,100,25.4,no
2026-08-16 21:52:46,rule3-charge,"cloudy, stop raising until clouds clear",0.0,-0.1,-0.2,400.0,400.0,36.2,100,25.4,no
2026-08-16 21:52:57,rule3-charge,"cloudy, stop raising until clouds clear",0.0,-0.1,-0.2,400.0,400.0,36.2,100,25.4,no
2026-08-16 21:53:07,rule3-charge,"cloudy, stop raising until clouds clear",0.0,-0.2,-0.2,400.0,400.0,36.2,100,25.4,no
2026-08-16 21:53:17,rule3-charge,"cloudy, stop raising until clouds clear",0.0,-0.2,-0.2,400.0,400.0,36.2,100,25.4,no
2026-08-16 21:53:28,rule3-charge,"cloudy, stop raising until clouds clear",0.0,-0.2,-0.2,400.0,400.0,36.2,100,25.4,no
2026-08-16 21:53:38,rule3-charge,"cloudy, stop raising until clouds clear",0.0,-0.2,-0.2,400.0,400.0,36.2,100,25.4,no
2026-08-16 21:53:48,rule3-charge,"cloudy, stop raising until clouds clear",0.0,-0.2,-0.2,400.0,400.0,36.2,100,25.4,no
2026-08-16 21:53:59,rule3-charge,"cloudy, stop raising until clouds clear",0.0,-0.2,-0.2,400.0,400.0,36.2,100,25.4,no
2026-08-16 21:54:09,rule3-charge,"cloudy, stop raising until clouds clear",0.0,-0.2,-0.2,400.0,400.0,36.2,100,25.4,no
2026-08-16 21:54:19,rule3-charge,"cloudy, stop raising until clouds clear",0.0,-0.2,-0.2,400.0,400.0,36.2,100,25.4,no
2026-08-16 21:54:30,rule3-charge,"cloudy, stop raising until clouds clear",0.0,-0.2,-0.2,400.0,400.0,36.2,100,25.4,no
2026-08-16 21:54:40,rule3-charge,"cloudy, stop raising until clouds clear",0.0,-0.2,-0.2,400.0,400.0,36.2,100,25.4,no
2026-08-16 21:54:50,rule3-charge,"cloudy, stop raising until clouds clear",0.0,-0.2,-0.2,400.0,400.0,36.2,100,25.4,no
2026-08-16 21:55:01,rule3-charge,"cloudy, stop raising until clouds clear",0.0,-0.2,-0.2,400.0,400.0,36.2,100,25.4,no
2026-08-16 21:55:11,rule3-charge,"cloudy, stop raising until clouds clear",0.0,-0.2,-0.2,400.0,400.0,36.2,100,25.4,no
2026-08-16 21:55:21,rule3-charge,"cloudy, stop raising until clouds clear",0.0,-0.2,-0.2,400.0,400.0,36.2,100,25.4,no
2026-08-16 21:55:32,rule3-charge,"cloudy, stop raising until clouds clear",0.0,-0.2,-0.2,400.0,400.0,36.2,100,25.4,no
2026-08-16 21:55:42,rule3-charge,"cloudy, stop raising until clouds clear",0.0,-0.2,-0.2,400.0,400.0,36.2,100,25.4,no
2026-08-16 21:55:52,rule3-charge,"cloudy, stop raising until clouds clear",0.0,-0.2,-0.2,400.0,400.0,36.2,100,25.4,no
2026-08-16 21:56:03,rule3-charge,"cloudy, stop raising until clouds clear",0.0,-0.2,-0.2,400.0,400.0,36.2,100,25.4,no
2026-08-16 21:56:13,rule3-charge,"cloudy, stop raising until clouds clear",0.0,-0.2,-0.2,400.0,400.0,36.2,100,25.4,no
2026-08-16 21:56:26,rule3-charge,"cloudy, stop raising until clouds clear",0.0,-0.2,-0.2,400.0,400.0,36.2,100,25.4,no
2026-08-16 21:56:36,rule3-charge,"cloudy, stop raising until clouds clear",0.0,-0.2,-0.2,400.0,400.0,36.2,100,25.4,no
2026-08-16 21:56:46,rule3-charge,"cloudy, stop raising until clouds clear",0.0,-0.2,-0.2,400.0,400.0,36.2,100,25.4,no
2026-08-16 21:56:56,rule3-charge,"cloudy, stop raising until clouds clear",0.0,-0.2,-0.2,400.0,400.0,36.2,100,25.4,no
2026-08-16 21:57:06,rule3-charge,"cloudy, stop raising until clouds clear",0.0,-0.2,-0.2,400.0,400.0,36.2,100,25.4,no
2026-08-16 21:57:16,rule3-charge,"cloudy, stop raising until clouds clear",0.0,-0.2,-0.2,400.0,400.0,36.2,100,25.4,no
2026-08-16 21:57:26,rule3-charge,"cloudy, stop raising until clouds clear",0.0,-0.2,-0.2,400.0,400.0,36.2,100,25.4,no
2026-08-16 21:57:36,rule3-charge,"cloudy, stop raising until clouds clear",0.0,-0.2,-0.2,400.0,400.0,36.2,100,25.4,no
2026-08-16 21:57:46,rule3-charge,"cloudy, stop raising until clouds clear",0.0,-0.2,-0.2,400.0,400.0,36.2,100,25.4,no
2026-08-16 21:57:56,rule3-charge,"cloudy, stop raising until clouds clear",0.0,-0.2,-0.2,400.0,400.0,36.2,100,25.4,no
2026-08-16 21:58:07,rule3-charge,"cloudy, stop raising until clouds clear",0.0,-0.2,-0.2,400.0,400.0,36.2,100,25.4,no
2026-08-16 21:58:17,rule3-charge,"cloudy, stop raising until clouds clear",0.0,-0.2,-0.2,400.0,400.0,36.2,100,25.4,no
2026-08-16 21:58:27,rule3-charge,"cloudy, stop raising until clouds clear",0.0,-0.2,-0.2,400.0,400.0,36.2,100,25.4,no
2026-08-16 21:58:38,rule3-charge,"cloudy, stop raising until clouds clear",0.0,-0.2,-0.2,400.0,400.0,36.2,100,25.4,no
2026-08-16 21:58:48,rule3-charge,"cloudy, stop raising until clouds clear",0.0,-0.2,-0.2,400.0,400.0,36.2,100,25.4,no
2026-08-16 21:58:58,rule3-charge,"cloudy, stop raising until clouds clear",0.0,-0.2,-0.2,400.0,400.0,36.2,100,25.4,no
2026-08-16 21:59:09,rule3-charge,"cloudy, stop raising until clouds clear",0.0,-0.2,-0.1,400.0,400.0,36.2,100,25.4,no
2026-08-16 21:59:19,rule3-charge,"cloudy, stop raising until clouds clear",0.0,-0.2,-0.2,400.0,400.0,36.2,100,25.4,no
2026-08-16 21:59:29,rule3-charge,"cloudy, stop raising until clouds clear",0.0,-0.2,-0.2,400.0,400.0,36.2,100,25.4,no
2026-08-16 21:59:40,rule3-charge,"cloudy, stop raising until clouds clear",0.0,-0.2,-0.2,400.0,400.0,36.2,100,25.4,no
2026-08-16 21:59:50,rule3-charge,"cloudy, stop raising until clouds clear",0.0,-0.1,-0.2,400.0,400.0,36.2,100,25.4,no
2026-08-16 22:00:00,rule3-charge,"cloudy, stop raising until clouds clear",0.0,-0.2,-0.2,400.0,400.0,36.2,100,25.4,no
2026-08-16 22:00:11,rule3-charge,"cloudy, stop raising until clouds clear",0.0,-0.1,-0.2,400.0,400.0,36.2,100,25.4,no
2026-08-16 22:00:21,rule3-charge,"cloudy, stop raising until clouds clear",0.0,-0.2,-0.2,400.0,400.0,36.2,100,25.4,no
2026-08-16 22:00:31,rule3-charge,"cloudy, stop raising until clouds clear",0.0,-0.2,-0.2,400.0,400.0,36.2,100,25.4,no
2026-08-16 22:00:42,rule3-charge,"cloudy, stop raising until clouds clear",0.0,-0.2,-0.2,400.0,400.0,36.2,100,25.4,no
2026-08-16 22:00:52,rule3-charge,"cloudy, stop raising until clouds clear",0.0,-0.1,-0.2,400.0,400.0,36.2,100,25.4,no
2026-08-16 22:01:02,rule3-charge,"cloudy, stop raising until clouds clear",0.0,-0.2,-0.2,400.0,400.0,36.2,100,25.4,no
2026-08-16 22:01:13,rule3-charge,"cloudy, stop raising until clouds clear",0.0,-0.2,-0.2,400.0,400.0,36.2,100,25.4,no
2026-08-16 22:01:23,rule3-charge,"cloudy, stop raising until clouds clear",0.0,-0.2,-0.2,400.0,400.0,36.2,100,25.4,no
2026-08-16 22:01:33,rule3-charge,"cloudy, stop raising until clouds clear",0.0,-0.2,-0.2,400.0,400.0,36.2,100,25.4,no
2026-08-16 22:01:44,rule3-charge,"charging until 95%, waiting for ESS data",0.0,-0.2,,400.0,400.0,36.2,100,25.4,no
2026-08-16 22:01:54,rule3-charge,"cloudy, stop raising until clouds clear",0.0,-0.2,-0.2,400.0,400.0,36.2,100,25.4,no
2026-08-16 22:02:04,rule3-charge,"cloudy, stop raising until clouds clear",0.0,-0.2,-0.2,400.0,400.0,36.2,100,25.4,no
2026-08-16 22:02:15,rule3-charge,"cloudy, stop raising until clouds clear",0.0,-0.2,-0.2,400.0,400.0,36.2,100,25.4,no
2026-08-16 22:02:25,rule3-charge,"cloudy, stop raising until clouds clear",0.0,-0.2,-0.2,400.0,400.0,36.2,100,25.4,no
2026-08-16 22:02:35,rule3-charge,"cloudy, stop raising until clouds clear",0.0,-0.2,-0.2,400.0,400.0,36.2,100,25.4,no
2026-08-16 22:02:46,rule3-charge,"cloudy, stop raising until clouds clear",0.0,-0.2,-0.2,400.0,400.0,36.2,100,25.4,no
2026-08-16 22:02:56,rule3-charge,"cloudy, stop raising until clouds clear",0.0,-0.1,-0.2,400.0,400.0,36.2,100,25.4,no
2026-08-16 22:03:06,rule3-charge,"cloudy, stop raising until clouds clear",0.0,-0.1,-0.2,400.0,400.0,36.2,100,25.4,no
2026-08-16 22:03:17,rule3-charge,"cloudy, stop raising until clouds clear",0.0,-0.2,-0.2,400.0,400.0,36.2,100,25.4,no
2026-08-16 22:03:27,rule3-charge,"cloudy, stop raising until clouds clear",0.0,-0.1,-0.2,400.0,400.0,36.2,100,25.4,no
2026-08-16 22:03:37,rule3-charge,"cloudy, stop raising until clouds clear",0.0,-0.2,-0.2,400.0,400.0,36.2,100,25.4,no
2026-08-16 22:03:48,rule3-charge,"cloudy, stop raising until clouds clear",0.0,-0.2,-0.2,400.0,400.0,36.2,100,25.4,no
2026-08-16 22:03:58,rule3-charge,"cloudy, stop raising until clouds clear",0.0,-0.2,-0.2,400.0,400.0,36.2,100,25.4,no
2026-08-16 22:04:08,rule3-charge,"cloudy, stop raising until clouds clear",0.0,-0.2,-0.2,400.0,400.0,36.2,100,25.4,no
2026-08-16 22:04:19,rule3-charge,"cloudy, stop raising until clouds clear",0.0,-0.2,-0.2,400.0,400.0,36.2,100,25.4,no
2026-08-16 22:04:29,rule3-charge,"cloudy, stop raising until clouds clear",0.0,-0.2,-0.2,400.0,400.0,36.2,100,25.4,no
2026-08-16 22:04:39,rule3-charge,"cloudy, stop raising until clouds clear",0.0,-0.2,-0.2,400.0,400.0,36.2,100,25.4,no
2026-08-16 22:04:50,rule3-charge,"cloudy, stop raising until clouds clear",0.0,-0.2,-0.2,400.0,400.0,36.2,100,25.4,no
2026-08-16 22:05:00,rule3-charge,"cloudy, stop raising until clouds clear",0.0,-0.2,-0.2,400.0,400.0,36.2,100,25.4,no
2026-08-16 22:05:10,rule3-charge,"cloudy, stop raising until clouds clear",0.0,-0.2,-0.2,400.0,400.0,36.2,100,25.4,no
2026-08-16 22:05:21,rule3-charge,"cloudy, stop raising until clouds clear",0.0,-0.2,-0.1,400.0,400.0,36.2,100,25.4,no
2026-08-16 22:05:31,rule3-charge,"cloudy, stop raising until clouds clear",0.0,-0.2,-0.2,400.0,400.0,36.2,100,25.4,no
2026-08-16 22:05:41,rule3-charge,"cloudy, stop raising until clouds clear",0.0,-0.2,-0.2,400.0,400.0,36.2,100,25.4,no
2026-08-16 22:05:52,rule3-charge,"cloudy, stop raising until clouds clear",0.0,-0.2,-0.2,400.0,400.0,36.2,100,25.4,no
2026-08-16 22:06:02,rule3-charge,"cloudy, stop raising until clouds clear",0.0,-0.2,-0.2,400.0,400.0,36.2,100,25.4,no
2026-08-16 22:06:12,rule3-charge,"cloudy, stop raising until clouds clear",0.0,-0.2,-0.2,400.0,400.0,36.2,100,25.4,no
2026-08-16 22:06:23,rule3-charge,"cloudy, stop raising until clouds clear",0.0,-0.2,-0.2,400.0,400.0,36.0,100,25.4,no
2026-08-16 22:06:34,rule3-charge,"cloudy, stop raising until clouds clear",0.0,-0.1,-0.2,400.0,400.0,36.0,100,25.4,no
2026-08-16 22:06:44,rule3-charge,"cloudy, stop raising until clouds clear",0.0,-0.2,-0.2,400.0,400.0,36.0,100,25.4,no
2026-08-16 22:06:54,rule3-charge,"cloudy, stop raising until clouds clear",0.0,-0.2,-0.2,400.0,400.0,36.0,100,25.4,no
2026-08-16 22:07:04,rule3-charge,"cloudy, stop raising until clouds clear",0.0,-0.2,-0.2,400.0,400.0,36.0,100,25.4,no
2026-08-16 22:07:14,rule3-charge,"cloudy, stop raising until clouds clear",0.0,-0.2,-0.2,400.0,400.0,36.0,100,25.4,no
2026-08-16 22:07:25,rule3-charge,"cloudy, stop raising until clouds clear",0.0,-0.2,-0.2,400.0,400.0,36.0,100,25.4,no
2026-08-16 22:07:35,rule3-charge,"cloudy, stop raising until clouds clear",0.0,-0.2,-0.2,400.0,400.0,36.0,100,25.4,no
2026-08-16 22:07:45,rule3-charge,"cloudy, stop raising until clouds clear",0.0,-0.2,-0.2,400.0,400.0,36.0,100,25.4,no
2026-08-16 22:07:56,rule3-charge,"cloudy, stop raising until clouds clear",0.0,-0.2,-0.2,400.0,400.0,36.0,100,25.4,no
2026-08-16 22:08:06,rule3-charge,"cloudy, stop raising until clouds clear",0.0,-0.2,-0.2,400.0,400.0,36.0,100,25.4,no
2026-08-16 22:08:16,rule3-charge,"cloudy, stop raising until clouds clear",0.0,-0.1,-0.2,400.0,400.0,36.0,100,25.4,no
2026-08-16 22:08:27,rule3-charge,"cloudy, stop raising until clouds clear",0.0,-0.2,-0.2,400.0,400.0,36.0,100,25.4,no
2026-08-16 22:08:37,rule3-charge,"cloudy, stop raising until clouds clear",0.0,-0.2,-0.2,400.0,400.0,36.0,100,25.4,no
2026-08-16 22:08:47,rule3-charge,"cloudy, stop raising until clouds clear",0.0,-0.1,-0.2,400.0,400.0,36.0,100,25.4,no
2026-08-16 22:08:58,rule3-charge,"cloudy, stop raising until clouds clear",0.0,-0.2,-0.2,400.0,400.0,36.0,100,25.4,no
2026-08-16 22:09:08,rule3-charge,"cloudy, stop raising until clouds clear",0.0,-0.2,-0.2,400.0,400.0,36.0,100,25.4,no
2026-08-16 22:09:18,rule3-charge,"cloudy, stop raising until clouds clear",0.0,-0.1,-0.2,400.0,400.0,36.0,100,25.4,no
2026-08-16 22:09:29,rule3-charge,"cloudy, stop raising until clouds clear",0.0,-0.2,-0.2,400.0,400.0,36.0,100,25.4,no
2026-08-16 22:09:39,rule3-charge,"cloudy, stop raising until clouds clear",0.0,-0.2,-0.2,400.0,400.0,36.0,100,25.4,no
2026-08-16 22:09:49,rule3-charge,"cloudy, stop raising until clouds clear",0.0,-0.2,-0.2,400.0,400.0,36.0,100,25.4,no
2026-08-16 22:10:00,rule3-charge,"cloudy, stop raising until clouds clear",0.0,-0.2,-0.2,400.0,400.0,36.0,100,25.4,no
2026-08-16 22:10:10,rule3-charge,"cloudy, stop raising until clouds clear",0.0,-0.1,-0.2,400.0,400.0,36.0,100,25.4,no
2026-08-16 22:10:20,rule3-charge,"cloudy, stop raising until clouds clear",0.0,-0.2,-0.2,400.0,400.0,36.0,100,25.4,no
2026-08-16 22:10:31,rule3-charge,"cloudy, stop raising until clouds clear",0.0,-0.2,-0.2,400.0,400.0,36.0,100,25.4,no
2026-08-16 22:10:41,rule3-charge,"cloudy, stop raising until clouds clear",0.0,-0.2,-0.2,400.0,400.0,36.0,100,25.4,no
2026-08-16 22:10:51,rule3-charge,"cloudy, stop raising until clouds clear",0.0,-0.2,-0.2,400.0,400.0,36.0,100,25.4,no
2026-08-16 22:11:02,rule3-charge,"cloudy, stop raising until clouds clear",0.0,-0.2,-0.2,400.0,400.0,36.0,100,25.4,no
2026-08-16 22:11:12,rule3-charge,"cloudy, stop raising until clouds clear",0.0,-0.2,-0.2,400.0,400.0,36.0,100,25.4,no
2026-08-16 22:11:22,rule3-charge,"cloudy, stop raising until clouds clear",0.0,-0.2,-0.2,400.0,400.0,36.0,100,25.4,no
2026-08-16 22:11:33,rule3-charge,"cloudy, stop raising until clouds clear",0.0,-0.2,-0.2,400.0,400.0,36.0,100,25.4,no
2026-08-16 22:11:43,rule3-charge,"cloudy, stop raising until clouds clear",0.0,-0.2,-0.2,400.0,400.0,36.0,100,25.4,no
2026-08-16 22:11:53,rule3-charge,"cloudy, stop raising until clouds clear",0.0,-0.2,-0.2,400.0,400.0,36.0,100,25.4,no
2026-08-16 22:12:03,rule3-charge,"cloudy, stop raising until clouds clear",0.0,-0.2,-0.2,400.0,400.0,36.0,100,25.4,no
2026-08-16 22:12:14,rule3-charge,"cloudy, stop raising until clouds clear",0.0,-0.2,-0.2,400.0,400.0,36.0,100,25.4,no
2026-08-16 22:12:24,rule3-charge,"cloudy, stop raising until clouds clear",0.0,-0.2,-0.2,400.0,400.0,36.0,100,25.4,no
2026-08-16 22:12:35,rule3-charge,"cloudy, stop raising until clouds clear",0.0,-0.1,-0.2,400.0,400.0,36.0,100,25.4,no
2026-08-16 22:12:45,rule3-charge,"cloudy, stop raising until clouds clear",0.0,-0.2,-0.2,400.0,400.0,36.0,100,25.4,no
2026-08-16 22:12:55,rule3-charge,"cloudy, stop raising until clouds clear",0.0,-0.2,-0.2,400.0,400.0,36.0,100,25.4,no
2026-08-16 22:13:06,rule3-charge,"cloudy, stop raising until clouds clear",0.0,-0.2,-0.2,400.0,400.0,36.0,100,25.4,no
2026-08-16 22:13:16,rule3-charge,"cloudy, stop raising until clouds clear",0.0,-0.2,-0.2,400.0,400.0,36.0,100,25.4,no
2026-08-16 22:13:26,rule3-charge,"cloudy, stop raising until clouds clear",0.0,-0.2,-0.2,400.0,400.0,36.0,100,25.4,no
2026-08-16 22:13:37,rule3-charge,"cloudy, stop raising until clouds clear",0.0,-0.2,-0.2,400.0,400.0,36.0,100,25.4,no
2026-08-16 22:13:47,rule3-charge,"cloudy, stop raising until clouds clear",0.0,-0.2,-0.2,400.0,400.0,36.0,100,25.4,no
2026-08-16 22:13:57,rule3-charge,"cloudy, stop raising until clouds clear",0.0,-0.2,-0.2,400.0,400.0,36.0,100,25.4,no
2026-08-16 22:14:08,rule3-charge,"cloudy, stop raising until clouds clear",0.0,-0.2,-0.2,400.0,400.0,36.0,100,25.4,no
2026-08-16 22:14:18,rule3-charge,"cloudy, stop raising until clouds clear",0.0,-0.2,-0.2,400.0,400.0,36.0,100,25.4,no
2026-08-16 22:14:28,rule3-charge,"cloudy, stop raising until clouds clear",0.0,-0.2,-0.2,400.0,400.0,36.0,100,25.4,no
2026-08-16 22:14:38,rule3-charge,"cloudy, stop raising until clouds clear",0.0,-0.2,-0.2,400.0,400.0,36.0,100,25.4,no
2026-08-16 22:14:48,rule3-charge,"charging until 95%, waiting for ESS data",0.0,-0.2,,400.0,400.0,36.0,100,25.4,no
2026-08-16 22:14:58,rule3-charge,"cloudy, stop raising until clouds clear",0.0,-0.2,-0.2,400.0,400.0,36.0,100,25.4,no
2026-08-16 22:15:10,rule3-charge,"cloudy, stop raising until clouds clear",0.0,-0.2,-0.2,400.0,400.0,36.0,100,25.3,no
2026-08-16 22:15:20,rule3-charge,"cloudy, stop raising until clouds clear",0.0,-0.2,-0.2,400.0,400.0,36.0,100,25.3,no
2026-08-16 22:15:30,rule3-charge,"cloudy, stop raising until clouds clear",0.0,-0.2,-0.2,400.0,400.0,36.0,100,25.3,no
2026-08-16 22:15:40,rule3-charge,"cloudy, stop raising until clouds clear",0.0,-0.2,-0.2,400.0,400.0,36.0,100,25.3,no
2026-08-16 22:15:50,rule3-charge,"cloudy, stop raising until clouds clear",0.0,-0.2,-0.2,400.0,400.0,36.0,100,25.3,no
2026-08-16 22:16:00,rule3-charge,"cloudy, stop raising until clouds clear",0.0,-0.2,-0.2,400.0,400.0,36.0,100,25.3,no
2026-08-16 22:16:11,rule3-charge,"cloudy, stop raising until clouds clear",0.0,-0.2,-0.2,400.0,400.0,36.0,100,25.3,no
2026-08-16 22:16:22,rule3-charge,"cloudy, stop raising until clouds clear",0.0,-0.1,-0.2,400.0,400.0,36.0,100,25.3,no
2026-08-16 22:16:32,rule3-charge,"cloudy, stop raising until clouds clear",0.0,-0.2,-0.2,400.0,400.0,35.9,100,25.3,no
2026-08-16 22:17:00,rule3-charge,"cloudy, stop raising until clouds clear",0.0,-0.1,-0.2,400.0,400.0,35.9,100,25.3,no
2026-08-16 22:17:10,rule3-charge,"cloudy, stop raising until clouds clear",0.0,-0.2,-0.2,400.0,400.0,35.9,100,25.3,no
2026-08-16 22:17:20,rule3-charge,"cloudy, stop raising until clouds clear",0.0,-0.2,-0.2,400.0,400.0,35.9,100,25.3,no
2026-08-16 22:17:30,rule3-charge,"cloudy, stop raising until clouds clear",0.0,-0.2,-0.2,400.0,400.0,35.9,100,25.3,no
2026-08-16 22:17:40,rule3-charge,"cloudy, stop raising until clouds clear",0.0,-0.2,-0.2,400.0,400.0,35.9,100,25.3,no
2026-08-16 22:17:50,rule3-charge,"cloudy, stop raising until clouds clear",0.0,-0.1,-0.2,400.0,400.0,35.9,100,25.3,no
2026-08-16 22:18:00,rule3-charge,"cloudy, stop raising until clouds clear",0.0,-0.2,-0.2,400.0,400.0,35.9,100,25.3,no
2026-08-16 22:18:10,rule3-charge,"cloudy, stop raising until clouds clear",0.0,-0.2,-0.2,400.0,400.0,35.9,100,25.3,no
2026-08-16 22:18:20,rule3-charge,"cloudy, stop raising until clouds clear",0.0,-0.1,-0.2,400.0,400.0,35.9,100,25.3,no
2026-08-16 22:18:30,rule3-charge,"cloudy, stop raising until clouds clear",0.0,-0.1,-0.2,400.0,400.0,35.9,100,25.3,no
2026-08-16 22:18:40,rule3-charge,"cloudy, stop raising until clouds clear",0.0,-0.2,-0.2,400.0,400.0,35.9,100,25.3,no
2026-08-16 22:18:50,rule3-charge,"cloudy, stop raising until clouds clear",0.0,-0.2,-0.2,400.0,400.0,35.9,100,25.3,no
2026-08-16 22:19:00,rule3-charge,"cloudy, stop raising until clouds clear",0.0,-0.2,-0.2,400.0,400.0,35.9,100,25.3,no
2026-08-16 22:19:11,rule3-charge,"cloudy, stop raising until clouds clear",0.0,-0.1,-0.2,400.0,400.0,35.9,100,25.3,no
2026-08-16 22:19:21,rule3-charge,"cloudy, stop raising until clouds clear",0.0,-0.2,-0.2,400.0,400.0,35.9,100,25.3,no
2026-08-16 22:19:31,rule3-charge,"cloudy, stop raising until clouds clear",0.0,-0.2,-0.2,400.0,400.0,35.9,100,25.3,no
2026-08-16 22:19:41,rule3-charge,"cloudy, stop raising until clouds clear",0.0,-0.2,-0.2,400.0,400.0,35.9,100,25.3,no
2026-08-16 22:19:51,rule3-charge,"cloudy, stop raising until clouds clear",0.0,-0.2,-0.2,400.0,400.0,35.9,100,25.3,no
2026-08-16 22:20:01,rule3-charge,"cloudy, stop raising until clouds clear",0.0,-0.2,-0.2,400.0,400.0,35.9,100,25.3,no
2026-08-16 22:20:11,rule3-charge,"cloudy, stop raising until clouds clear",0.0,-0.2,-0.2,400.0,400.0,35.9,100,25.3,no
2026-08-16 22:20:21,rule3-charge,"cloudy, stop raising until clouds clear",0.0,-0.2,-0.2,400.0,400.0,35.9,100,25.3,no
2026-08-16 22:20:31,rule3-charge,"cloudy, stop raising until clouds clear",0.0,-0.2,-0.2,400.0,400.0,35.9,100,25.3,no
2026-08-16 22:20:41,rule3-charge,"cloudy, stop raising until clouds clear",0.0,-0.2,-0.2,400.0,400.0,35.9,100,25.3,no
2026-08-16 22:20:51,rule3-charge,"cloudy, stop raising until clouds clear",0.0,-0.2,-0.2,400.0,400.0,35.9,100,25.3,no
2026-08-16 22:21:01,rule3-charge,"cloudy, stop raising until clouds clear",0.0,-0.1,-0.2,400.0,400.0,35.9,100,25.3,no
2026-08-16 22:21:11,rule3-charge,"cloudy, stop raising until clouds clear",0.0,-0.2,-0.2,400.0,400.0,35.9,100,25.3,no
2026-08-16 22:21:21,rule3-charge,"cloudy, stop raising until clouds clear",0.0,-0.2,-0.2,400.0,400.0,35.9,100,25.3,no
2026-08-16 22:21:31,rule3-charge,"cloudy, stop raising until clouds clear",0.0,-0.2,-0.2,400.0,400.0,35.9,100,25.3,no
2026-08-16 22:21:41,rule3-charge,"cloudy, stop raising until clouds clear",0.0,-0.2,-0.2,400.0,400.0,35.9,100,25.3,no
2026-08-16 22:21:52,rule3-charge,"cloudy, stop raising until clouds clear",0.0,-0.2,-0.2,400.0,400.0,35.9,100,25.3,no
2026-08-16 22:22:02,rule3-charge,"cloudy, stop raising until clouds clear",0.0,-0.2,-0.2,400.0,400.0,35.9,100,25.3,no
2026-08-16 22:22:12,rule3-charge,"cloudy, stop raising until clouds clear",0.0,-0.2,-0.2,400.0,400.0,35.9,100,25.3,no
2026-08-16 22:22:23,rule3-charge,"cloudy, stop raising until clouds clear",0.0,-0.2,-0.2,400.0,400.0,35.9,100,25.3,no
2026-08-16 22:22:33,rule3-charge,"cloudy, stop raising until clouds clear",0.0,-0.1,-0.2,400.0,400.0,35.9,100,25.3,no
2026-08-16 22:22:43,rule3-charge,"cloudy, stop raising until clouds clear",0.0,-0.2,-0.2,400.0,400.0,35.9,100,25.3,no
2026-08-16 22:22:54,rule3-charge,"cloudy, stop raising until clouds clear",0.0,-0.2,-0.2,400.0,400.0,35.9,100,25.3,no
2026-08-16 22:23:04,rule3-charge,"cloudy, stop raising until clouds clear",0.0,-0.2,-0.2,400.0,400.0,35.9,100,25.3,no
2026-08-16 22:23:14,rule3-charge,"cloudy, stop raising until clouds clear",0.0,-0.2,-0.2,400.0,400.0,35.9,100,25.3,no
2026-08-16 22:23:25,rule3-charge,"cloudy, stop raising until clouds clear",0.0,-0.2,-0.2,400.0,400.0,35.9,100,25.3,no
2026-08-16 22:23:35,rule3-charge,"cloudy, stop raising until clouds clear",0.0,-0.2,-0.2,400.0,400.0,35.9,100,25.3,no
2026-08-16 22:23:45,rule3-charge,"cloudy, stop raising until clouds clear",0.0,-0.2,-0.2,400.0,400.0,35.9,100,25.3,no
2026-08-16 22:23:56,rule3-charge,"cloudy, stop raising until clouds clear",0.0,-0.2,-0.2,400.0,400.0,35.9,100,25.3,no
2026-08-16 22:24:06,rule3-charge,"cloudy, stop raising until clouds clear",0.0,-0.2,-0.2,400.0,400.0,35.9,100,25.3,no
2026-08-16 22:24:16,rule3-charge,"cloudy, stop raising until clouds clear",0.0,-0.2,-0.2,400.0,400.0,35.9,100,25.3,no
2026-08-16 22:24:27,rule3-charge,"cloudy, stop raising until clouds clear",0.0,-0.2,-0.2,400.0,400.0,35.9,100,25.3,no
2026-08-16 22:24:37,rule3-charge,"cloudy, stop raising until clouds clear",0.0,-0.2,-0.2,400.0,400.0,35.9,100,25.3,no
2026-08-16 22:24:47,rule3-charge,"cloudy, stop raising until clouds clear",0.0,-0.2,-0.2,400.0,400.0,35.9,100,25.3,no
2026-08-16 22:24:58,rule3-charge,"cloudy, stop raising until clouds clear",0.0,-0.2,-0.2,400.0,400.0,35.9,100,25.3,no
2026-08-16 22:25:08,rule3-charge,"cloudy, stop raising until clouds clear",0.0,-0.2,-0.2,400.0,400.0,35.9,100,25.3,no
2026-08-16 22:25:18,rule3-charge,"cloudy, stop raising until clouds clear",0.0,-0.2,-0.2,400.0,400.0,35.9,100,25.3,no
2026-08-16 22:25:29,rule3-charge,"cloudy, stop raising until clouds clear",0.0,-0.2,-0.2,400.0,400.0,35.9,100,25.3,no
2026-08-16 22:25:39,rule3-charge,"cloudy, stop raising until clouds clear",0.0,-0.2,-0.2,400.0,400.0,35.9,100,25.3,no
2026-08-16 22:25:49,rule3-charge,"cloudy, stop raising until clouds clear",0.0,-0.2,-0.2,400.0,400.0,35.9,100,25.3,no
2026-08-16 22:26:00,rule3-charge,"cloudy, stop raising until clouds clear",0.0,-0.2,-0.2,400.0,400.0,35.9,100,25.3,no
2026-08-16 22:26:10,rule3-charge,"cloudy, stop raising until clouds clear",0.0,-0.2,-0.2,400.0,400.0,35.9,100,25.3,no
2026-08-16 22:26:20,rule3-charge,"cloudy, stop raising until clouds clear",0.0,-0.2,-0.2,400.0,400.0,35.9,100,25.3,no
2026-08-16 22:26:31,rule3-charge,"cloudy, stop raising until clouds clear",0.0,-0.2,-0.2,400.0,400.0,35.9,100,25.3,no
2026-08-16 22:26:41,rule3-charge,"cloudy, stop raising until clouds clear",0.0,-0.2,-0.2,400.0,400.0,35.9,100,25.3,no
2026-08-16 22:26:58,rule3-charge,"cloudy, stop raising until clouds clear",0.0,-0.2,-0.2,400.0,400.0,35.9,100,25.3,no
2026-08-16 22:27:08,rule3-charge,"cloudy, stop raising until clouds clear",0.0,-0.2,-0.2,400.0,400.0,35.9,100,25.3,no
2026-08-16 22:27:18,rule3-charge,"cloudy, stop raising until clouds clear",0.0,-0.2,-0.2,400.0,400.0,35.9,100,25.3,no
2026-08-16 22:27:28,rule3-charge,"cloudy, stop raising until clouds clear",0.0,-0.2,-0.2,400.0,400.0,35.9,100,25.3,no
2026-08-16 22:27:38,rule3-charge,"cloudy, stop raising until clouds clear",0.0,-0.2,-0.2,400.0,400.0,35.9,100,25.3,no
2026-08-16 22:27:48,rule3-charge,"charging until 95%, waiting for ESS data",0.0,-0.2,,400.0,400.0,35.9,100,25.3,no
2026-08-16 22:27:58,rule3-charge,"charging until 95%, waiting for ESS data",0.0,-0.1,,400.0,400.0,35.9,100,25.3,no
2026-08-16 22:28:08,rule3-charge,"cloudy, stop raising until clouds clear",0.0,-0.2,-0.2,400.0,400.0,35.9,100,25.3,no
2026-08-16 22:28:18,rule3-charge,"cloudy, stop raising until clouds clear",0.0,-0.2,-0.2,400.0,400.0,35.9,100,25.3,no
2026-08-16 22:28:28,rule3-charge,"cloudy, stop raising until clouds clear",0.0,-0.1,-0.2,400.0,400.0,35.9,100,25.3,no
2026-08-16 22:28:38,rule3-charge,"cloudy, stop raising until clouds clear",0.0,-0.2,-0.2,400.0,400.0,35.9,100,25.3,no
2026-08-16 22:28:48,rule3-charge,"cloudy, stop raising until clouds clear",0.0,-0.2,-0.2,400.0,400.0,35.9,100,25.3,no
2026-08-16 22:28:58,rule3-charge,"cloudy, stop raising until clouds clear",0.0,-0.2,-0.2,400.0,400.0,35.9,100,25.3,no
2026-08-16 22:29:08,rule3-charge,"cloudy, stop raising until clouds clear",0.0,-0.2,-0.2,400.0,400.0,35.9,100,25.3,no
2026-08-16 22:29:18,rule3-charge,"cloudy, stop raising until clouds clear",0.0,-0.2,-0.2,400.0,400.0,35.9,100,25.3,no
2026-08-16 22:29:28,rule3-charge,"cloudy, stop raising until clouds clear",0.0,-0.2,-0.2,400.0,400.0,35.9,100,25.3,no
2026-08-16 22:29:38,rule3-charge,"cloudy, stop raising until clouds clear",0.0,-0.2,-0.2,400.0,400.0,35.9,100,25.3,no
2026-08-16 22:29:48,rule3-charge,"cloudy, stop raising until clouds clear",0.0,-0.2,-0.2,400.0,400.0,35.9,100,25.3,no
2026-08-16 22:29:58,rule3-charge,"cloudy, stop raising until clouds clear",0.0,-0.2,-0.2,400.0,400.0,35.9,100,25.3,no
2026-08-16 22:30:08,rule3-charge,"cloudy, stop raising until clouds clear",0.0,-0.2,-0.2,400.0,400.0,35.9,100,25.3,no
2026-08-16 22:30:18,rule3-charge,"cloudy, stop raising until clouds clear",0.0,-0.2,-0.2,400.0,400.0,35.9,100,25.3,no
2026-08-16 22:30:28,rule3-charge,"cloudy, stop raising until clouds clear",0.0,-0.2,-0.2,400.0,400.0,35.9,100,25.3,no
2026-08-16 22:30:39,rule3-charge,"cloudy, stop raising until clouds clear",0.0,-0.2,-0.2,400.0,400.0,35.9,100,25.3,no
2026-08-16 22:30:49,rule3-charge,"cloudy, stop raising until clouds clear",0.0,-0.2,-0.1,400.0,400.0,35.9,100,25.3,no
2026-08-16 22:30:59,rule3-charge,"cloudy, stop raising until clouds clear",0.0,-0.2,-0.2,400.0,400.0,35.9,100,25.3,no
2026-08-16 22:31:10,rule3-charge,"cloudy, stop raising until clouds clear",0.0,-0.2,-0.2,400.0,400.0,35.9,100,25.3,no
2026-08-16 22:31:20,rule3-charge,"cloudy, stop raising until clouds clear",0.0,-0.1,-0.2,400.0,400.0,35.9,100,25.3,no
2026-08-16 22:31:30,rule3-charge,"cloudy, stop raising until clouds clear",0.0,-0.2,-0.2,400.0,400.0,35.9,100,25.3,no
2026-08-16 22:31:41,rule3-charge,"cloudy, stop raising until clouds clear",0.0,-0.2,-0.2,400.0,400.0,35.9,100,25.3,no
2026-08-16 22:31:51,rule3-charge,"cloudy, stop raising until clouds clear",0.0,-0.2,-0.2,400.0,400.0,35.9,100,25.3,no
2026-08-16 22:32:01,rule3-charge,"cloudy, stop raising until clouds clear",0.0,-0.1,-0.2,400.0,400.0,35.9,100,25.3,no
2026-08-16 22:32:12,rule3-charge,"cloudy, stop raising until clouds clear",0.0,-0.1,-0.2,400.0,400.0,35.9,100,25.3,no
2026-08-16 22:32:22,rule3-charge,"cloudy, stop raising until clouds clear",0.0,-0.2,-0.2,400.0,400.0,35.9,100,25.3,no
2026-08-16 22:32:32,rule3-charge,"cloudy, stop raising until clouds clear",0.0,-0.2,-0.2,400.0,400.0,35.9,100,25.3,no
2026-08-16 22:32:43,rule3-charge,"cloudy, stop raising until clouds clear",0.0,-0.2,-0.2,400.0,400.0,35.9,100,25.3,no
2026-08-16 22:32:53,rule3-charge,"cloudy, stop raising until clouds clear",0.0,-0.2,-0.2,400.0,400.0,35.9,100,25.3,no
2026-08-16 22:33:03,rule3-charge,"cloudy, stop raising until clouds clear",0.0,-0.2,-0.2,400.0,400.0,35.9,100,25.3,no
2026-08-16 22:33:14,rule3-charge,"cloudy, stop raising until clouds clear",0.0,-0.2,-0.2,400.0,400.0,35.9,100,25.3,no
2026-08-16 22:33:24,rule3-charge,"cloudy, stop raising until clouds clear",0.0,-0.2,-0.2,400.0,400.0,35.9,100,25.3,no
2026-08-16 22:33:34,rule3-charge,"cloudy, stop raising until clouds clear",0.0,-0.2,-0.2,400.0,400.0,35.9,100,25.3,no
2026-08-16 22:33:45,rule3-charge,"cloudy, stop raising until clouds clear",0.0,-0.2,-0.2,400.0,400.0,35.9,100,25.3,no
2026-08-16 22:33:55,rule3-charge,"cloudy, stop raising until clouds clear",0.0,-0.2,-0.2,400.0,400.0,35.9,100,25.3,no
2026-08-16 22:34:05,rule3-charge,"cloudy, stop raising until clouds clear",0.0,-0.2,-0.2,400.0,400.0,35.9,100,25.3,no
2026-08-16 22:34:16,rule3-charge,"cloudy, stop raising until clouds clear",0.0,-0.2,-0.2,400.0,400.0,35.9,100,25.3,no
2026-08-16 22:34:26,rule3-charge,"cloudy, stop raising until clouds clear",0.0,-0.1,-0.2,400.0,400.0,35.9,100,25.3,no
2026-08-16 22:34:36,rule3-charge,"cloudy, stop raising until clouds clear",0.0,-0.2,-0.2,400.0,400.0,35.9,100,25.3,no
2026-08-16 22:34:47,rule3-charge,"cloudy, stop raising until clouds clear",0.0,-0.2,-0.2,400.0,400.0,35.9,100,25.3,no
2026-08-16 22:34:57,rule3-charge,"cloudy, stop raising until clouds clear",0.0,-0.2,-0.2,400.0,400.0,35.9,100,25.3,no
2026-08-16 22:35:07,rule3-charge,"cloudy, stop raising until clouds clear",0.0,-0.2,-0.2,400.0,400.0,35.9,100,25.3,no
2026-08-16 22:35:18,rule3-charge,"cloudy, stop raising until clouds clear",0.0,-0.2,-0.2,400.0,400.0,35.9,100,25.3,no
2026-08-16 22:35:28,rule3-charge,"cloudy, stop raising until clouds clear",0.0,-0.2,-0.2,400.0,400.0,35.9,100,25.3,no
2026-08-16 22:35:38,rule3-charge,"cloudy, stop raising until clouds clear",0.0,-0.2,-0.2,400.0,400.0,35.9,100,25.3,no
2026-08-16 22:35:49,rule3-charge,"cloudy, stop raising until clouds clear",0.0,-0.2,-0.2,400.0,400.0,35.9,100,25.3,no
2026-08-16 22:35:59,rule3-charge,"cloudy, stop raising until clouds clear",0.0,-0.2,-0.2,400.0,400.0,35.9,100,25.3,no
2026-08-16 22:36:09,rule3-charge,"cloudy, stop raising until clouds clear",0.0,-0.2,-0.2,400.0,400.0,35.9,100,25.3,no
2026-08-16 22:36:20,rule3-charge,"cloudy, stop raising until clouds clear",0.0,-0.1,-0.2,400.0,400.0,35.9,100,25.3,no
2026-08-16 22:36:30,rule3-charge,"cloudy, stop raising until clouds clear",0.0,-0.2,-0.2,400.0,400.0,35.9,100,25.3,no
2026-08-16 22:36:40,rule3-charge,"cloudy, stop raising until clouds clear",0.0,-0.2,-0.2,400.0,400.0,35.9,100,25.3,no
2026-08-16 22:36:51,rule3-charge,"cloudy, stop raising until clouds clear",0.0,-0.2,-0.2,400.0,400.0,35.7,100,25.3,no
2026-08-16 22:37:04,rule3-charge,"cloudy, stop raising until clouds clear",0.0,-0.2,-0.2,400.0,400.0,35.7,100,25.3,no
2026-08-16 22:37:14,rule3-charge,"cloudy, stop raising until clouds clear",0.0,-0.2,-0.2,400.0,400.0,35.7,100,25.3,no
2026-08-16 22:37:24,rule3-charge,"cloudy, stop raising until clouds clear",0.0,-0.2,-0.2,400.0,400.0,35.7,100,25.3,no
2026-08-16 22:37:34,rule3-charge,"cloudy, stop raising until clouds clear",0.0,-0.2,-0.2,400.0,400.0,35.7,100,25.3,no
2026-08-16 22:37:44,rule3-charge,"cloudy, stop raising until clouds clear",0.0,-0.2,-0.2,400.0,400.0,35.7,100,25.3,no
2026-08-16 22:37:54,rule3-charge,"cloudy, stop raising until clouds clear",0.0,-0.2,-0.2,400.0,400.0,35.7,100,25.3,no
2026-08-16 22:38:04,rule3-charge,"cloudy, stop raising until clouds clear",0.0,-0.2,-0.2,400.0,400.0,35.7,100,25.3,no
2026-08-16 22:38:14,rule3-charge,"cloudy, stop raising until clouds clear",0.0,-0.1,-0.2,400.0,400.0,35.7,100,25.3,no
2026-08-16 22:38:24,rule3-charge,"cloudy, stop raising until clouds clear",0.0,-0.2,-0.2,400.0,400.0,35.7,100,25.3,no
2026-08-16 22:38:34,rule3-charge,"cloudy, stop raising until clouds clear",0.0,-0.2,-0.2,400.0,400.0,35.7,100,25.3,no
2026-08-16 22:38:44,rule3-charge,"cloudy, stop raising until clouds clear",0.0,-0.2,-0.2,400.0,400.0,35.7,100,25.2,no
2026-08-16 22:38:55,rule3-charge,"cloudy, stop raising until clouds clear",0.0,-0.2,-0.2,400.0,400.0,35.7,100,25.2,no
2026-08-16 22:39:05,rule3-charge,"cloudy, stop raising until clouds clear",0.0,-0.2,-0.2,400.0,400.0,35.7,100,25.2,no
2026-08-16 22:39:15,rule3-charge,"cloudy, stop raising until clouds clear",0.0,-0.2,-0.2,400.0,400.0,35.7,100,25.2,no
2026-08-16 22:39:26,rule3-charge,"cloudy, stop raising until clouds clear",0.0,-0.2,-0.2,400.0,400.0,35.7,100,25.2,no
2026-08-16 22:39:36,rule3-charge,"cloudy, stop raising until clouds clear",0.0,-0.2,-0.2,400.0,400.0,35.7,100,25.2,no
2026-08-16 22:39:46,rule3-charge,"cloudy, stop raising until clouds clear",0.0,-0.1,-0.2,400.0,400.0,35.7,100,25.2,no
2026-08-16 22:39:57,rule3-charge,"cloudy, stop raising until clouds clear",0.0,-0.2,-0.2,400.0,400.0,35.7,100,25.2,no
2026-08-16 22:40:07,rule3-charge,"cloudy, stop raising until clouds clear",0.0,-0.2,-0.2,400.0,400.0,35.7,100,25.2,no
2026-08-16 22:40:17,rule3-charge,"cloudy, stop raising until clouds clear",0.0,-0.1,-0.2,400.0,400.0,35.7,100,25.2,no
2026-08-16 22:40:28,rule3-charge,"cloudy, stop raising until clouds clear",0.0,-0.2,-0.2,400.0,400.0,35.7,100,25.2,no
2026-08-16 22:40:38,rule3-charge,"cloudy, stop raising until clouds clear",0.0,-0.2,-0.1,400.0,400.0,35.7,100,25.2,no
2026-08-16 22:40:48,rule3-charge,"charging until 95%, waiting for ESS data",0.0,-0.2,,400.0,400.0,35.7,100,25.2,no
2026-08-16 22:40:59,rule3-charge,"charging until 95%, waiting for ESS data",0.0,-0.2,,400.0,400.0,35.7,100,25.2,no
2026-08-16 22:41:09,rule3-charge,"cloudy, stop raising until clouds clear",0.0,-0.2,-0.2,400.0,400.0,35.7,100,25.2,no
2026-08-16 22:41:19,rule3-charge,"cloudy, stop raising until clouds clear",0.0,-0.1,-0.2,400.0,400.0,35.7,100,25.2,no
2026-08-16 22:41:30,rule3-charge,"cloudy, stop raising until clouds clear",0.0,-0.2,-0.2,400.0,400.0,35.7,100,25.2,no
2026-08-16 22:41:40,rule3-charge,"cloudy, stop raising until clouds clear",0.0,-0.2,-0.2,400.0,400.0,35.7,100,25.2,no
2026-08-16 22:41:50,rule3-charge,"cloudy, stop raising until clouds clear",0.0,-0.2,-0.2,400.0,400.0,35.7,100,25.2,no
2026-08-16 22:42:01,rule3-charge,"cloudy, stop raising until clouds clear",0.0,-0.1,-0.2,400.0,400.0,35.7,100,25.2,no
2026-08-16 22:42:11,rule3-charge,"cloudy, stop raising until clouds clear",0.0,-0.2,-0.2,400.0,400.0,35.7,100,25.2,no
2026-08-16 22:42:21,rule3-charge,"cloudy, stop raising until clouds clear",0.0,-0.2,-0.2,400.0,400.0,35.7,100,25.2,no
2026-08-16 22:42:32,rule3-charge,"cloudy, stop raising until clouds clear",0.0,-0.2,-0.2,400.0,400.0,35.7,100,25.2,no
2026-08-16 22:42:42,rule3-charge,"cloudy, stop raising until clouds clear",0.0,-0.2,-0.1,400.0,400.0,35.7,100,25.2,no
2026-08-16 22:42:52,rule3-charge,"cloudy, stop raising until clouds clear",0.0,-0.2,-0.2,400.0,400.0,35.7,100,25.2,no
2026-08-16 22:43:03,rule3-charge,"cloudy, stop raising until clouds clear",0.0,-0.2,-0.2,400.0,400.0,35.7,100,25.2,no
2026-08-16 22:43:13,rule3-charge,"cloudy, stop raising until clouds clear",0.0,-0.2,-0.2,400.0,400.0,35.7,100,25.2,no
2026-08-16 22:43:23,rule3-charge,"cloudy, stop raising until clouds clear",0.0,-0.2,-0.2,400.0,400.0,35.7,100,25.2,no
2026-08-16 22:43:34,rule3-charge,"cloudy, stop raising until clouds clear",0.0,-0.2,-0.2,400.0,400.0,35.7,100,25.2,no
2026-08-16 22:43:44,rule3-charge,"cloudy, stop raising until clouds clear",0.0,-0.2,-0.2,400.0,400.0,35.7,100,25.2,no
2026-08-16 22:43:54,rule3-charge,"cloudy, stop raising until clouds clear",0.0,-0.2,-0.2,400.0,400.0,35.7,100,25.2,no
2026-08-16 22:44:05,rule3-charge,"cloudy, stop raising until clouds clear",0.0,-0.2,-0.2,400.0,400.0,35.7,100,25.2,no
2026-08-16 22:44:15,rule3-charge,"cloudy, stop raising until clouds clear",0.0,-0.2,-0.2,400.0,400.0,35.7,100,25.2,no
2026-08-16 22:44:25,rule3-charge,"cloudy, stop raising until clouds clear",0.0,-0.2,-0.2,400.0,400.0,35.7,100,25.2,no
2026-08-16 22:44:36,rule3-charge,"cloudy, stop raising until clouds clear",0.0,-0.2,-0.2,400.0,400.0,35.7,100,25.2,no
2026-08-16 22:44:46,rule3-charge,"cloudy, stop raising until clouds clear",0.0,-0.2,-0.2,400.0,400.0,35.7,100,25.2,no
2026-08-16 22:44:56,rule3-charge,"cloudy, stop raising until clouds clear",0.0,-0.2,-0.2,400.0,400.0,35.7,100,25.2,no
2026-08-16 22:45:07,rule3-charge,"cloudy, stop raising until clouds clear",0.0,-0.2,-0.2,400.0,400.0,35.7,100,25.2,no
2026-08-16 22:45:17,rule3-charge,"cloudy, stop raising until clouds clear",0.0,-0.2,-0.2,400.0,400.0,35.7,100,25.2,no
2026-08-16 22:45:27,rule3-charge,"cloudy, stop raising until clouds clear",0.0,-0.2,-0.2,400.0,400.0,35.7,100,25.2,no
2026-08-16 22:45:38,rule3-charge,"cloudy, stop raising until clouds clear",0.0,-0.2,-0.2,400.0,400.0,35.7,100,25.2,no
2026-08-16 22:45:48,rule3-charge,"cloudy, stop raising until clouds clear",0.0,-0.2,-0.2,400.0,400.0,35.7,100,25.2,no
2026-08-16 22:45:58,rule3-charge,"cloudy, stop raising until clouds clear",0.0,-0.2,-0.2,400.0,400.0,35.7,100,25.2,no
2026-08-16 22:46:09,rule3-charge,"cloudy, stop raising until clouds clear",0.0,-0.2,-0.2,400.0,400.0,35.7,100,25.2,no
2026-08-16 22:46:19,rule3-charge,"cloudy, stop raising until clouds clear",0.0,-0.2,-0.2,400.0,400.0,35.7,100,25.2,no
2026-08-16 22:46:29,rule3-charge,"cloudy, stop raising until clouds clear",0.0,-0.2,-0.2,400.0,400.0,35.7,100,25.2,no
2026-08-16 22:46:40,rule3-charge,"cloudy, stop raising until clouds clear",0.0,-0.2,-0.2,400.0,400.0,35.7,100,25.2,no
2026-08-16 22:46:50,rule3-charge,"cloudy, stop raising until clouds clear",0.0,-0.2,-0.2,400.0,400.0,35.7,100,25.2,no
2026-08-16 22:47:00,rule3-charge,"cloudy, stop raising until clouds clear",0.0,-0.1,-0.2,400.0,400.0,35.6,100,25.2,no
2026-08-16 22:47:23,rule3-charge,"cloudy, stop raising until clouds clear",0.0,-0.1,-0.2,400.0,400.0,35.6,100,25.2,no
2026-08-16 22:47:33,rule3-charge,"cloudy, stop raising until clouds clear",0.0,-0.2,-0.2,400.0,400.0,35.6,100,25.2,no
2026-08-16 22:47:43,rule3-charge,"cloudy, stop raising until clouds clear",0.0,-0.2,-0.2,400.0,400.0,35.6,100,25.2,no
2026-08-16 22:47:53,rule3-charge,"cloudy, stop raising until clouds clear",0.0,-0.2,-0.2,400.0,400.0,35.6,100,25.2,no
2026-08-16 22:48:03,rule3-charge,"cloudy, stop raising until clouds clear",0.0,-0.2,-0.2,400.0,400.0,35.6,100,25.2,no
2026-08-16 22:48:13,rule3-charge,"cloudy, stop raising until clouds clear",0.0,-0.2,-0.2,400.0,400.0,35.6,100,25.2,no
2026-08-16 22:48:23,rule3-charge,"cloudy, stop raising until clouds clear",0.0,-0.2,-0.2,400.0,400.0,35.6,100,25.2,no
2026-08-16 22:48:33,rule3-charge,"cloudy, stop raising until clouds clear",0.0,-0.1,-0.2,400.0,400.0,35.6,100,25.2,no
2026-08-16 22:48:44,rule3-charge,"cloudy, stop raising until clouds clear",0.0,-0.2,-0.2,400.0,400.0,35.6,100,25.2,no
2026-08-16 22:48:54,rule3-charge,"cloudy, stop raising until clouds clear",0.0,-0.1,-0.2,400.0,400.0,35.6,100,25.2,no
2026-08-16 22:49:04,rule3-charge,"cloudy, stop raising until clouds clear",0.0,-0.1,-0.2,400.0,400.0,35.6,100,25.2,no
2026-08-16 22:49:15,rule3-charge,"cloudy, stop raising until clouds clear",0.0,-0.2,-0.2,400.0,400.0,35.6,100,25.2,no
2026-08-16 22:49:25,rule3-charge,"cloudy, stop raising until clouds clear",0.0,-0.2,-0.2,400.0,400.0,35.6,100,25.2,no
2026-08-16 22:49:35,rule3-charge,"cloudy, stop raising until clouds clear",0.0,-0.2,-0.2,400.0,400.0,35.6,100,25.2,no
2026-08-16 22:49:46,rule3-charge,"cloudy, stop raising until clouds clear",0.0,-0.2,-0.2,400.0,400.0,35.6,100,25.2,no
2026-08-16 22:49:56,rule3-charge,"cloudy, stop raising until clouds clear",0.0,-0.2,-0.2,400.0,400.0,35.6,100,25.2,no
2026-08-16 22:50:06,rule3-charge,"cloudy, stop raising until clouds clear",0.0,-0.2,-0.2,400.0,400.0,35.6,100,25.2,no
2026-08-16 22:50:17,rule3-charge,"cloudy, stop raising until clouds clear",0.0,-0.2,-0.2,400.0,400.0,35.6,100,25.2,no
2026-08-16 22:50:27,rule3-charge,"cloudy, stop raising until clouds clear",0.0,-0.2,-0.2,400.0,400.0,35.6,100,25.2,no
2026-08-16 22:50:37,rule3-charge,"cloudy, stop raising until clouds clear",0.0,-0.2,-0.2,400.0,400.0,35.6,100,25.2,no
2026-08-16 22:50:48,rule3-charge,"cloudy, stop raising until clouds clear",0.0,-0.2,-0.2,400.0,400.0,35.6,100,25.2,no
2026-08-16 22:50:58,rule3-charge,"cloudy, stop raising until clouds clear",0.0,-0.2,-0.2,400.0,400.0,35.6,100,25.2,no
2026-08-16 22:51:11,rule3-charge,"cloudy, stop raising until clouds clear",0.0,-0.2,-0.2,400.0,400.0,35.6,100,25.2,no
2026-08-16 22:51:21,rule3-charge,"cloudy, stop raising until clouds clear",0.0,-0.2,-0.2,400.0,400.0,35.6,100,25.2,no
2026-08-16 22:51:31,rule3-charge,"cloudy, stop raising until clouds clear",0.0,-0.2,-0.2,400.0,400.0,35.6,100,25.2,no
2026-08-16 22:51:41,rule3-charge,"cloudy, stop raising until clouds clear",0.0,-0.2,-0.2,400.0,400.0,35.6,100,25.2,no
2026-08-16 22:51:51,rule3-charge,"cloudy, stop raising until clouds clear",0.0,-0.2,-0.1,400.0,400.0,35.6,100,25.2,no
2026-08-16 22:52:01,rule3-charge,"cloudy, stop raising until clouds clear",0.0,-0.2,-0.2,400.0,400.0,35.6,100,25.2,no
2026-08-16 22:52:11,rule3-charge,"cloudy, stop raising until clouds clear",0.0,-0.2,-0.2,400.0,400.0,35.6,100,25.2,no
2026-08-16 22:52:21,rule3-charge,"cloudy, stop raising until clouds clear",0.0,-0.2,-0.2,400.0,400.0,35.6,100,25.2,no
2026-08-16 22:52:31,rule3-charge,"cloudy, stop raising until clouds clear",0.0,-0.2,-0.2,400.0,400.0,35.6,100,25.2,no
2026-08-16 22:52:41,rule3-charge,"cloudy, stop raising until clouds clear",0.0,-0.2,-0.2,400.0,400.0,35.6,100,25.2,no
2026-08-16 22:52:51,rule3-charge,"cloudy, stop raising until clouds clear",0.0,-0.2,-0.2,400.0,400.0,35.6,100,25.2,no
2026-08-16 22:53:01,rule3-charge,"cloudy, stop raising until clouds clear",0.0,-0.2,-0.2,400.0,400.0,35.6,100,25.2,no
2026-08-16 22:53:11,rule3-charge,"cloudy, stop raising until clouds clear",0.0,-0.2,-0.2,400.0,400.0,35.6,100,25.2,no
2026-08-16 22:53:22,rule3-charge,"cloudy, stop raising until clouds clear",0.0,-0.2,-0.2,400.0,400.0,35.6,100,25.2,no
2026-08-16 22:53:32,rule3-charge,"cloudy, stop raising until clouds clear",0.0,-0.2,-0.2,400.0,400.0,35.6,100,25.2,no
2026-08-16 22:53:42,rule3-charge,"cloudy, stop raising until clouds clear",0.0,-0.2,-0.2,400.0,400.0,35.6,100,25.2,no
2026-08-16 22:53:53,rule3-charge,"charging until 95%, waiting for ESS data",0.0,-0.1,,400.0,400.0,35.6,100,25.2,no
2026-08-16 22:54:03,rule3-charge,"cloudy, stop raising until clouds clear",0.0,-0.2,-0.2,400.0,400.0,35.6,100,25.2,no
2026-08-16 22:54:13,rule3-charge,"cloudy, stop raising until clouds clear",0.0,-0.2,-0.2,400.0,400.0,35.6,100,25.2,no
2026-08-16 22:54:24,rule3-charge,"cloudy, stop raising until clouds clear",0.0,-0.2,-0.2,400.0,400.0,35.6,100,25.2,no
2026-08-16 22:54:34,rule3-charge,"cloudy, stop raising until clouds clear",0.0,-0.2,-0.2,400.0,400.0,35.6,100,25.2,no
2026-08-16 22:54:44,rule3-charge,"cloudy, stop raising until clouds clear",0.0,-0.2,-0.2,400.0,400.0,35.6,100,25.2,no
2026-08-16 22:54:55,rule3-charge,"cloudy, stop raising until clouds clear",0.0,-0.2,-0.2,400.0,400.0,35.6,100,25.2,no
2026-08-16 22:55:05,rule3-charge,"cloudy, stop raising until clouds clear",0.0,-0.2,-0.2,400.0,400.0,35.6,100,25.2,no
2026-08-16 22:55:15,rule3-charge,"cloudy, stop raising until clouds clear",0.0,-0.2,-0.2,400.0,400.0,35.6,100,25.2,no
2026-08-16 22:55:26,rule3-charge,"cloudy, stop raising until clouds clear",0.0,-0.2,-0.2,400.0,400.0,35.6,100,25.2,no
2026-08-16 22:55:36,rule3-charge,"cloudy, stop raising until clouds clear",0.0,-0.2,-0.2,400.0,400.0,35.6,100,25.2,no
2026-08-16 22:55:46,rule3-charge,"cloudy, stop raising until clouds clear",0.0,-0.2,-0.2,400.0,400.0,35.6,100,25.2,no
2026-08-16 22:55:57,rule3-charge,"cloudy, stop raising until clouds clear",0.0,-0.2,-0.2,400.0,400.0,35.6,100,25.2,no
2026-08-16 22:56:07,rule3-charge,"cloudy, stop raising until clouds clear",0.0,-0.2,-0.2,400.0,400.0,35.6,100,25.2,no
2026-08-16 22:56:17,rule3-charge,"cloudy, stop raising until clouds clear",0.0,-0.2,-0.2,400.0,400.0,35.6,100,25.2,no
2026-08-16 22:56:28,rule3-charge,"cloudy, stop raising until clouds clear",0.0,-0.2,-0.2,400.0,400.0,35.6,100,25.2,no
2026-08-16 22:56:38,rule3-charge,"cloudy, stop raising until clouds clear",0.0,-0.1,-0.2,400.0,400.0,35.6,100,25.2,no
2026-08-16 22:56:48,rule3-charge,"cloudy, stop raising until clouds clear",0.0,-0.2,-0.2,400.0,400.0,35.6,100,25.2,no
2026-08-16 22:56:59,rule3-charge,"cloudy, stop raising until clouds clear",0.0,-0.2,-0.2,400.0,400.0,35.6,100,25.2,no
2026-08-16 22:57:09,rule3-charge,"cloudy, stop raising until clouds clear",0.0,-0.2,-0.2,400.0,400.0,35.6,100,25.2,no
2026-08-16 22:57:23,rule3-charge,"cloudy, stop raising until clouds clear",0.0,-0.2,-0.2,400.0,400.0,35.6,100,25.2,no
2026-08-16 22:57:33,rule3-charge,"cloudy, stop raising until clouds clear",0.0,-0.2,-0.2,400.0,400.0,35.6,100,25.2,no
2026-08-16 22:57:44,rule3-charge,"cloudy, stop raising until clouds clear",0.0,-0.2,-0.2,400.0,400.0,35.6,100,25.2,no
2026-08-16 22:57:54,rule3-charge,"cloudy, stop raising until clouds clear",0.0,-0.2,-0.2,400.0,400.0,35.6,100,25.2,no
2026-08-16 22:58:04,rule3-charge,"cloudy, stop raising until clouds clear",0.0,-0.2,-0.2,400.0,400.0,35.6,100,25.2,no
2026-08-16 22:58:14,rule3-charge,"cloudy, stop raising until clouds clear",0.0,-0.1,-0.2,400.0,400.0,35.6,100,25.2,no
2026-08-16 22:58:24,rule3-charge,"cloudy, stop raising until clouds clear",0.0,-0.2,-0.2,400.0,400.0,35.6,100,25.2,no
2026-08-16 22:58:34,rule3-charge,"cloudy, stop raising until clouds clear",0.0,-0.2,-0.2,400.0,400.0,35.6,100,25.2,no
2026-08-16 22:58:44,rule3-charge,"cloudy, stop raising until clouds clear",0.0,-0.2,-0.2,400.0,400.0,35.6,100,25.2,no
2026-08-16 22:58:54,rule3-charge,"cloudy, stop raising until clouds clear",0.0,-0.2,-0.2,400.0,400.0,35.6,100,25.2,no
2026-08-16 22:59:04,rule3-charge,"cloudy, stop raising until clouds clear",0.0,-0.2,-0.2,400.0,400.0,35.6,100,25.2,no
2026-08-16 22:59:14,rule3-charge,"cloudy, stop raising until clouds clear",0.0,-0.2,-0.2,400.0,400.0,35.6,100,25.2,no
2026-08-16 22:59:24,rule3-charge,"cloudy, stop raising until clouds clear",0.0,-0.2,-0.2,400.0,400.0,35.6,100,25.2,no
2026-08-16 22:59:34,rule3-charge,"cloudy, stop raising until clouds clear",0.0,-0.2,-0.2,400.0,400.0,35.6,100,25.2,no
2026-08-16 22:59:44,rule3-charge,"cloudy, stop raising until clouds clear",0.0,-0.1,-0.2,400.0,400.0,35.6,100,25.2,no
2026-08-16 22:59:54,rule3-charge,"cloudy, stop raising until clouds clear",0.0,-0.2,-0.2,400.0,400.0,35.6,100,25.2,no
2026-08-16 23:00:05,rule3-charge,"cloudy, stop raising until clouds clear",0.0,-0.2,-0.2,400.0,400.0,35.6,100,25.2,no
2026-08-16 23:00:15,rule3-charge,"cloudy, stop raising until clouds clear",0.0,-0.2,-0.2,400.0,400.0,35.6,100,25.2,no
2026-08-16 23:00:25,rule3-charge,"cloudy, stop raising until clouds clear",0.0,-0.2,-0.2,400.0,400.0,35.6,100,25.2,no
2026-08-16 23:00:36,rule3-charge,"cloudy, stop raising until clouds clear",0.0,-0.2,-0.2,400.0,400.0,35.6,100,25.2,no
2026-08-16 23:00:46,rule3-charge,"cloudy, stop raising until clouds clear",0.0,-0.2,-0.2,400.0,400.0,35.6,100,25.2,no
2026-08-16 23:00:56,rule3-charge,"cloudy, stop raising until clouds clear",0.0,-0.2,-0.2,400.0,400.0,35.6,100,25.2,no
2026-08-16 23:01:07,rule3-charge,"cloudy, stop raising until clouds clear",0.0,-0.2,-0.2,400.0,400.0,35.6,100,25.2,no
2026-08-16 23:01:17,rule3-charge,"cloudy, stop raising until clouds clear",0.0,-0.2,-0.2,400.0,400.0,35.6,100,25.2,no
2026-08-16 23:01:27,rule3-charge,"cloudy, stop raising until clouds clear",0.0,-0.2,-0.2,400.0,400.0,35.6,100,25.2,no
2026-08-16 23:01:38,rule3-charge,"cloudy, stop raising until clouds clear",0.0,-0.2,-0.2,400.0,400.0,35.6,100,25.2,no
2026-08-16 23:01:48,rule3-charge,"cloudy, stop raising until clouds clear",0.0,-0.2,-0.2,400.0,400.0,35.6,100,25.2,no
2026-08-16 23:01:58,rule3-charge,"cloudy, stop raising until clouds clear",0.0,-0.2,-0.2,400.0,400.0,35.6,100,25.2,no
2026-08-16 23:02:09,rule3-charge,"cloudy, stop raising until clouds clear",0.0,-0.2,-0.2,400.0,400.0,35.6,100,25.2,no
2026-08-16 23:02:19,rule3-charge,"cloudy, stop raising until clouds clear",0.0,-0.1,-0.2,400.0,400.0,35.6,100,25.2,no
2026-08-16 23:02:29,rule3-charge,"cloudy, stop raising until clouds clear",0.0,-0.2,-0.2,400.0,400.0,35.6,100,25.2,no
2026-08-16 23:02:40,rule3-charge,"cloudy, stop raising until clouds clear",0.0,-0.2,-0.2,400.0,400.0,35.6,100,25.1,no
2026-08-16 23:02:50,rule3-charge,"cloudy, stop raising until clouds clear",0.0,-0.2,-0.2,400.0,400.0,35.6,100,25.1,no
2026-08-16 23:03:00,rule3-charge,"cloudy, stop raising until clouds clear",0.0,-0.2,-0.2,400.0,400.0,35.6,100,25.1,no
2026-08-16 23:03:11,rule3-charge,"cloudy, stop raising until clouds clear",0.0,-0.2,-0.2,400.0,400.0,35.6,100,25.1,no
2026-08-16 23:03:21,rule3-charge,"cloudy, stop raising until clouds clear",0.0,-0.2,-0.2,400.0,400.0,35.6,100,25.1,no
2026-08-16 23:03:31,rule3-charge,"cloudy, stop raising until clouds clear",0.0,-0.2,-0.2,400.0,400.0,35.6,100,25.1,no
2026-08-16 23:03:41,rule3-charge,"cloudy, stop raising until clouds clear",0.0,-0.2,-0.2,400.0,400.0,35.6,100,25.1,no
2026-08-16 23:03:51,rule3-charge,"cloudy, stop raising until clouds clear",0.0,-0.2,-0.2,400.0,400.0,35.6,100,25.1,no
2026-08-16 23:04:01,rule3-charge,"cloudy, stop raising until clouds clear",0.0,-0.2,-0.2,400.0,400.0,35.6,100,25.1,no
2026-08-16 23:04:13,rule3-charge,"cloudy, stop raising until clouds clear",0.0,-0.2,-0.2,400.0,400.0,35.6,100,25.1,no
2026-08-16 23:04:23,rule3-charge,"cloudy, stop raising until clouds clear",0.0,-0.2,-0.2,400.0,400.0,35.6,100,25.1,no
2026-08-16 23:04:33,rule3-charge,"cloudy, stop raising until clouds clear",0.0,-0.2,-0.2,400.0,400.0,35.6,100,25.1,no
2026-08-16 23:04:44,rule3-charge,"cloudy, stop raising until clouds clear",0.0,-0.2,-0.2,400.0,400.0,35.6,100,25.1,no
2026-08-16 23:04:54,rule3-charge,"cloudy, stop raising until clouds clear",0.0,-0.2,-0.2,400.0,400.0,35.6,100,25.1,no
2026-08-16 23:05:04,rule3-charge,"cloudy, stop raising until clouds clear",0.0,-0.2,-0.2,400.0,400.0,35.6,100,25.1,no
2026-08-16 23:05:15,rule3-charge,"cloudy, stop raising until clouds clear",0.0,-0.1,-0.2,400.0,400.0,35.6,100,25.1,no
2026-08-16 23:05:25,rule3-charge,"cloudy, stop raising until clouds clear",0.0,-0.1,-0.2,400.0,400.0,35.6,100,25.1,no
2026-08-16 23:05:35,rule3-charge,"cloudy, stop raising until clouds clear",0.0,-0.2,-0.2,400.0,400.0,35.6,100,25.1,no
2026-08-16 23:05:46,rule3-charge,"cloudy, stop raising until clouds clear",0.0,-0.1,-0.2,400.0,400.0,35.6,100,25.1,no
2026-08-16 23:05:56,rule3-charge,"cloudy, stop raising until clouds clear",0.0,-0.2,-0.2,400.0,400.0,35.6,100,25.1,no
2026-08-16 23:06:06,rule3-charge,"cloudy, stop raising until clouds clear",0.0,-0.2,-0.2,400.0,400.0,35.6,100,25.1,no
2026-08-16 23:06:17,rule3-charge,"cloudy, stop raising until clouds clear",0.0,-0.2,-0.2,400.0,400.0,35.6,100,25.1,no
2026-08-16 23:06:27,rule3-charge,"cloudy, stop raising until clouds clear",0.0,-0.2,-0.2,400.0,400.0,35.6,100,25.1,no
2026-08-16 23:06:37,rule3-charge,"cloudy, stop raising until clouds clear",0.0,-0.2,-0.2,400.0,400.0,35.6,100,25.1,no
2026-08-16 23:06:47,rule3-charge,"cloudy, stop raising until clouds clear",0.0,-0.2,-0.2,400.0,400.0,35.6,100,25.1,no
2026-08-16 23:06:57,rule3-charge,"charging until 95%, waiting for ESS data",0.0,-0.2,,400.0,400.0,35.6,100,25.1,no
2026-08-16 23:07:08,rule3-charge,"cloudy, stop raising until clouds clear",0.0,-0.2,-0.2,400.0,400.0,35.6,100,25.1,no
2026-08-16 23:07:18,rule3-charge,"cloudy, stop raising until clouds clear",0.0,-0.2,-0.2,400.0,400.0,35.4,100,25.1,no
2026-08-16 23:07:29,rule3-charge,"cloudy, stop raising until clouds clear",0.0,-0.2,-0.2,400.0,400.0,35.4,100,25.1,no
2026-08-16 23:07:39,rule3-charge,"cloudy, stop raising until clouds clear",0.0,-0.2,-0.2,400.0,400.0,35.4,100,25.1,no
2026-08-16 23:07:50,rule3-charge,"cloudy, stop raising until clouds clear",0.0,-0.2,-0.2,400.0,400.0,35.4,100,25.1,no
2026-08-16 23:08:00,rule3-charge,"cloudy, stop raising until clouds clear",0.0,-0.2,-0.2,400.0,400.0,35.4,100,25.1,no
2026-08-16 23:08:10,rule3-charge,"cloudy, stop raising until clouds clear",0.0,-0.2,-0.2,400.0,400.0,35.4,100,25.1,no
2026-08-16 23:08:21,rule3-charge,"cloudy, stop raising until clouds clear",0.0,-0.2,-0.2,400.0,400.0,35.4,100,25.1,no
2026-08-16 23:08:31,rule3-charge,"cloudy, stop raising until clouds clear",0.0,-0.2,-0.2,400.0,400.0,35.4,100,25.1,no
2026-08-16 23:08:41,rule3-charge,"cloudy, stop raising until clouds clear",0.0,-0.2,-0.2,400.0,400.0,35.4,100,25.1,no
2026-08-16 23:08:52,rule3-charge,"cloudy, stop raising until clouds clear",0.0,-0.2,-0.2,400.0,400.0,35.4,100,25.1,no
2026-08-16 23:09:02,rule3-charge,"cloudy, stop raising until clouds clear",0.0,-0.2,-0.2,400.0,400.0,35.4,100,25.1,no
2026-08-16 23:09:12,rule3-charge,"cloudy, stop raising until clouds clear",0.0,-0.2,-0.2,400.0,400.0,35.4,100,25.1,no
2026-08-16 23:09:23,rule3-charge,"cloudy, stop raising until clouds clear",0.0,-0.2,-0.2,400.0,400.0,35.4,100,25.1,no
2026-08-16 23:09:33,rule3-charge,"cloudy, stop raising until clouds clear",0.0,-0.2,-0.2,400.0,400.0,35.4,100,25.1,no
2026-08-16 23:09:43,rule3-charge,"cloudy, stop raising until clouds clear",0.0,-0.2,-0.2,400.0,400.0,35.4,100,25.1,no
2026-08-16 23:09:53,rule3-charge,"cloudy, stop raising until clouds clear",0.0,-0.2,-0.2,400.0,400.0,35.4,100,25.1,no
2026-08-16 23:10:04,rule3-charge,"cloudy, stop raising until clouds clear",0.0,-0.2,-0.2,400.0,400.0,35.4,100,25.1,no
2026-08-16 23:10:14,rule3-charge,"cloudy, stop raising until clouds clear",0.0,-0.2,-0.2,400.0,400.0,35.4,100,25.1,no
2026-08-16 23:10:24,rule3-charge,"cloudy, stop raising until clouds clear",0.0,-0.2,-0.2,400.0,400.0,35.4,100,25.1,no
2026-08-16 23:10:34,rule3-charge,"cloudy, stop raising until clouds clear",0.0,-0.2,-0.2,400.0,400.0,35.4,100,25.1,no
2026-08-16 23:10:44,rule3-charge,"cloudy, stop raising until clouds clear",0.0,-0.2,-0.2,400.0,400.0,35.4,100,25.1,no
2026-08-16 23:10:56,rule3-charge,"cloudy, stop raising until clouds clear",0.0,-0.2,-0.2,400.0,400.0,35.4,100,25.1,no
2026-08-16 23:11:06,rule3-charge,"cloudy, stop raising until clouds clear",0.0,-0.2,-0.2,400.0,400.0,35.4,100,25.1,no
2026-08-16 23:11:16,rule3-charge,"cloudy, stop raising until clouds clear",0.0,-0.2,-0.2,400.0,400.0,35.4,100,25.1,no
2026-08-16 23:11:26,rule3-charge,"cloudy, stop raising until clouds clear",0.0,-0.2,-0.2,400.0,400.0,35.4,100,25.1,no
2026-08-16 23:11:36,rule3-charge,"cloudy, stop raising until clouds clear",0.0,-0.2,-0.2,400.0,400.0,35.4,100,25.1,no
2026-08-16 23:11:46,rule3-charge,"cloudy, stop raising until clouds clear",0.0,-0.2,-0.2,400.0,400.0,35.4,100,25.1,no
2026-08-16 23:11:57,rule3-charge,"cloudy, stop raising until clouds clear",0.0,-0.2,-0.2,400.0,400.0,35.4,100,25.1,no
2026-08-16 23:12:07,rule3-charge,"cloudy, stop raising until clouds clear",0.0,-0.1,-0.2,400.0,400.0,35.4,100,25.1,no
2026-08-16 23:12:17,rule3-charge,"cloudy, stop raising until clouds clear",0.0,-0.2,-0.2,400.0,400.0,35.4,100,25.1,no
2026-08-16 23:12:28,rule3-charge,"cloudy, stop raising until clouds clear",0.0,-0.2,-0.2,400.0,400.0,35.4,100,25.1,no
2026-08-16 23:12:38,rule3-charge,"cloudy, stop raising until clouds clear",0.0,-0.2,-0.2,400.0,400.0,35.4,100,25.1,no
2026-08-16 23:12:48,rule3-charge,"cloudy, stop raising until clouds clear",0.0,-0.2,-0.2,400.0,400.0,35.4,100,25.1,no
2026-08-16 23:12:59,rule3-charge,"cloudy, stop raising until clouds clear",0.0,-0.2,-0.2,400.0,400.0,35.4,100,25.1,no
2026-08-16 23:13:09,rule3-charge,"cloudy, stop raising until clouds clear",0.0,-0.2,-0.2,400.0,400.0,35.4,100,25.1,no
2026-08-16 23:13:19,rule3-charge,"cloudy, stop raising until clouds clear",0.0,-0.2,-0.2,400.0,400.0,35.4,100,25.1,no
2026-08-16 23:13:30,rule3-charge,"cloudy, stop raising until clouds clear",0.0,-0.1,-0.2,400.0,400.0,35.4,100,25.1,no
2026-08-16 23:13:40,rule3-charge,"cloudy, stop raising until clouds clear",0.0,-0.2,-0.2,400.0,400.0,35.4,100,25.1,no
2026-08-16 23:13:50,rule3-charge,"cloudy, stop raising until clouds clear",0.0,-0.2,-0.2,400.0,400.0,35.4,100,25.1,no
2026-08-16 23:14:01,rule3-charge,"cloudy, stop raising until clouds clear",0.0,-0.2,-0.2,400.0,400.0,35.4,100,25.1,no
2026-08-16 23:14:11,rule3-charge,"cloudy, stop raising until clouds clear",0.0,-0.2,-0.2,400.0,400.0,35.4,100,25.1,no
2026-08-16 23:14:21,rule3-charge,"cloudy, stop raising until clouds clear",0.0,-0.2,-0.2,400.0,400.0,35.4,100,25.1,no
2026-08-16 23:14:33,rule3-charge,"cloudy, stop raising until clouds clear",0.0,-0.2,-0.2,400.0,400.0,35.4,100,25.1,no
2026-08-16 23:14:43,rule3-charge,"cloudy, stop raising until clouds clear",0.0,-0.2,-0.2,400.0,400.0,35.4,100,25.1,no
2026-08-16 23:14:53,rule3-charge,"cloudy, stop raising until clouds clear",0.0,-0.2,-0.2,400.0,400.0,35.4,100,25.1,no
2026-08-16 23:15:03,rule3-charge,"cloudy, stop raising until clouds clear",0.0,-0.2,-0.2,400.0,400.0,35.4,100,25.1,no
2026-08-16 23:15:13,rule3-charge,"cloudy, stop raising until clouds clear",0.0,-0.2,-0.2,400.0,400.0,35.4,100,25.1,no
2026-08-16 23:15:23,rule3-charge,"cloudy, stop raising until clouds clear",0.0,-0.2,-0.2,400.0,400.0,35.4,100,25.1,no
2026-08-16 23:15:34,rule3-charge,"cloudy, stop raising until clouds clear",0.0,-0.2,-0.2,400.0,400.0,35.4,100,25.1,no
2026-08-16 23:15:44,rule3-charge,"cloudy, stop raising until clouds clear",0.0,-0.2,-0.2,400.0,400.0,35.4,100,25.1,no
2026-08-16 23:15:54,rule3-charge,"cloudy, stop raising until clouds clear",0.0,-0.2,-0.2,400.0,400.0,35.4,100,25.1,no
2026-08-16 23:16:05,rule3-charge,"cloudy, stop raising until clouds clear",0.0,-0.2,-0.2,400.0,400.0,35.4,100,25.1,no
2026-08-16 23:16:15,rule3-charge,"cloudy, stop raising until clouds clear",0.0,-0.2,-0.2,400.0,400.0,35.4,100,25.1,no
2026-08-16 23:16:25,rule3-charge,"cloudy, stop raising until clouds clear",0.0,-0.2,-0.2,400.0,400.0,35.4,100,25.1,no
2026-08-16 23:16:36,rule3-charge,"cloudy, stop raising until clouds clear",0.0,-0.2,-0.2,400.0,400.0,35.4,100,25.1,no
2026-08-16 23:16:46,rule3-charge,"cloudy, stop raising until clouds clear",0.0,-0.2,-0.2,400.0,400.0,35.4,100,25.1,no
2026-08-16 23:16:56,rule3-charge,"cloudy, stop raising until clouds clear",0.0,-0.2,-0.2,400.0,400.0,35.4,100,25.1,no
2026-08-16 23:17:07,rule3-charge,"cloudy, stop raising until clouds clear",0.0,-0.2,-0.2,400.0,400.0,35.4,100,25.1,no
2026-08-16 23:17:17,rule3-charge,"cloudy, stop raising until clouds clear",0.0,-0.2,-0.1,400.0,400.0,35.4,100,25.1,no
2026-08-16 23:17:27,rule3-charge,"cloudy, stop raising until clouds clear",0.0,-0.2,-0.2,400.0,400.0,34.0,93,25.1,no
2026-08-16 23:17:49,rule3-charge,"cloudy, stop raising until clouds clear",0.0,-0.2,-0.2,400.0,400.0,34.0,93,25.1,no
2026-08-16 23:17:59,rule3-charge,"cloudy, stop raising until clouds clear",0.0,-0.2,-0.2,400.0,400.0,34.0,93,25.1,no
2026-08-16 23:18:09,rule3-charge,"cloudy, stop raising until clouds clear",0.0,-0.1,-0.2,400.0,400.0,34.0,93,25.1,no
2026-08-16 23:18:19,rule3-charge,"cloudy, stop raising until clouds clear",0.0,-0.2,-0.2,400.0,400.0,34.0,93,25.1,no
2026-08-16 23:18:30,rule3-charge,"cloudy, stop raising until clouds clear",0.0,-0.2,-0.2,400.0,400.0,34.0,93,25.1,no
2026-08-16 23:18:40,rule3-charge,"cloudy, stop raising until clouds clear",0.0,-0.2,-0.2,400.0,400.0,34.0,93,25.1,no
2026-08-16 23:18:50,rule3-charge,"cloudy, stop raising until clouds clear",0.0,-0.2,-0.2,400.0,400.0,34.0,93,25.1,no
2026-08-16 23:19:00,rule3-charge,"cloudy, stop raising until clouds clear",0.0,-0.2,-0.2,400.0,400.0,34.0,93,25.1,no
2026-08-16 23:19:11,rule3-charge,"cloudy, stop raising until clouds clear",0.0,-0.2,-0.2,400.0,400.0,34.0,93,25.1,no
2026-08-16 23:19:21,rule3-charge,"cloudy, stop raising until clouds clear",0.0,-0.2,-0.2,400.0,400.0,34.0,93,25.1,no
2026-08-16 23:19:31,rule3-charge,"cloudy, stop raising until clouds clear",0.0,-0.2,-0.2,400.0,400.0,34.0,93,25.1,no
2026-08-16 23:19:42,rule3-charge,"cloudy, stop raising until clouds clear",0.0,-0.2,-0.2,400.0,400.0,34.0,93,25.1,no
2026-08-16 23:19:52,rule3-charge,"cloudy, stop raising until clouds clear",0.0,-0.2,-0.2,400.0,400.0,34.0,93,25.1,no
2026-08-16 23:20:02,rule3-charge,"charging until 95%, waiting for ESS data",0.0,-0.2,,400.0,400.0,34.0,93,25.1,no
2026-08-16 23:20:13,rule3-charge,"charging until 95%, waiting for ESS data",0.0,-0.2,,400.0,400.0,34.0,93,25.1,no
2026-08-16 23:20:23,rule3-charge,"cloudy, stop raising until clouds clear",0.0,-0.2,-0.2,400.0,400.0,34.0,93,25.1,no
2026-08-16 23:20:33,rule3-charge,"cloudy, stop raising until clouds clear",0.0,-0.2,-0.2,400.0,400.0,34.0,93,25.1,no
2026-08-16 23:20:44,rule3-charge,"cloudy, stop raising until clouds clear",0.0,-0.2,-0.2,400.0,400.0,34.0,93,25.1,no
2026-08-16 23:20:54,rule3-charge,"cloudy, stop raising until clouds clear",0.0,-0.2,-0.2,400.0,400.0,34.0,93,25.1,no
2026-08-16 23:21:04,rule3-charge,"cloudy, stop raising until clouds clear",0.0,-0.2,-0.2,400.0,400.0,34.0,93,25.1,no
2026-08-16 23:21:15,rule3-charge,"cloudy, stop raising until clouds clear",0.0,-0.2,-0.2,400.0,400.0,34.0,93,25.1,no
2026-08-16 23:21:25,rule3-charge,"cloudy, stop raising until clouds clear",0.0,-0.2,-0.2,400.0,400.0,34.0,93,25.1,no
2026-08-16 23:21:35,rule3-charge,"cloudy, stop raising until clouds clear",0.0,-0.2,-0.2,400.0,400.0,34.0,93,25.1,no
2026-08-16 23:21:46,rule3-charge,"cloudy, stop raising until clouds clear",0.0,-0.2,-0.2,400.0,400.0,34.0,93,25.1,no
2026-08-16 23:21:56,rule3-charge,"cloudy, stop raising until clouds clear",0.0,-0.2,-0.2,400.0,400.0,34.0,93,25.1,no
2026-08-16 23:22:06,rule3-charge,"cloudy, stop raising until clouds clear",0.0,-0.2,-0.2,400.0,400.0,34.0,93,25.1,no
2026-08-16 23:22:17,rule3-charge,"cloudy, stop raising until clouds clear",0.0,-0.1,-0.2,400.0,400.0,34.0,93,25.1,no
2026-08-16 23:22:27,rule3-charge,"cloudy, stop raising until clouds clear",0.0,-0.2,-0.2,400.0,400.0,34.0,93,25.1,no
2026-08-16 23:22:37,rule3-charge,"cloudy, stop raising until clouds clear",0.0,-0.2,-0.2,400.0,400.0,34.0,93,25.1,no
2026-08-16 23:22:48,rule3-charge,"cloudy, stop raising until clouds clear",0.0,-0.2,-0.2,400.0,400.0,34.0,93,25.1,no
2026-08-16 23:22:58,rule3-charge,"cloudy, stop raising until clouds clear",0.0,-0.2,-0.2,400.0,400.0,34.0,93,25.1,no
2026-08-16 23:23:08,rule3-charge,"cloudy, stop raising until clouds clear",0.0,-0.1,-0.2,400.0,400.0,34.0,93,25.1,no
2026-08-16 23:23:19,rule3-charge,"cloudy, stop raising until clouds clear",0.0,-0.2,-0.2,400.0,400.0,34.0,93,25.1,no
2026-08-16 23:23:29,rule3-charge,"cloudy, stop raising until clouds clear",0.0,-0.2,-0.2,400.0,400.0,34.0,93,25.1,no
2026-08-16 23:23:39,rule3-charge,"cloudy, stop raising until clouds clear",0.0,-0.2,-0.2,400.0,400.0,34.0,93,25.1,no
2026-08-16 23:23:50,rule3-charge,"cloudy, stop raising until clouds clear",0.0,-0.2,-0.2,400.0,400.0,34.0,93,25.1,no
2026-08-16 23:24:00,rule3-charge,"cloudy, stop raising until clouds clear",0.0,-0.2,-0.2,400.0,400.0,34.0,93,25.1,no
2026-08-16 23:24:10,rule3-charge,"cloudy, stop raising until clouds clear",0.0,-0.2,-0.2,400.0,400.0,34.0,93,25.1,no
2026-08-16 23:24:21,rule3-charge,"cloudy, stop raising until clouds clear",0.0,-0.2,-0.2,400.0,400.0,34.0,93,25.1,no
2026-08-16 23:24:31,rule3-charge,"cloudy, stop raising until clouds clear",0.0,-0.2,-0.2,400.0,400.0,34.0,93,25.1,no
2026-08-16 23:24:41,rule3-charge,"cloudy, stop raising until clouds clear",0.0,-0.2,-0.2,400.0,400.0,34.0,93,25.1,no
2026-08-16 23:24:52,rule3-charge,"cloudy, stop raising until clouds clear",0.0,-0.2,-0.2,400.0,400.0,34.0,93,25.1,no
2026-08-16 23:25:02,rule3-charge,"cloudy, stop raising until clouds clear",0.0,-0.2,-0.2,400.0,400.0,34.0,93,25.1,no
2026-08-16 23:25:12,rule3-charge,"cloudy, stop raising until clouds clear",0.0,-0.2,-0.2,400.0,400.0,34.0,93,25.1,no
2026-08-16 23:25:23,rule3-charge,"cloudy, stop raising until clouds clear",0.0,-0.2,-0.2,400.0,400.0,34.0,93,25.1,no
2026-08-16 23:25:33,rule3-charge,"cloudy, stop raising until clouds clear",0.0,-0.2,-0.2,400.0,400.0,34.0,93,25.0,no
2026-08-16 23:25:43,rule3-charge,"cloudy, stop raising until clouds clear",0.0,-0.2,-0.2,400.0,400.0,34.0,93,25.0,no
2026-08-16 23:25:54,rule3-charge,"cloudy, stop raising until clouds clear",0.0,-0.2,-0.2,400.0,400.0,34.0,93,25.0,no
2026-08-16 23:26:04,rule3-charge,"cloudy, stop raising until clouds clear",0.0,-0.2,-0.2,400.0,400.0,34.0,93,25.0,no
2026-08-16 23:26:14,rule3-charge,"cloudy, stop raising until clouds clear",0.0,-0.2,-0.2,400.0,400.0,34.0,93,25.0,no
2026-08-16 23:26:25,rule3-charge,"cloudy, stop raising until clouds clear",0.0,-0.2,-0.2,400.0,400.0,34.0,93,25.0,no
2026-08-16 23:26:35,rule3-charge,"cloudy, stop raising until clouds clear",0.0,-0.2,-0.2,400.0,400.0,34.0,93,25.0,no
2026-08-16 23:26:45,rule3-charge,"cloudy, stop raising until clouds clear",0.0,-0.1,-0.2,400.0,400.0,34.0,93,25.0,no
2026-08-16 23:26:56,rule3-charge,"cloudy, stop raising until clouds clear",0.0,-0.2,-0.2,400.0,400.0,34.0,93,25.0,no
2026-08-16 23:27:06,rule3-charge,"cloudy, stop raising until clouds clear",0.0,-0.2,-0.2,400.0,400.0,34.0,93,25.0,no
2026-08-16 23:27:17,rule3-charge,"cloudy, stop raising until clouds clear",0.0,-0.2,-0.2,400.0,400.0,34.0,93,25.0,no
2026-08-16 23:27:27,rule3-charge,"cloudy, stop raising until clouds clear",0.0,-0.2,-0.2,400.0,400.0,34.0,93,25.0,no
2026-08-16 23:27:37,rule3-charge,"cloudy, stop raising until clouds clear",0.0,-0.2,-0.2,400.0,400.0,34.0,93,25.0,no
2026-08-16 23:27:48,rule3-charge,"cloudy, stop raising until clouds clear",0.0,-0.2,-0.2,400.0,400.0,34.0,93,25.0,no
2026-08-16 23:27:58,rule3-charge,"cloudy, stop raising until clouds clear",0.0,-0.2,-0.2,400.0,400.0,34.0,93,25.0,no
2026-08-16 23:28:08,rule3-charge,"cloudy, stop raising until clouds clear",0.0,-0.2,-0.2,400.0,400.0,34.0,93,25.0,no
2026-08-16 23:28:18,rule3-charge,"cloudy, stop raising until clouds clear",0.0,-0.2,-0.2,400.0,400.0,34.0,93,25.0,no
2026-08-16 23:28:29,rule3-charge,"cloudy, stop raising until clouds clear",0.0,-0.2,-0.2,400.0,400.0,34.0,93,25.0,no
2026-08-16 23:28:39,rule3-charge,"cloudy, stop raising until clouds clear",0.0,-0.2,-0.2,400.0,400.0,34.0,93,25.0,no
2026-08-16 23:28:49,rule3-charge,"cloudy, stop raising until clouds clear",0.0,-0.2,-0.2,400.0,400.0,34.0,93,25.0,no
2026-08-16 23:29:00,rule3-charge,"cloudy, stop raising until clouds clear",0.0,-0.2,-0.2,400.0,400.0,34.0,93,25.0,no
2026-08-16 23:29:10,rule3-charge,"cloudy, stop raising until clouds clear",0.0,-0.1,-0.2,400.0,400.0,34.0,93,25.0,no
2026-08-16 23:29:20,rule3-charge,"cloudy, stop raising until clouds clear",0.0,-0.2,-0.2,400.0,400.0,34.0,93,25.0,no
2026-08-16 23:29:31,rule3-charge,"cloudy, stop raising until clouds clear",0.0,-0.2,-0.2,400.0,400.0,34.0,93,25.0,no
2026-08-16 23:29:41,rule3-charge,"cloudy, stop raising until clouds clear",0.0,-0.2,-0.2,400.0,400.0,34.0,93,25.0,no
2026-08-16 23:29:51,rule3-charge,"cloudy, stop raising until clouds clear",0.0,-0.2,-0.2,400.0,400.0,34.0,93,25.0,no
2026-08-16 23:30:02,rule3-charge,"cloudy, stop raising until clouds clear",0.0,-0.2,-0.2,400.0,400.0,34.0,93,25.0,no
2026-08-16 23:30:12,rule3-charge,"cloudy, stop raising until clouds clear",0.0,-0.2,-0.2,400.0,400.0,34.0,93,25.0,no
2026-08-16 23:30:22,rule3-charge,"cloudy, stop raising until clouds clear",0.0,-0.2,-0.2,400.0,400.0,34.0,93,25.0,no
2026-08-16 23:30:33,rule3-charge,"cloudy, stop raising until clouds clear",0.0,-0.2,-0.2,400.0,400.0,34.0,93,25.0,no
2026-08-16 23:30:43,rule3-charge,"cloudy, stop raising until clouds clear",0.0,-0.2,-0.2,400.0,400.0,34.0,93,25.0,no
2026-08-16 23:30:53,rule3-charge,"cloudy, stop raising until clouds clear",0.0,-0.2,-0.2,400.0,400.0,34.0,93,25.0,no
2026-08-16 23:31:04,rule3-charge,"cloudy, stop raising until clouds clear",0.0,-0.1,-0.2,400.0,400.0,34.0,93,25.0,no
2026-08-16 23:31:14,rule3-charge,"cloudy, stop raising until clouds clear",0.0,-0.2,-0.2,400.0,400.0,34.0,93,25.0,no
2026-08-16 23:31:24,rule3-charge,"cloudy, stop raising until clouds clear",0.0,-0.2,-0.2,400.0,400.0,34.0,93,25.0,no
2026-08-16 23:31:35,rule3-charge,"cloudy, stop raising until clouds clear",0.0,-0.1,-0.2,400.0,400.0,34.0,93,25.0,no
2026-08-16 23:31:45,rule3-charge,"cloudy, stop raising until clouds clear",0.0,-0.2,-0.2,400.0,400.0,34.0,93,25.0,no
2026-08-16 23:31:55,rule3-charge,"cloudy, stop raising until clouds clear",0.0,-0.1,-0.2,400.0,400.0,34.0,93,25.0,no
2026-08-16 23:32:06,rule3-charge,"cloudy, stop raising until clouds clear",0.0,-0.2,-0.2,400.0,400.0,34.0,93,25.0,no
2026-08-16 23:32:16,rule3-charge,"cloudy, stop raising until clouds clear",0.0,-0.2,-0.2,400.0,400.0,34.0,93,25.0,no
2026-08-16 23:32:26,rule3-charge,"cloudy, stop raising until clouds clear",0.0,-0.2,-0.2,400.0,400.0,34.0,93,25.0,no
2026-08-16 23:32:37,rule3-charge,"cloudy, stop raising until clouds clear",0.0,-0.2,-0.2,400.0,400.0,34.0,93,25.0,no
2026-08-16 23:32:47,rule3-charge,"cloudy, stop raising until clouds clear",0.0,-0.2,-0.2,400.0,400.0,34.0,93,25.0,no
2026-08-16 23:32:57,rule3-charge,"charging until 95%, waiting for ESS data",0.0,-0.2,,400.0,400.0,34.0,93,25.0,no
2026-08-16 23:33:08,rule3-charge,"charging until 95%, waiting for ESS data",0.0,-0.2,,400.0,400.0,34.0,93,25.0,no
2026-08-16 23:33:18,rule3-charge,"cloudy, stop raising until clouds clear",0.0,-0.2,-0.2,400.0,400.0,34.0,93,25.0,no
2026-08-16 23:33:28,rule3-charge,"cloudy, stop raising until clouds clear",0.0,-0.2,-0.2,400.0,400.0,34.0,93,25.0,no
2026-08-16 23:33:39,rule3-charge,"cloudy, stop raising until clouds clear",0.0,-0.2,-0.2,400.0,400.0,34.0,93,25.0,no
2026-08-16 23:33:49,rule3-charge,"cloudy, stop raising until clouds clear",0.0,-0.2,-0.2,400.0,400.0,34.0,93,25.0,no
2026-08-16 23:33:59,rule3-charge,"cloudy, stop raising until clouds clear",0.0,-0.2,-0.2,400.0,400.0,34.0,93,25.0,no
2026-08-16 23:34:10,rule3-charge,"cloudy, stop raising until clouds clear",0.0,-0.2,-0.2,400.0,400.0,34.0,93,25.0,no
2026-08-16 23:34:20,rule3-charge,"cloudy, stop raising until clouds clear",0.0,-0.2,-0.2,400.0,400.0,34.0,93,25.0,no
2026-08-16 23:34:30,rule3-charge,"cloudy, stop raising until clouds clear",0.0,-0.1,-0.2,400.0,400.0,34.0,93,25.0,no
2026-08-16 23:34:41,rule3-charge,"cloudy, stop raising until clouds clear",0.0,-0.2,-0.2,400.0,400.0,34.0,93,25.0,no
2026-08-16 23:34:51,rule3-charge,"cloudy, stop raising until clouds clear",0.0,-0.2,-0.2,400.0,400.0,34.0,93,25.0,no
2026-08-16 23:35:01,rule3-charge,"cloudy, stop raising until clouds clear",0.0,-0.2,-0.2,400.0,400.0,34.0,93,25.0,no
2026-08-16 23:35:12,rule3-charge,"cloudy, stop raising until clouds clear",0.0,-0.1,-0.2,400.0,400.0,34.0,93,25.0,no
2026-08-16 23:35:22,rule3-charge,"cloudy, stop raising until clouds clear",0.0,-0.2,-0.2,400.0,400.0,34.0,93,25.0,no
2026-08-16 23:35:32,rule3-charge,"cloudy, stop raising until clouds clear",0.0,-0.1,-0.2,400.0,400.0,34.0,93,25.0,no
2026-08-16 23:35:43,rule3-charge,"cloudy, stop raising until clouds clear",0.0,-0.2,-0.2,400.0,400.0,34.0,93,25.0,no
2026-08-16 23:35:53,rule3-charge,"cloudy, stop raising until clouds clear",0.0,-0.2,-0.2,400.0,400.0,34.0,93,25.0,no
2026-08-16 23:36:03,rule3-charge,"cloudy, stop raising until clouds clear",0.0,-0.2,-0.2,400.0,400.0,34.0,93,25.0,no
2026-08-16 23:36:14,rule3-charge,"cloudy, stop raising until clouds clear",0.0,-0.2,-0.2,400.0,400.0,34.0,93,25.0,no
2026-08-16 23:36:24,rule3-charge,"cloudy, stop raising until clouds clear",0.0,-0.2,-0.2,400.0,400.0,34.0,93,25.0,no
2026-08-16 23:36:34,rule3-charge,"cloudy, stop raising until clouds clear",0.0,-0.2,-0.2,400.0,400.0,34.0,93,25.0,no
2026-08-16 23:36:45,rule3-charge,"cloudy, stop raising until clouds clear",0.0,-0.2,-0.2,400.0,400.0,34.0,93,25.0,no
2026-08-16 23:36:55,rule3-charge,"cloudy, stop raising until clouds clear",0.0,-0.2,-0.2,400.0,400.0,34.0,93,25.0,no
2026-08-16 23:37:05,rule3-charge,"cloudy, stop raising until clouds clear",0.0,-0.2,-0.2,400.0,400.0,34.0,93,25.0,no
2026-08-16 23:37:16,rule3-charge,"cloudy, stop raising until clouds clear",0.0,-0.1,-0.2,400.0,400.0,34.0,93,25.0,no
2026-08-16 23:37:26,rule3-charge,"cloudy, stop raising until clouds clear",0.0,-0.2,-0.2,400.0,400.0,34.0,93,25.0,no
2026-08-16 23:37:36,rule3-charge,"cloudy, stop raising until clouds clear",0.0,-0.2,-0.2,400.0,400.0,34.0,93,25.0,no
2026-08-16 23:37:47,rule3-charge,"cloudy, stop raising until clouds clear",0.0,-0.2,-0.2,400.0,400.0,33.7,82,25.0,no
2026-08-16 23:37:58,rule3-charge,"cloudy, stop raising until clouds clear",0.0,-0.2,-0.2,400.0,400.0,33.7,82,25.0,no
2026-08-16 23:38:08,rule3-charge,"cloudy, stop raising until clouds clear",0.0,-0.2,-0.2,400.0,400.0,33.7,82,25.0,no
2026-08-16 23:38:18,rule3-charge,"cloudy, stop raising until clouds clear",0.0,-0.2,-0.2,400.0,400.0,33.7,82,25.0,no
2026-08-16 23:38:28,rule3-charge,"cloudy, stop raising until clouds clear",0.0,-0.2,-0.2,400.0,400.0,33.7,82,25.0,no
2026-08-16 23:38:38,rule3-charge,"cloudy, stop raising until clouds clear",0.0,-0.2,-0.2,400.0,400.0,33.7,82,25.0,no
2026-08-16 23:38:49,rule3-charge,"cloudy, stop raising until clouds clear",0.0,-0.2,-0.2,400.0,400.0,33.7,82,25.0,no
2026-08-16 23:38:59,rule3-charge,"cloudy, stop raising until clouds clear",0.0,-0.2,-0.2,400.0,400.0,33.7,82,25.0,no
2026-08-16 23:39:09,rule3-charge,"cloudy, stop raising until clouds clear",0.0,-0.2,-0.2,400.0,400.0,33.7,82,25.0,no
2026-08-16 23:39:20,rule3-charge,"cloudy, stop raising until clouds clear",0.0,-0.2,-0.2,400.0,400.0,33.7,82,25.0,no
2026-08-16 23:39:30,rule3-charge,"cloudy, stop raising until clouds clear",0.0,-0.2,-0.2,400.0,400.0,33.7,82,25.0,no
2026-08-16 23:39:40,rule3-charge,"cloudy, stop raising until clouds clear",0.0,-0.2,-0.2,400.0,400.0,33.7,82,25.0,no
2026-08-16 23:39:51,rule3-charge,"cloudy, stop raising until clouds clear",0.0,-0.2,-0.2,400.0,400.0,33.7,82,25.0,no
2026-08-16 23:40:01,rule3-charge,"cloudy, stop raising until clouds clear",0.0,-0.2,-0.2,400.0,400.0,33.7,82,25.0,no
2026-08-16 23:40:11,rule3-charge,"cloudy, stop raising until clouds clear",0.0,-0.2,-0.2,400.0,400.0,33.7,82,25.0,no
2026-08-16 23:40:22,rule3-charge,"cloudy, stop raising until clouds clear",0.0,-0.2,-0.2,400.0,400.0,33.7,82,25.0,no
2026-08-16 23:40:32,rule3-charge,"cloudy, stop raising until clouds clear",0.0,-0.2,-0.2,400.0,400.0,33.7,82,25.0,no
2026-08-16 23:40:42,rule3-charge,"cloudy, stop raising until clouds clear",0.0,-0.2,-0.2,400.0,400.0,33.7,82,25.0,no
2026-08-16 23:40:53,rule3-charge,"cloudy, stop raising until clouds clear",0.0,-0.2,-0.2,400.0,400.0,33.7,82,25.0,no
2026-08-16 23:41:03,rule3-charge,"cloudy, stop raising until clouds clear",0.0,-0.2,-0.2,400.0,400.0,33.7,82,25.0,no
2026-08-16 23:41:13,rule3-charge,"cloudy, stop raising until clouds clear",0.0,-0.2,-0.2,400.0,400.0,33.7,82,25.0,no
2026-08-16 23:41:24,rule3-charge,"cloudy, stop raising until clouds clear",0.0,-0.1,-0.2,400.0,400.0,33.7,82,25.0,no
2026-08-16 23:41:34,rule3-charge,"cloudy, stop raising until clouds clear",0.0,-0.2,-0.2,400.0,400.0,33.7,82,25.0,no
2026-08-16 23:41:44,rule3-charge,"cloudy, stop raising until clouds clear",0.0,-0.2,-0.2,400.0,400.0,33.7,82,25.0,no
2026-08-16 23:41:55,rule3-charge,"cloudy, stop raising until clouds clear",0.0,-0.1,-0.2,400.0,400.0,33.7,82,25.0,no
2026-08-16 23:42:05,rule3-charge,"cloudy, stop raising until clouds clear",0.0,-0.2,-0.2,400.0,400.0,33.7,82,25.0,no
2026-08-16 23:42:15,rule3-charge,"cloudy, stop raising until clouds clear",0.0,-0.1,-0.2,400.0,400.0,33.7,82,25.0,no
2026-08-16 23:42:26,rule3-charge,"cloudy, stop raising until clouds clear",0.0,-0.1,-0.2,400.0,400.0,33.7,82,25.0,no
2026-08-16 23:42:36,rule3-charge,"cloudy, stop raising until clouds clear",0.0,-0.2,-0.2,400.0,400.0,33.7,82,25.0,no
2026-08-16 23:42:46,rule3-charge,"cloudy, stop raising until clouds clear",0.0,-0.2,-0.2,400.0,400.0,33.7,82,25.0,no
2026-08-16 23:42:57,rule3-charge,"cloudy, stop raising until clouds clear",0.0,-0.2,-0.2,400.0,400.0,33.7,82,25.0,no
2026-08-16 23:43:07,rule3-charge,"cloudy, stop raising until clouds clear",0.0,-0.2,-0.2,400.0,400.0,33.7,82,25.0,no
2026-08-16 23:43:17,rule3-charge,"cloudy, stop raising until clouds clear",0.0,-0.2,-0.2,400.0,400.0,33.7,82,25.0,no
2026-08-16 23:43:28,rule3-charge,"cloudy, stop raising until clouds clear",0.0,-0.2,-0.2,400.0,400.0,33.7,82,25.0,no
2026-08-16 23:43:38,rule3-charge,"cloudy, stop raising until clouds clear",0.0,-0.2,-0.2,400.0,400.0,33.7,82,25.0,no
2026-08-16 23:43:48,rule3-charge,"cloudy, stop raising until clouds clear",0.0,-0.2,-0.2,400.0,400.0,33.7,82,25.0,no
2026-08-16 23:43:59,rule3-charge,"cloudy, stop raising until clouds clear",0.0,-0.1,-0.2,400.0,400.0,33.7,82,25.0,no
2026-08-16 23:44:09,rule3-charge,"cloudy, stop raising until clouds clear",0.0,-0.2,-0.2,400.0,400.0,33.7,82,25.0,no
2026-08-16 23:44:19,rule3-charge,"cloudy, stop raising until clouds clear",0.0,-0.1,-0.2,400.0,400.0,33.7,82,25.0,no
2026-08-16 23:44:30,rule3-charge,"cloudy, stop raising until clouds clear",0.0,-0.2,-0.2,400.0,400.0,33.7,82,25.0,no
2026-08-16 23:44:40,rule3-charge,"cloudy, stop raising until clouds clear",0.0,-0.2,-0.2,400.0,400.0,33.7,82,25.0,no
2026-08-16 23:44:50,rule3-charge,"cloudy, stop raising until clouds clear",0.0,-0.2,-0.2,400.0,400.0,33.7,82,25.0,no
2026-08-16 23:45:01,rule3-charge,"cloudy, stop raising until clouds clear",0.0,-0.2,-0.2,400.0,400.0,33.7,82,25.0,no
2026-08-16 23:45:11,rule3-charge,"cloudy, stop raising until clouds clear",0.0,-0.2,-0.2,400.0,400.0,33.7,82,25.0,no
2026-08-16 23:45:21,rule3-charge,"cloudy, stop raising until clouds clear",0.0,-0.2,-0.2,400.0,400.0,33.7,82,25.0,no
2026-08-16 23:45:32,rule3-charge,"cloudy, stop raising until clouds clear",0.0,-0.2,-0.2,400.0,400.0,33.7,82,25.0,no
2026-08-16 23:45:42,rule3-charge,"cloudy, stop raising until clouds clear",0.0,-0.2,-0.2,400.0,400.0,33.7,82,25.0,no
2026-08-16 23:45:52,rule3-charge,"cloudy, stop raising until clouds clear",0.0,-0.1,-0.2,400.0,400.0,33.7,82,25.0,no
2026-08-16 23:46:03,rule3-charge,"charging until 95%, waiting for ESS data",0.0,-0.2,,400.0,400.0,33.7,82,25.0,no
2026-08-16 23:46:13,rule3-charge,"charging until 95%, waiting for ESS data",0.0,-0.1,,400.0,400.0,33.7,82,25.0,no
2026-08-16 23:46:23,rule3-charge,"cloudy, stop raising until clouds clear",0.0,-0.2,-0.2,400.0,400.0,33.7,82,25.0,no
2026-08-16 23:46:34,rule3-charge,"cloudy, stop raising until clouds clear",0.0,-0.2,-0.2,400.0,400.0,33.7,82,25.0,no
2026-08-16 23:46:44,rule3-charge,"cloudy, stop raising until clouds clear",0.0,-0.2,-0.2,400.0,400.0,33.7,82,25.0,no
2026-08-16 23:46:54,rule3-charge,"cloudy, stop raising until clouds clear",0.0,-0.2,-0.2,400.0,400.0,33.7,82,25.0,no
2026-08-16 23:47:05,rule3-charge,"cloudy, stop raising until clouds clear",0.0,-0.2,-0.2,400.0,400.0,33.7,82,25.0,no
2026-08-16 23:47:15,rule3-charge,"cloudy, stop raising until clouds clear",0.0,-0.2,-0.2,400.0,400.0,33.7,82,25.0,no
2026-08-16 23:47:25,rule3-charge,"cloudy, stop raising until clouds clear",0.0,-0.2,-0.2,400.0,400.0,33.7,82,25.0,no
2026-08-16 23:47:36,rule3-charge,"cloudy, stop raising until clouds clear",0.0,-0.2,-0.2,400.0,400.0,33.7,82,25.0,no
2026-08-16 23:47:46,rule3-charge,"cloudy, stop raising until clouds clear",0.0,-0.2,-0.2,400.0,400.0,33.7,82,25.0,no
2026-08-16 23:47:56,rule3-charge,"cloudy, stop raising until clouds clear",0.0,-0.2,-0.2,400.0,400.0,33.4,70,25.0,no
2026-08-16 23:48:18,rule3-charge,"cloudy, stop raising until clouds clear",0.0,-0.2,-0.2,400.0,400.0,33.4,70,25.0,no
2026-08-16 23:48:28,rule3-charge,"cloudy, stop raising until clouds clear",0.0,-0.2,-0.2,400.0,400.0,33.4,70,25.0,no
2026-08-16 23:48:38,rule3-charge,"cloudy, stop raising until clouds clear",0.0,-0.2,-0.2,400.0,400.0,33.4,70,25.0,no
2026-08-16 23:48:48,rule3-charge,"cloudy, stop raising until clouds clear",0.0,-0.2,-0.2,400.0,400.0,33.4,70,25.0,no
2026-08-16 23:48:58,rule3-charge,"cloudy, stop raising until clouds clear",0.0,-0.2,-0.2,400.0,400.0,33.4,70,25.0,no
2026-08-16 23:49:09,rule3-charge,"cloudy, stop raising until clouds clear",0.0,-0.2,-0.2,400.0,400.0,33.4,70,25.0,no
2026-08-16 23:49:19,rule3-charge,"cloudy, stop raising until clouds clear",0.0,-0.2,-0.2,400.0,400.0,33.4,70,25.0,no
2026-08-16 23:49:29,rule3-charge,"cloudy, stop raising until clouds clear",0.0,-0.2,-0.2,400.0,400.0,33.4,70,25.0,no
2026-08-16 23:49:40,rule3-charge,"cloudy, stop raising until clouds clear",0.0,-0.2,-0.2,400.0,400.0,33.4,70,24.9,no
2026-08-16 23:49:50,rule3-charge,"cloudy, stop raising until clouds clear",0.0,-0.2,-0.2,400.0,400.0,33.4,70,24.9,no
2026-08-16 23:50:00,rule3-charge,"cloudy, stop raising until clouds clear",0.0,-0.2,-0.2,400.0,400.0,33.4,70,24.9,no
2026-08-16 23:50:11,rule3-charge,"cloudy, stop raising until clouds clear",0.0,-0.2,-0.2,400.0,400.0,33.4,70,24.9,no
2026-08-16 23:50:21,rule3-charge,"cloudy, stop raising until clouds clear",0.0,-0.2,-0.2,400.0,400.0,33.4,70,24.9,no
2026-08-16 23:50:31,rule3-charge,"cloudy, stop raising until clouds clear",0.0,-0.2,-0.2,400.0,400.0,33.4,70,24.9,no
2026-08-16 23:50:42,rule3-charge,"cloudy, stop raising until clouds clear",0.0,-0.1,-0.2,400.0,400.0,33.4,70,24.9,no
2026-08-16 23:50:52,rule3-charge,"cloudy, stop raising until clouds clear",0.0,-0.2,-0.2,400.0,400.0,33.4,70,24.9,no
2026-08-16 23:51:02,rule3-charge,"cloudy, stop raising until clouds clear",0.0,-0.2,-0.2,400.0,400.0,33.4,70,24.9,no
2026-08-16 23:51:13,rule3-charge,"cloudy, stop raising until clouds clear",0.0,-0.2,-0.2,400.0,400.0,33.4,70,24.9,no
2026-08-16 23:51:23,rule3-charge,"cloudy, stop raising until clouds clear",0.0,-0.2,-0.2,400.0,400.0,33.4,70,24.9,no
2026-08-16 23:51:33,rule3-charge,"cloudy, stop raising until clouds clear",0.0,-0.2,-0.2,400.0,400.0,33.4,70,24.9,no
2026-08-16 23:51:44,rule3-charge,"cloudy, stop raising until clouds clear",0.0,-0.2,-0.2,400.0,400.0,33.4,70,24.9,no
2026-08-16 23:51:54,rule3-charge,"cloudy, stop raising until clouds clear",0.0,-0.2,-0.2,400.0,400.0,33.4,70,24.9,no
2026-08-16 23:52:04,rule3-charge,"cloudy, stop raising until clouds clear",0.0,-0.2,-0.2,400.0,400.0,33.4,70,24.9,no
2026-08-16 23:52:15,rule3-charge,"cloudy, stop raising until clouds clear",0.0,-0.2,-0.2,400.0,400.0,33.4,70,24.9,no
2026-08-16 23:52:25,rule3-charge,"cloudy, stop raising until clouds clear",0.0,-0.2,-0.2,400.0,400.0,33.4,70,24.9,no
2026-08-16 23:52:35,rule3-charge,"cloudy, stop raising until clouds clear",0.0,-0.2,-0.2,400.0,400.0,33.4,70,24.9,no
2026-08-16 23:52:46,rule3-charge,"cloudy, stop raising until clouds clear",0.0,-0.2,-0.2,400.0,400.0,33.4,70,24.9,no
2026-08-16 23:52:56,rule3-charge,"cloudy, stop raising until clouds clear",0.0,-0.2,-0.2,400.0,400.0,33.4,70,24.9,no
2026-08-16 23:53:06,rule3-charge,"cloudy, stop raising until clouds clear",0.0,-0.2,-0.2,400.0,400.0,33.4,70,24.9,no
2026-08-16 23:53:17,rule3-charge,"cloudy, stop raising until clouds clear",0.0,-0.2,-0.2,400.0,400.0,33.4,70,24.9,no
2026-08-16 23:53:27,rule3-charge,"cloudy, stop raising until clouds clear",0.0,-0.2,-0.2,400.0,400.0,33.4,70,24.9,no
2026-08-16 23:53:37,rule3-charge,"cloudy, stop raising until clouds clear",0.0,-0.2,-0.2,400.0,400.0,33.4,70,24.9,no
2026-08-16 23:53:48,rule3-charge,"cloudy, stop raising until clouds clear",0.0,-0.2,-0.2,400.0,400.0,33.4,70,24.9,no
2026-08-16 23:53:58,rule3-charge,"cloudy, stop raising until clouds clear",0.0,-0.2,-0.2,400.0,400.0,33.4,70,24.9,no
2026-08-16 23:54:08,rule3-charge,"cloudy, stop raising until clouds clear",0.0,-0.2,-0.2,400.0,400.0,33.4,70,24.9,no
2026-08-16 23:54:18,rule3-charge,"cloudy, stop raising until clouds clear",0.0,-0.2,-0.2,400.0,400.0,33.4,70,24.9,no
2026-08-16 23:54:28,rule3-charge,"cloudy, stop raising until clouds clear",0.0,-0.2,-0.2,400.0,400.0,33.4,70,24.9,no
2026-08-16 23:54:38,rule3-charge,"cloudy, stop raising until clouds clear",0.0,-0.2,-0.2,400.0,400.0,33.4,70,24.9,no
2026-08-16 23:54:48,rule3-charge,"cloudy, stop raising until clouds clear",0.0,-0.2,-0.2,400.0,400.0,33.4,70,24.9,no
2026-08-16 23:54:59,rule3-charge,"cloudy, stop raising until clouds clear",0.0,-0.2,-0.2,400.0,400.0,33.4,70,24.9,no
2026-08-16 23:55:09,rule3-charge,"cloudy, stop raising until clouds clear",0.0,-0.2,-0.2,400.0,400.0,33.4,70,24.9,no
2026-08-16 23:55:20,rule3-charge,"cloudy, stop raising until clouds clear",0.0,-0.2,-0.2,400.0,400.0,33.4,70,24.9,no
2026-08-16 23:55:30,rule3-charge,"cloudy, stop raising until clouds clear",0.0,-0.2,-0.2,400.0,400.0,33.4,70,24.9,no
2026-08-16 23:55:40,rule3-charge,"cloudy, stop raising until clouds clear",0.0,-0.2,-0.2,400.0,400.0,33.4,70,24.9,no
2026-08-16 23:55:50,rule3-charge,"cloudy, stop raising until clouds clear",0.0,-0.2,-0.2,400.0,400.0,33.4,70,24.9,no
2026-08-16 23:56:00,rule3-charge,"cloudy, stop raising until clouds clear",0.0,-0.2,-0.2,400.0,400.0,33.4,70,24.9,no
2026-08-16 23:56:10,rule3-charge,"cloudy, stop raising until clouds clear",0.0,-0.2,-0.2,400.0,400.0,33.4,70,24.9,no
2026-08-16 23:56:21,rule3-charge,"cloudy, stop raising until clouds clear",0.0,-0.2,-0.2,400.0,400.0,33.4,70,24.9,no
2026-08-16 23:56:31,rule3-charge,"cloudy, stop raising until clouds clear",0.0,-0.1,-0.2,400.0,400.0,33.4,70,24.9,no
2026-08-16 23:56:42,rule3-charge,"cloudy, stop raising until clouds clear",0.0,-0.2,-0.2,400.0,400.0,33.4,70,24.9,no
2026-08-16 23:56:52,rule3-charge,"cloudy, stop raising until clouds clear",0.0,-0.1,-0.2,400.0,400.0,33.4,70,24.9,no
2026-08-16 23:57:02,rule3-charge,"cloudy, stop raising until clouds clear",0.0,-0.2,-0.2,400.0,400.0,33.4,70,24.9,no
2026-08-16 23:57:12,rule3-charge,"cloudy, stop raising until clouds clear",0.0,-0.2,-0.2,400.0,400.0,33.4,70,24.9,no
2026-08-16 23:57:23,rule3-charge,"cloudy, stop raising until clouds clear",0.0,-0.2,-0.2,400.0,400.0,33.4,70,24.9,no
2026-08-16 23:57:33,rule3-charge,"cloudy, stop raising until clouds clear",0.0,-0.2,-0.2,400.0,400.0,33.4,70,24.9,no
2026-08-16 23:57:43,rule3-charge,"cloudy, stop raising until clouds clear",0.0,-0.2,-0.2,400.0,400.0,33.4,70,24.9,no
2026-08-16 23:57:54,rule3-charge,"cloudy, stop raising until clouds clear",0.0,-0.2,-0.2,400.0,400.0,33.4,70,24.9,no
2026-08-16 23:58:04,rule3-charge,"cloudy, stop raising until clouds clear",0.0,-0.2,-0.2,400.0,400.0,33.4,70,24.9,no
2026-08-16 23:58:15,rule3-charge,"cloudy, stop raising until clouds clear",0.0,-0.2,-0.2,400.0,400.0,33.4,70,24.9,no
2026-08-16 23:58:25,rule3-charge,"cloudy, stop raising until clouds clear",0.0,-0.1,-0.2,400.0,400.0,33.4,70,24.9,no
2026-08-16 23:58:35,rule3-charge,"cloudy, stop raising until clouds clear",0.0,-0.1,-0.2,400.0,400.0,33.4,70,24.9,no
2026-08-16 23:58:45,rule3-charge,"cloudy, stop raising until clouds clear",0.0,-0.2,-0.2,400.0,400.0,33.4,70,24.9,no
2026-08-16 23:58:56,rule3-charge,"cloudy, stop raising until clouds clear",0.0,-0.2,-0.2,400.0,400.0,33.4,70,24.9,no
2026-08-16 23:59:06,rule3-charge,"charging until 95%, waiting for ESS data",0.0,-0.2,,400.0,400.0,33.4,70,24.9,no
2026-08-16 23:59:16,rule3-charge,"charging until 95%, waiting for ESS data",0.0,-0.2,,400.0,400.0,33.4,70,24.9,no
2026-08-16 23:59:27,rule3-charge,"cloudy, stop raising until clouds clear",0.0,-0.2,-0.2,400.0,400.0,33.4,70,24.9,no
2026-08-16 23:59:37,rule3-charge,"cloudy, stop raising until clouds clear",0.0,-0.2,-0.2,400.0,400.0,33.4,70,24.9,no
2026-08-16 23:59:47,rule3-charge,"cloudy, stop raising until clouds clear",0.0,-0.2,-0.2,400.0,400.0,33.4,70,24.9,no
2026-08-16 23:59:58,rule3-charge,"cloudy, stop raising until clouds clear",0.0,-0.2,-0.2,400.0,400.0,33.4,70,24.9,no
